benchmark,system,system_id,case,q_idx,case_id,method,correct
openrca,bank,openrca::bank,bank/task_1,0,openrca::bank|bank/task_1#0,alertcount,0.0
openrca,bank,openrca::bank,bank/task_1,0,openrca::bank|bank/task_1#0,baro,0.0
openrca,bank,openrca::bank,bank/task_1,0,openrca::bank|bank/task_1#0,cd1min,0.0
openrca,bank,openrca::bank,bank/task_1,0,openrca::bank|bank/task_1#0,z_family,0.0
openrca,bank,openrca::bank,bank/task_1,1,openrca::bank|bank/task_1#1,alertcount,0.0
openrca,bank,openrca::bank,bank/task_1,1,openrca::bank|bank/task_1#1,baro,0.0
openrca,bank,openrca::bank,bank/task_1,1,openrca::bank|bank/task_1#1,cd1min,0.0
openrca,bank,openrca::bank,bank/task_1,1,openrca::bank|bank/task_1#1,z_family,0.0
openrca,bank,openrca::bank,bank/task_1,10,openrca::bank|bank/task_1#10,alertcount,0.0
openrca,bank,openrca::bank,bank/task_1,10,openrca::bank|bank/task_1#10,baro,0.0
openrca,bank,openrca::bank,bank/task_1,10,openrca::bank|bank/task_1#10,cd1min,0.0
openrca,bank,openrca::bank,bank/task_1,10,openrca::bank|bank/task_1#10,z_family,0.0
openrca,bank,openrca::bank,bank/task_1,11,openrca::bank|bank/task_1#11,alertcount,0.0
openrca,bank,openrca::bank,bank/task_1,11,openrca::bank|bank/task_1#11,baro,0.0
openrca,bank,openrca::bank,bank/task_1,11,openrca::bank|bank/task_1#11,cd1min,0.0
openrca,bank,openrca::bank,bank/task_1,11,openrca::bank|bank/task_1#11,z_family,0.0
openrca,bank,openrca::bank,bank/task_1,12,openrca::bank|bank/task_1#12,alertcount,0.0
openrca,bank,openrca::bank,bank/task_1,12,openrca::bank|bank/task_1#12,baro,0.0
openrca,bank,openrca::bank,bank/task_1,12,openrca::bank|bank/task_1#12,cd1min,0.0
openrca,bank,openrca::bank,bank/task_1,12,openrca::bank|bank/task_1#12,z_family,0.0
openrca,bank,openrca::bank,bank/task_1,13,openrca::bank|bank/task_1#13,alertcount,0.0
openrca,bank,openrca::bank,bank/task_1,13,openrca::bank|bank/task_1#13,baro,0.0
openrca,bank,openrca::bank,bank/task_1,13,openrca::bank|bank/task_1#13,cd1min,0.0
openrca,bank,openrca::bank,bank/task_1,13,openrca::bank|bank/task_1#13,z_family,0.0
openrca,bank,openrca::bank,bank/task_1,14,openrca::bank|bank/task_1#14,alertcount,0.0
openrca,bank,openrca::bank,bank/task_1,14,openrca::bank|bank/task_1#14,baro,0.0
openrca,bank,openrca::bank,bank/task_1,14,openrca::bank|bank/task_1#14,cd1min,0.0
openrca,bank,openrca::bank,bank/task_1,14,openrca::bank|bank/task_1#14,z_family,0.0
openrca,bank,openrca::bank,bank/task_1,15,openrca::bank|bank/task_1#15,alertcount,0.0
openrca,bank,openrca::bank,bank/task_1,15,openrca::bank|bank/task_1#15,baro,0.0
openrca,bank,openrca::bank,bank/task_1,15,openrca::bank|bank/task_1#15,cd1min,0.0
openrca,bank,openrca::bank,bank/task_1,15,openrca::bank|bank/task_1#15,z_family,0.0
openrca,bank,openrca::bank,bank/task_1,16,openrca::bank|bank/task_1#16,alertcount,0.0
openrca,bank,openrca::bank,bank/task_1,16,openrca::bank|bank/task_1#16,baro,0.0
openrca,bank,openrca::bank,bank/task_1,16,openrca::bank|bank/task_1#16,cd1min,0.0
openrca,bank,openrca::bank,bank/task_1,16,openrca::bank|bank/task_1#16,z_family,0.0
openrca,bank,openrca::bank,bank/task_1,17,openrca::bank|bank/task_1#17,alertcount,0.0
openrca,bank,openrca::bank,bank/task_1,17,openrca::bank|bank/task_1#17,baro,0.0
openrca,bank,openrca::bank,bank/task_1,17,openrca::bank|bank/task_1#17,cd1min,0.0
openrca,bank,openrca::bank,bank/task_1,17,openrca::bank|bank/task_1#17,z_family,0.0
openrca,bank,openrca::bank,bank/task_1,18,openrca::bank|bank/task_1#18,alertcount,0.0
openrca,bank,openrca::bank,bank/task_1,18,openrca::bank|bank/task_1#18,baro,0.0
openrca,bank,openrca::bank,bank/task_1,18,openrca::bank|bank/task_1#18,cd1min,0.0
openrca,bank,openrca::bank,bank/task_1,18,openrca::bank|bank/task_1#18,z_family,0.0
openrca,bank,openrca::bank,bank/task_1,19,openrca::bank|bank/task_1#19,alertcount,0.0
openrca,bank,openrca::bank,bank/task_1,19,openrca::bank|bank/task_1#19,baro,0.0
openrca,bank,openrca::bank,bank/task_1,19,openrca::bank|bank/task_1#19,cd1min,0.0
openrca,bank,openrca::bank,bank/task_1,19,openrca::bank|bank/task_1#19,z_family,0.0
openrca,bank,openrca::bank,bank/task_1,2,openrca::bank|bank/task_1#2,alertcount,0.0
openrca,bank,openrca::bank,bank/task_1,2,openrca::bank|bank/task_1#2,baro,0.0
openrca,bank,openrca::bank,bank/task_1,2,openrca::bank|bank/task_1#2,cd1min,0.0
openrca,bank,openrca::bank,bank/task_1,2,openrca::bank|bank/task_1#2,z_family,0.0
openrca,bank,openrca::bank,bank/task_1,20,openrca::bank|bank/task_1#20,alertcount,0.0
openrca,bank,openrca::bank,bank/task_1,20,openrca::bank|bank/task_1#20,baro,0.0
openrca,bank,openrca::bank,bank/task_1,20,openrca::bank|bank/task_1#20,cd1min,0.0
openrca,bank,openrca::bank,bank/task_1,20,openrca::bank|bank/task_1#20,z_family,0.0
openrca,bank,openrca::bank,bank/task_1,21,openrca::bank|bank/task_1#21,alertcount,0.0
openrca,bank,openrca::bank,bank/task_1,21,openrca::bank|bank/task_1#21,baro,1.0
openrca,bank,openrca::bank,bank/task_1,21,openrca::bank|bank/task_1#21,cd1min,1.0
openrca,bank,openrca::bank,bank/task_1,21,openrca::bank|bank/task_1#21,z_family,0.0
openrca,bank,openrca::bank,bank/task_1,22,openrca::bank|bank/task_1#22,alertcount,0.0
openrca,bank,openrca::bank,bank/task_1,22,openrca::bank|bank/task_1#22,baro,0.0
openrca,bank,openrca::bank,bank/task_1,22,openrca::bank|bank/task_1#22,cd1min,0.0
openrca,bank,openrca::bank,bank/task_1,22,openrca::bank|bank/task_1#22,z_family,0.0
openrca,bank,openrca::bank,bank/task_1,23,openrca::bank|bank/task_1#23,alertcount,0.0
openrca,bank,openrca::bank,bank/task_1,23,openrca::bank|bank/task_1#23,baro,0.0
openrca,bank,openrca::bank,bank/task_1,23,openrca::bank|bank/task_1#23,cd1min,0.0
openrca,bank,openrca::bank,bank/task_1,23,openrca::bank|bank/task_1#23,z_family,0.0
openrca,bank,openrca::bank,bank/task_1,24,openrca::bank|bank/task_1#24,alertcount,1.0
openrca,bank,openrca::bank,bank/task_1,24,openrca::bank|bank/task_1#24,baro,0.0
openrca,bank,openrca::bank,bank/task_1,24,openrca::bank|bank/task_1#24,cd1min,1.0
openrca,bank,openrca::bank,bank/task_1,24,openrca::bank|bank/task_1#24,z_family,0.0
openrca,bank,openrca::bank,bank/task_1,3,openrca::bank|bank/task_1#3,alertcount,0.0
openrca,bank,openrca::bank,bank/task_1,3,openrca::bank|bank/task_1#3,baro,0.0
openrca,bank,openrca::bank,bank/task_1,3,openrca::bank|bank/task_1#3,cd1min,0.0
openrca,bank,openrca::bank,bank/task_1,3,openrca::bank|bank/task_1#3,z_family,1.0
openrca,bank,openrca::bank,bank/task_1,4,openrca::bank|bank/task_1#4,alertcount,1.0
openrca,bank,openrca::bank,bank/task_1,4,openrca::bank|bank/task_1#4,baro,0.0
openrca,bank,openrca::bank,bank/task_1,4,openrca::bank|bank/task_1#4,cd1min,0.0
openrca,bank,openrca::bank,bank/task_1,4,openrca::bank|bank/task_1#4,z_family,0.0
openrca,bank,openrca::bank,bank/task_1,5,openrca::bank|bank/task_1#5,alertcount,0.0
openrca,bank,openrca::bank,bank/task_1,5,openrca::bank|bank/task_1#5,baro,0.0
openrca,bank,openrca::bank,bank/task_1,5,openrca::bank|bank/task_1#5,cd1min,0.0
openrca,bank,openrca::bank,bank/task_1,5,openrca::bank|bank/task_1#5,z_family,0.0
openrca,bank,openrca::bank,bank/task_1,6,openrca::bank|bank/task_1#6,alertcount,0.0
openrca,bank,openrca::bank,bank/task_1,6,openrca::bank|bank/task_1#6,baro,0.0
openrca,bank,openrca::bank,bank/task_1,6,openrca::bank|bank/task_1#6,cd1min,0.0
openrca,bank,openrca::bank,bank/task_1,6,openrca::bank|bank/task_1#6,z_family,0.0
openrca,bank,openrca::bank,bank/task_1,7,openrca::bank|bank/task_1#7,alertcount,0.0
openrca,bank,openrca::bank,bank/task_1,7,openrca::bank|bank/task_1#7,baro,0.0
openrca,bank,openrca::bank,bank/task_1,7,openrca::bank|bank/task_1#7,cd1min,0.0
openrca,bank,openrca::bank,bank/task_1,7,openrca::bank|bank/task_1#7,z_family,0.0
openrca,bank,openrca::bank,bank/task_1,8,openrca::bank|bank/task_1#8,alertcount,0.0
openrca,bank,openrca::bank,bank/task_1,8,openrca::bank|bank/task_1#8,baro,0.0
openrca,bank,openrca::bank,bank/task_1,8,openrca::bank|bank/task_1#8,cd1min,0.0
openrca,bank,openrca::bank,bank/task_1,8,openrca::bank|bank/task_1#8,z_family,0.0
openrca,bank,openrca::bank,bank/task_1,9,openrca::bank|bank/task_1#9,alertcount,0.0
openrca,bank,openrca::bank,bank/task_1,9,openrca::bank|bank/task_1#9,baro,0.0
openrca,bank,openrca::bank,bank/task_1,9,openrca::bank|bank/task_1#9,cd1min,0.0
openrca,bank,openrca::bank,bank/task_1,9,openrca::bank|bank/task_1#9,z_family,0.0
openrca,bank,openrca::bank,bank/task_2,0,openrca::bank|bank/task_2#0,alertcount,0.0
openrca,bank,openrca::bank,bank/task_2,0,openrca::bank|bank/task_2#0,baro,0.0
openrca,bank,openrca::bank,bank/task_2,0,openrca::bank|bank/task_2#0,cd1min,0.0
openrca,bank,openrca::bank,bank/task_2,0,openrca::bank|bank/task_2#0,z_family,0.0
openrca,bank,openrca::bank,bank/task_2,1,openrca::bank|bank/task_2#1,alertcount,0.0
openrca,bank,openrca::bank,bank/task_2,1,openrca::bank|bank/task_2#1,baro,0.0
openrca,bank,openrca::bank,bank/task_2,1,openrca::bank|bank/task_2#1,cd1min,0.0
openrca,bank,openrca::bank,bank/task_2,1,openrca::bank|bank/task_2#1,z_family,0.0
openrca,bank,openrca::bank,bank/task_2,10,openrca::bank|bank/task_2#10,alertcount,0.0
openrca,bank,openrca::bank,bank/task_2,10,openrca::bank|bank/task_2#10,baro,0.0
openrca,bank,openrca::bank,bank/task_2,10,openrca::bank|bank/task_2#10,cd1min,1.0
openrca,bank,openrca::bank,bank/task_2,10,openrca::bank|bank/task_2#10,z_family,0.0
openrca,bank,openrca::bank,bank/task_2,11,openrca::bank|bank/task_2#11,alertcount,0.0
openrca,bank,openrca::bank,bank/task_2,11,openrca::bank|bank/task_2#11,baro,1.0
openrca,bank,openrca::bank,bank/task_2,11,openrca::bank|bank/task_2#11,cd1min,0.0
openrca,bank,openrca::bank,bank/task_2,11,openrca::bank|bank/task_2#11,z_family,0.0
openrca,bank,openrca::bank,bank/task_2,12,openrca::bank|bank/task_2#12,alertcount,0.0
openrca,bank,openrca::bank,bank/task_2,12,openrca::bank|bank/task_2#12,baro,1.0
openrca,bank,openrca::bank,bank/task_2,12,openrca::bank|bank/task_2#12,cd1min,0.0
openrca,bank,openrca::bank,bank/task_2,12,openrca::bank|bank/task_2#12,z_family,0.0
openrca,bank,openrca::bank,bank/task_2,13,openrca::bank|bank/task_2#13,alertcount,0.0
openrca,bank,openrca::bank,bank/task_2,13,openrca::bank|bank/task_2#13,baro,0.0
openrca,bank,openrca::bank,bank/task_2,13,openrca::bank|bank/task_2#13,cd1min,1.0
openrca,bank,openrca::bank,bank/task_2,13,openrca::bank|bank/task_2#13,z_family,0.0
openrca,bank,openrca::bank,bank/task_2,14,openrca::bank|bank/task_2#14,alertcount,1.0
openrca,bank,openrca::bank,bank/task_2,14,openrca::bank|bank/task_2#14,baro,1.0
openrca,bank,openrca::bank,bank/task_2,14,openrca::bank|bank/task_2#14,cd1min,1.0
openrca,bank,openrca::bank,bank/task_2,14,openrca::bank|bank/task_2#14,z_family,1.0
openrca,bank,openrca::bank,bank/task_2,15,openrca::bank|bank/task_2#15,alertcount,0.0
openrca,bank,openrca::bank,bank/task_2,15,openrca::bank|bank/task_2#15,baro,0.0
openrca,bank,openrca::bank,bank/task_2,15,openrca::bank|bank/task_2#15,cd1min,0.0
openrca,bank,openrca::bank,bank/task_2,15,openrca::bank|bank/task_2#15,z_family,0.0
openrca,bank,openrca::bank,bank/task_2,16,openrca::bank|bank/task_2#16,alertcount,0.0
openrca,bank,openrca::bank,bank/task_2,16,openrca::bank|bank/task_2#16,baro,0.0
openrca,bank,openrca::bank,bank/task_2,16,openrca::bank|bank/task_2#16,cd1min,0.0
openrca,bank,openrca::bank,bank/task_2,16,openrca::bank|bank/task_2#16,z_family,0.0
openrca,bank,openrca::bank,bank/task_2,17,openrca::bank|bank/task_2#17,alertcount,0.0
openrca,bank,openrca::bank,bank/task_2,17,openrca::bank|bank/task_2#17,baro,0.0
openrca,bank,openrca::bank,bank/task_2,17,openrca::bank|bank/task_2#17,cd1min,0.0
openrca,bank,openrca::bank,bank/task_2,17,openrca::bank|bank/task_2#17,z_family,0.0
openrca,bank,openrca::bank,bank/task_2,18,openrca::bank|bank/task_2#18,alertcount,0.0
openrca,bank,openrca::bank,bank/task_2,18,openrca::bank|bank/task_2#18,baro,0.0
openrca,bank,openrca::bank,bank/task_2,18,openrca::bank|bank/task_2#18,cd1min,0.0
openrca,bank,openrca::bank,bank/task_2,18,openrca::bank|bank/task_2#18,z_family,0.0
openrca,bank,openrca::bank,bank/task_2,19,openrca::bank|bank/task_2#19,alertcount,0.0
openrca,bank,openrca::bank,bank/task_2,19,openrca::bank|bank/task_2#19,baro,0.0
openrca,bank,openrca::bank,bank/task_2,19,openrca::bank|bank/task_2#19,cd1min,0.0
openrca,bank,openrca::bank,bank/task_2,19,openrca::bank|bank/task_2#19,z_family,0.0
openrca,bank,openrca::bank,bank/task_2,2,openrca::bank|bank/task_2#2,alertcount,0.0
openrca,bank,openrca::bank,bank/task_2,2,openrca::bank|bank/task_2#2,baro,0.0
openrca,bank,openrca::bank,bank/task_2,2,openrca::bank|bank/task_2#2,cd1min,0.0
openrca,bank,openrca::bank,bank/task_2,2,openrca::bank|bank/task_2#2,z_family,0.0
openrca,bank,openrca::bank,bank/task_2,20,openrca::bank|bank/task_2#20,alertcount,1.0
openrca,bank,openrca::bank,bank/task_2,20,openrca::bank|bank/task_2#20,baro,0.0
openrca,bank,openrca::bank,bank/task_2,20,openrca::bank|bank/task_2#20,cd1min,1.0
openrca,bank,openrca::bank,bank/task_2,20,openrca::bank|bank/task_2#20,z_family,1.0
openrca,bank,openrca::bank,bank/task_2,21,openrca::bank|bank/task_2#21,alertcount,1.0
openrca,bank,openrca::bank,bank/task_2,21,openrca::bank|bank/task_2#21,baro,0.0
openrca,bank,openrca::bank,bank/task_2,21,openrca::bank|bank/task_2#21,cd1min,1.0
openrca,bank,openrca::bank,bank/task_2,21,openrca::bank|bank/task_2#21,z_family,0.0
openrca,bank,openrca::bank,bank/task_2,3,openrca::bank|bank/task_2#3,alertcount,0.0
openrca,bank,openrca::bank,bank/task_2,3,openrca::bank|bank/task_2#3,baro,0.0
openrca,bank,openrca::bank,bank/task_2,3,openrca::bank|bank/task_2#3,cd1min,0.0
openrca,bank,openrca::bank,bank/task_2,3,openrca::bank|bank/task_2#3,z_family,0.0
openrca,bank,openrca::bank,bank/task_2,4,openrca::bank|bank/task_2#4,alertcount,0.0
openrca,bank,openrca::bank,bank/task_2,4,openrca::bank|bank/task_2#4,baro,0.0
openrca,bank,openrca::bank,bank/task_2,4,openrca::bank|bank/task_2#4,cd1min,0.0
openrca,bank,openrca::bank,bank/task_2,4,openrca::bank|bank/task_2#4,z_family,0.0
openrca,bank,openrca::bank,bank/task_2,5,openrca::bank|bank/task_2#5,alertcount,0.0
openrca,bank,openrca::bank,bank/task_2,5,openrca::bank|bank/task_2#5,baro,0.0
openrca,bank,openrca::bank,bank/task_2,5,openrca::bank|bank/task_2#5,cd1min,0.0
openrca,bank,openrca::bank,bank/task_2,5,openrca::bank|bank/task_2#5,z_family,0.0
openrca,bank,openrca::bank,bank/task_2,6,openrca::bank|bank/task_2#6,alertcount,0.0
openrca,bank,openrca::bank,bank/task_2,6,openrca::bank|bank/task_2#6,baro,1.0
openrca,bank,openrca::bank,bank/task_2,6,openrca::bank|bank/task_2#6,cd1min,0.0
openrca,bank,openrca::bank,bank/task_2,6,openrca::bank|bank/task_2#6,z_family,1.0
openrca,bank,openrca::bank,bank/task_2,7,openrca::bank|bank/task_2#7,alertcount,0.0
openrca,bank,openrca::bank,bank/task_2,7,openrca::bank|bank/task_2#7,baro,1.0
openrca,bank,openrca::bank,bank/task_2,7,openrca::bank|bank/task_2#7,cd1min,0.0
openrca,bank,openrca::bank,bank/task_2,7,openrca::bank|bank/task_2#7,z_family,0.0
openrca,bank,openrca::bank,bank/task_2,8,openrca::bank|bank/task_2#8,alertcount,0.0
openrca,bank,openrca::bank,bank/task_2,8,openrca::bank|bank/task_2#8,baro,0.0
openrca,bank,openrca::bank,bank/task_2,8,openrca::bank|bank/task_2#8,cd1min,1.0
openrca,bank,openrca::bank,bank/task_2,8,openrca::bank|bank/task_2#8,z_family,0.0
openrca,bank,openrca::bank,bank/task_2,9,openrca::bank|bank/task_2#9,alertcount,0.0
openrca,bank,openrca::bank,bank/task_2,9,openrca::bank|bank/task_2#9,baro,0.0
openrca,bank,openrca::bank,bank/task_2,9,openrca::bank|bank/task_2#9,cd1min,0.0
openrca,bank,openrca::bank,bank/task_2,9,openrca::bank|bank/task_2#9,z_family,0.0
openrca,bank,openrca::bank,bank/task_3,0,openrca::bank|bank/task_3#0,alertcount,1.0
openrca,bank,openrca::bank,bank/task_3,0,openrca::bank|bank/task_3#0,baro,1.0
openrca,bank,openrca::bank,bank/task_3,0,openrca::bank|bank/task_3#0,cd1min,0.0
openrca,bank,openrca::bank,bank/task_3,0,openrca::bank|bank/task_3#0,z_family,0.0
openrca,bank,openrca::bank,bank/task_3,1,openrca::bank|bank/task_3#1,alertcount,0.0
openrca,bank,openrca::bank,bank/task_3,1,openrca::bank|bank/task_3#1,baro,0.0
openrca,bank,openrca::bank,bank/task_3,1,openrca::bank|bank/task_3#1,cd1min,0.0
openrca,bank,openrca::bank,bank/task_3,1,openrca::bank|bank/task_3#1,z_family,0.0
openrca,bank,openrca::bank,bank/task_3,10,openrca::bank|bank/task_3#10,alertcount,1.0
openrca,bank,openrca::bank,bank/task_3,10,openrca::bank|bank/task_3#10,baro,0.0
openrca,bank,openrca::bank,bank/task_3,10,openrca::bank|bank/task_3#10,cd1min,0.0
openrca,bank,openrca::bank,bank/task_3,10,openrca::bank|bank/task_3#10,z_family,0.0
openrca,bank,openrca::bank,bank/task_3,11,openrca::bank|bank/task_3#11,alertcount,1.0
openrca,bank,openrca::bank,bank/task_3,11,openrca::bank|bank/task_3#11,baro,0.0
openrca,bank,openrca::bank,bank/task_3,11,openrca::bank|bank/task_3#11,cd1min,1.0
openrca,bank,openrca::bank,bank/task_3,11,openrca::bank|bank/task_3#11,z_family,0.0
openrca,bank,openrca::bank,bank/task_3,12,openrca::bank|bank/task_3#12,alertcount,0.0
openrca,bank,openrca::bank,bank/task_3,12,openrca::bank|bank/task_3#12,baro,0.0
openrca,bank,openrca::bank,bank/task_3,12,openrca::bank|bank/task_3#12,cd1min,0.0
openrca,bank,openrca::bank,bank/task_3,12,openrca::bank|bank/task_3#12,z_family,0.0
openrca,bank,openrca::bank,bank/task_3,13,openrca::bank|bank/task_3#13,alertcount,0.0
openrca,bank,openrca::bank,bank/task_3,13,openrca::bank|bank/task_3#13,baro,1.0
openrca,bank,openrca::bank,bank/task_3,13,openrca::bank|bank/task_3#13,cd1min,0.0
openrca,bank,openrca::bank,bank/task_3,13,openrca::bank|bank/task_3#13,z_family,1.0
openrca,bank,openrca::bank,bank/task_3,14,openrca::bank|bank/task_3#14,alertcount,0.0
openrca,bank,openrca::bank,bank/task_3,14,openrca::bank|bank/task_3#14,baro,0.0
openrca,bank,openrca::bank,bank/task_3,14,openrca::bank|bank/task_3#14,cd1min,0.0
openrca,bank,openrca::bank,bank/task_3,14,openrca::bank|bank/task_3#14,z_family,0.0
openrca,bank,openrca::bank,bank/task_3,2,openrca::bank|bank/task_3#2,alertcount,0.0
openrca,bank,openrca::bank,bank/task_3,2,openrca::bank|bank/task_3#2,baro,0.0
openrca,bank,openrca::bank,bank/task_3,2,openrca::bank|bank/task_3#2,cd1min,0.5
openrca,bank,openrca::bank,bank/task_3,2,openrca::bank|bank/task_3#2,z_family,0.0
openrca,bank,openrca::bank,bank/task_3,3,openrca::bank|bank/task_3#3,alertcount,0.0
openrca,bank,openrca::bank,bank/task_3,3,openrca::bank|bank/task_3#3,baro,0.0
openrca,bank,openrca::bank,bank/task_3,3,openrca::bank|bank/task_3#3,cd1min,0.0
openrca,bank,openrca::bank,bank/task_3,3,openrca::bank|bank/task_3#3,z_family,0.0
openrca,bank,openrca::bank,bank/task_3,4,openrca::bank|bank/task_3#4,alertcount,0.0
openrca,bank,openrca::bank,bank/task_3,4,openrca::bank|bank/task_3#4,baro,0.0
openrca,bank,openrca::bank,bank/task_3,4,openrca::bank|bank/task_3#4,cd1min,0.0
openrca,bank,openrca::bank,bank/task_3,4,openrca::bank|bank/task_3#4,z_family,0.0
openrca,bank,openrca::bank,bank/task_3,5,openrca::bank|bank/task_3#5,alertcount,1.0
openrca,bank,openrca::bank,bank/task_3,5,openrca::bank|bank/task_3#5,baro,0.0
openrca,bank,openrca::bank,bank/task_3,5,openrca::bank|bank/task_3#5,cd1min,0.0
openrca,bank,openrca::bank,bank/task_3,5,openrca::bank|bank/task_3#5,z_family,0.0
openrca,bank,openrca::bank,bank/task_3,6,openrca::bank|bank/task_3#6,alertcount,0.0
openrca,bank,openrca::bank,bank/task_3,6,openrca::bank|bank/task_3#6,baro,0.0
openrca,bank,openrca::bank,bank/task_3,6,openrca::bank|bank/task_3#6,cd1min,0.0
openrca,bank,openrca::bank,bank/task_3,6,openrca::bank|bank/task_3#6,z_family,0.0
openrca,bank,openrca::bank,bank/task_3,7,openrca::bank|bank/task_3#7,alertcount,0.0
openrca,bank,openrca::bank,bank/task_3,7,openrca::bank|bank/task_3#7,baro,0.0
openrca,bank,openrca::bank,bank/task_3,7,openrca::bank|bank/task_3#7,cd1min,0.0
openrca,bank,openrca::bank,bank/task_3,7,openrca::bank|bank/task_3#7,z_family,1.0
openrca,bank,openrca::bank,bank/task_3,8,openrca::bank|bank/task_3#8,alertcount,0.0
openrca,bank,openrca::bank,bank/task_3,8,openrca::bank|bank/task_3#8,baro,1.0
openrca,bank,openrca::bank,bank/task_3,8,openrca::bank|bank/task_3#8,cd1min,0.0
openrca,bank,openrca::bank,bank/task_3,8,openrca::bank|bank/task_3#8,z_family,0.0
openrca,bank,openrca::bank,bank/task_3,9,openrca::bank|bank/task_3#9,alertcount,0.0
openrca,bank,openrca::bank,bank/task_3,9,openrca::bank|bank/task_3#9,baro,0.0
openrca,bank,openrca::bank,bank/task_3,9,openrca::bank|bank/task_3#9,cd1min,0.0
openrca,bank,openrca::bank,bank/task_3,9,openrca::bank|bank/task_3#9,z_family,1.0
openrca,bank,openrca::bank,bank/task_4,0,openrca::bank|bank/task_4#0,alertcount,0.0
openrca,bank,openrca::bank,bank/task_4,0,openrca::bank|bank/task_4#0,baro,0.0
openrca,bank,openrca::bank,bank/task_4,0,openrca::bank|bank/task_4#0,cd1min,0.0
openrca,bank,openrca::bank,bank/task_4,0,openrca::bank|bank/task_4#0,z_family,0.0
openrca,bank,openrca::bank,bank/task_4,1,openrca::bank|bank/task_4#1,alertcount,0.0
openrca,bank,openrca::bank,bank/task_4,1,openrca::bank|bank/task_4#1,baro,0.0
openrca,bank,openrca::bank,bank/task_4,1,openrca::bank|bank/task_4#1,cd1min,0.0
openrca,bank,openrca::bank,bank/task_4,1,openrca::bank|bank/task_4#1,z_family,0.0
openrca,bank,openrca::bank,bank/task_4,10,openrca::bank|bank/task_4#10,alertcount,0.0
openrca,bank,openrca::bank,bank/task_4,10,openrca::bank|bank/task_4#10,baro,0.0
openrca,bank,openrca::bank,bank/task_4,10,openrca::bank|bank/task_4#10,cd1min,0.0
openrca,bank,openrca::bank,bank/task_4,10,openrca::bank|bank/task_4#10,z_family,0.0
openrca,bank,openrca::bank,bank/task_4,11,openrca::bank|bank/task_4#11,alertcount,0.0
openrca,bank,openrca::bank,bank/task_4,11,openrca::bank|bank/task_4#11,baro,0.0
openrca,bank,openrca::bank,bank/task_4,11,openrca::bank|bank/task_4#11,cd1min,0.5
openrca,bank,openrca::bank,bank/task_4,11,openrca::bank|bank/task_4#11,z_family,0.0
openrca,bank,openrca::bank,bank/task_4,12,openrca::bank|bank/task_4#12,alertcount,0.0
openrca,bank,openrca::bank,bank/task_4,12,openrca::bank|bank/task_4#12,baro,1.0
openrca,bank,openrca::bank,bank/task_4,12,openrca::bank|bank/task_4#12,cd1min,0.5
openrca,bank,openrca::bank,bank/task_4,12,openrca::bank|bank/task_4#12,z_family,0.0
openrca,bank,openrca::bank,bank/task_4,13,openrca::bank|bank/task_4#13,alertcount,0.0
openrca,bank,openrca::bank,bank/task_4,13,openrca::bank|bank/task_4#13,baro,0.0
openrca,bank,openrca::bank,bank/task_4,13,openrca::bank|bank/task_4#13,cd1min,0.5
openrca,bank,openrca::bank,bank/task_4,13,openrca::bank|bank/task_4#13,z_family,0.0
openrca,bank,openrca::bank,bank/task_4,14,openrca::bank|bank/task_4#14,alertcount,0.0
openrca,bank,openrca::bank,bank/task_4,14,openrca::bank|bank/task_4#14,baro,0.0
openrca,bank,openrca::bank,bank/task_4,14,openrca::bank|bank/task_4#14,cd1min,0.0
openrca,bank,openrca::bank,bank/task_4,14,openrca::bank|bank/task_4#14,z_family,0.5
openrca,bank,openrca::bank,bank/task_4,15,openrca::bank|bank/task_4#15,alertcount,0.0
openrca,bank,openrca::bank,bank/task_4,15,openrca::bank|bank/task_4#15,baro,0.25
openrca,bank,openrca::bank,bank/task_4,15,openrca::bank|bank/task_4#15,cd1min,0.0
openrca,bank,openrca::bank,bank/task_4,15,openrca::bank|bank/task_4#15,z_family,0.25
openrca,bank,openrca::bank,bank/task_4,16,openrca::bank|bank/task_4#16,alertcount,0.0
openrca,bank,openrca::bank,bank/task_4,16,openrca::bank|bank/task_4#16,baro,0.0
openrca,bank,openrca::bank,bank/task_4,16,openrca::bank|bank/task_4#16,cd1min,0.0
openrca,bank,openrca::bank,bank/task_4,16,openrca::bank|bank/task_4#16,z_family,0.0
openrca,bank,openrca::bank,bank/task_4,17,openrca::bank|bank/task_4#17,alertcount,0.5
openrca,bank,openrca::bank,bank/task_4,17,openrca::bank|bank/task_4#17,baro,0.5
openrca,bank,openrca::bank,bank/task_4,17,openrca::bank|bank/task_4#17,cd1min,0.0
openrca,bank,openrca::bank,bank/task_4,17,openrca::bank|bank/task_4#17,z_family,0.0
openrca,bank,openrca::bank,bank/task_4,2,openrca::bank|bank/task_4#2,alertcount,0.0
openrca,bank,openrca::bank,bank/task_4,2,openrca::bank|bank/task_4#2,baro,0.0
openrca,bank,openrca::bank,bank/task_4,2,openrca::bank|bank/task_4#2,cd1min,0.0
openrca,bank,openrca::bank,bank/task_4,2,openrca::bank|bank/task_4#2,z_family,0.0
openrca,bank,openrca::bank,bank/task_4,3,openrca::bank|bank/task_4#3,alertcount,0.0
openrca,bank,openrca::bank,bank/task_4,3,openrca::bank|bank/task_4#3,baro,0.0
openrca,bank,openrca::bank,bank/task_4,3,openrca::bank|bank/task_4#3,cd1min,1.0
openrca,bank,openrca::bank,bank/task_4,3,openrca::bank|bank/task_4#3,z_family,0.5
openrca,bank,openrca::bank,bank/task_4,4,openrca::bank|bank/task_4#4,alertcount,0.25
openrca,bank,openrca::bank,bank/task_4,4,openrca::bank|bank/task_4#4,baro,0.25
openrca,bank,openrca::bank,bank/task_4,4,openrca::bank|bank/task_4#4,cd1min,0.0
openrca,bank,openrca::bank,bank/task_4,4,openrca::bank|bank/task_4#4,z_family,0.0
openrca,bank,openrca::bank,bank/task_4,5,openrca::bank|bank/task_4#5,alertcount,0.0
openrca,bank,openrca::bank,bank/task_4,5,openrca::bank|bank/task_4#5,baro,0.0
openrca,bank,openrca::bank,bank/task_4,5,openrca::bank|bank/task_4#5,cd1min,0.0
openrca,bank,openrca::bank,bank/task_4,5,openrca::bank|bank/task_4#5,z_family,0.0
openrca,bank,openrca::bank,bank/task_4,6,openrca::bank|bank/task_4#6,alertcount,0.0
openrca,bank,openrca::bank,bank/task_4,6,openrca::bank|bank/task_4#6,baro,0.0
openrca,bank,openrca::bank,bank/task_4,6,openrca::bank|bank/task_4#6,cd1min,0.0
openrca,bank,openrca::bank,bank/task_4,6,openrca::bank|bank/task_4#6,z_family,0.0
openrca,bank,openrca::bank,bank/task_4,7,openrca::bank|bank/task_4#7,alertcount,0.0
openrca,bank,openrca::bank,bank/task_4,7,openrca::bank|bank/task_4#7,baro,0.0
openrca,bank,openrca::bank,bank/task_4,7,openrca::bank|bank/task_4#7,cd1min,0.5
openrca,bank,openrca::bank,bank/task_4,7,openrca::bank|bank/task_4#7,z_family,0.0
openrca,bank,openrca::bank,bank/task_4,8,openrca::bank|bank/task_4#8,alertcount,0.0
openrca,bank,openrca::bank,bank/task_4,8,openrca::bank|bank/task_4#8,baro,0.0
openrca,bank,openrca::bank,bank/task_4,8,openrca::bank|bank/task_4#8,cd1min,0.0
openrca,bank,openrca::bank,bank/task_4,8,openrca::bank|bank/task_4#8,z_family,0.0
openrca,bank,openrca::bank,bank/task_4,9,openrca::bank|bank/task_4#9,alertcount,0.0
openrca,bank,openrca::bank,bank/task_4,9,openrca::bank|bank/task_4#9,baro,0.0
openrca,bank,openrca::bank,bank/task_4,9,openrca::bank|bank/task_4#9,cd1min,0.0
openrca,bank,openrca::bank,bank/task_4,9,openrca::bank|bank/task_4#9,z_family,0.0
openrca,bank,openrca::bank,bank/task_5,0,openrca::bank|bank/task_5#0,alertcount,0.5
openrca,bank,openrca::bank,bank/task_5,0,openrca::bank|bank/task_5#0,baro,0.0
openrca,bank,openrca::bank,bank/task_5,0,openrca::bank|bank/task_5#0,cd1min,0.0
openrca,bank,openrca::bank,bank/task_5,0,openrca::bank|bank/task_5#0,z_family,0.5
openrca,bank,openrca::bank,bank/task_5,1,openrca::bank|bank/task_5#1,alertcount,0.5
openrca,bank,openrca::bank,bank/task_5,1,openrca::bank|bank/task_5#1,baro,0.0
openrca,bank,openrca::bank,bank/task_5,1,openrca::bank|bank/task_5#1,cd1min,0.0
openrca,bank,openrca::bank,bank/task_5,1,openrca::bank|bank/task_5#1,z_family,0.0
openrca,bank,openrca::bank,bank/task_5,10,openrca::bank|bank/task_5#10,alertcount,0.0
openrca,bank,openrca::bank,bank/task_5,10,openrca::bank|bank/task_5#10,baro,0.5
openrca,bank,openrca::bank,bank/task_5,10,openrca::bank|bank/task_5#10,cd1min,0.5
openrca,bank,openrca::bank,bank/task_5,10,openrca::bank|bank/task_5#10,z_family,0.5
openrca,bank,openrca::bank,bank/task_5,11,openrca::bank|bank/task_5#11,alertcount,0.0
openrca,bank,openrca::bank,bank/task_5,11,openrca::bank|bank/task_5#11,baro,0.25
openrca,bank,openrca::bank,bank/task_5,11,openrca::bank|bank/task_5#11,cd1min,0.25
openrca,bank,openrca::bank,bank/task_5,11,openrca::bank|bank/task_5#11,z_family,0.0
openrca,bank,openrca::bank,bank/task_5,12,openrca::bank|bank/task_5#12,alertcount,0.5
openrca,bank,openrca::bank,bank/task_5,12,openrca::bank|bank/task_5#12,baro,0.0
openrca,bank,openrca::bank,bank/task_5,12,openrca::bank|bank/task_5#12,cd1min,0.0
openrca,bank,openrca::bank,bank/task_5,12,openrca::bank|bank/task_5#12,z_family,0.0
openrca,bank,openrca::bank,bank/task_5,13,openrca::bank|bank/task_5#13,alertcount,0.0
openrca,bank,openrca::bank,bank/task_5,13,openrca::bank|bank/task_5#13,baro,0.0
openrca,bank,openrca::bank,bank/task_5,13,openrca::bank|bank/task_5#13,cd1min,0.0
openrca,bank,openrca::bank,bank/task_5,13,openrca::bank|bank/task_5#13,z_family,0.5
openrca,bank,openrca::bank,bank/task_5,14,openrca::bank|bank/task_5#14,alertcount,0.0
openrca,bank,openrca::bank,bank/task_5,14,openrca::bank|bank/task_5#14,baro,0.25
openrca,bank,openrca::bank,bank/task_5,14,openrca::bank|bank/task_5#14,cd1min,0.0
openrca,bank,openrca::bank,bank/task_5,14,openrca::bank|bank/task_5#14,z_family,0.25
openrca,bank,openrca::bank,bank/task_5,15,openrca::bank|bank/task_5#15,alertcount,0.0
openrca,bank,openrca::bank,bank/task_5,15,openrca::bank|bank/task_5#15,baro,0.0
openrca,bank,openrca::bank,bank/task_5,15,openrca::bank|bank/task_5#15,cd1min,0.0
openrca,bank,openrca::bank,bank/task_5,15,openrca::bank|bank/task_5#15,z_family,0.0
openrca,bank,openrca::bank,bank/task_5,16,openrca::bank|bank/task_5#16,alertcount,0.5
openrca,bank,openrca::bank,bank/task_5,16,openrca::bank|bank/task_5#16,baro,0.0
openrca,bank,openrca::bank,bank/task_5,16,openrca::bank|bank/task_5#16,cd1min,0.0
openrca,bank,openrca::bank,bank/task_5,16,openrca::bank|bank/task_5#16,z_family,0.0
openrca,bank,openrca::bank,bank/task_5,17,openrca::bank|bank/task_5#17,alertcount,0.0
openrca,bank,openrca::bank,bank/task_5,17,openrca::bank|bank/task_5#17,baro,0.25
openrca,bank,openrca::bank,bank/task_5,17,openrca::bank|bank/task_5#17,cd1min,0.0
openrca,bank,openrca::bank,bank/task_5,17,openrca::bank|bank/task_5#17,z_family,0.25
openrca,bank,openrca::bank,bank/task_5,2,openrca::bank|bank/task_5#2,alertcount,0.0
openrca,bank,openrca::bank,bank/task_5,2,openrca::bank|bank/task_5#2,baro,0.0
openrca,bank,openrca::bank,bank/task_5,2,openrca::bank|bank/task_5#2,cd1min,0.0
openrca,bank,openrca::bank,bank/task_5,2,openrca::bank|bank/task_5#2,z_family,0.0
openrca,bank,openrca::bank,bank/task_5,3,openrca::bank|bank/task_5#3,alertcount,0.0
openrca,bank,openrca::bank,bank/task_5,3,openrca::bank|bank/task_5#3,baro,0.25
openrca,bank,openrca::bank,bank/task_5,3,openrca::bank|bank/task_5#3,cd1min,0.0
openrca,bank,openrca::bank,bank/task_5,3,openrca::bank|bank/task_5#3,z_family,0.5
openrca,bank,openrca::bank,bank/task_5,4,openrca::bank|bank/task_5#4,alertcount,0.5
openrca,bank,openrca::bank,bank/task_5,4,openrca::bank|bank/task_5#4,baro,0.0
openrca,bank,openrca::bank,bank/task_5,4,openrca::bank|bank/task_5#4,cd1min,0.0
openrca,bank,openrca::bank,bank/task_5,4,openrca::bank|bank/task_5#4,z_family,0.0
openrca,bank,openrca::bank,bank/task_5,5,openrca::bank|bank/task_5#5,alertcount,0.0
openrca,bank,openrca::bank,bank/task_5,5,openrca::bank|bank/task_5#5,baro,0.0
openrca,bank,openrca::bank,bank/task_5,5,openrca::bank|bank/task_5#5,cd1min,0.5
openrca,bank,openrca::bank,bank/task_5,5,openrca::bank|bank/task_5#5,z_family,0.0
openrca,bank,openrca::bank,bank/task_5,6,openrca::bank|bank/task_5#6,alertcount,0.0
openrca,bank,openrca::bank,bank/task_5,6,openrca::bank|bank/task_5#6,baro,0.0
openrca,bank,openrca::bank,bank/task_5,6,openrca::bank|bank/task_5#6,cd1min,0.0
openrca,bank,openrca::bank,bank/task_5,6,openrca::bank|bank/task_5#6,z_family,0.0
openrca,bank,openrca::bank,bank/task_5,7,openrca::bank|bank/task_5#7,alertcount,0.0
openrca,bank,openrca::bank,bank/task_5,7,openrca::bank|bank/task_5#7,baro,0.5
openrca,bank,openrca::bank,bank/task_5,7,openrca::bank|bank/task_5#7,cd1min,0.25
openrca,bank,openrca::bank,bank/task_5,7,openrca::bank|bank/task_5#7,z_family,0.25
openrca,bank,openrca::bank,bank/task_5,8,openrca::bank|bank/task_5#8,alertcount,0.5
openrca,bank,openrca::bank,bank/task_5,8,openrca::bank|bank/task_5#8,baro,0.5
openrca,bank,openrca::bank,bank/task_5,8,openrca::bank|bank/task_5#8,cd1min,0.0
openrca,bank,openrca::bank,bank/task_5,8,openrca::bank|bank/task_5#8,z_family,0.5
openrca,bank,openrca::bank,bank/task_5,9,openrca::bank|bank/task_5#9,alertcount,1.0
openrca,bank,openrca::bank,bank/task_5,9,openrca::bank|bank/task_5#9,baro,0.5
openrca,bank,openrca::bank,bank/task_5,9,openrca::bank|bank/task_5#9,cd1min,0.5
openrca,bank,openrca::bank,bank/task_5,9,openrca::bank|bank/task_5#9,z_family,0.5
openrca,bank,openrca::bank,bank/task_6,0,openrca::bank|bank/task_6#0,alertcount,0.5
openrca,bank,openrca::bank,bank/task_6,0,openrca::bank|bank/task_6#0,baro,1.0
openrca,bank,openrca::bank,bank/task_6,0,openrca::bank|bank/task_6#0,cd1min,0.5
openrca,bank,openrca::bank,bank/task_6,0,openrca::bank|bank/task_6#0,z_family,0.5
openrca,bank,openrca::bank,bank/task_6,1,openrca::bank|bank/task_6#1,alertcount,1.0
openrca,bank,openrca::bank,bank/task_6,1,openrca::bank|bank/task_6#1,baro,0.5
openrca,bank,openrca::bank,bank/task_6,1,openrca::bank|bank/task_6#1,cd1min,0.0
openrca,bank,openrca::bank,bank/task_6,1,openrca::bank|bank/task_6#1,z_family,1.0
openrca,bank,openrca::bank,bank/task_6,10,openrca::bank|bank/task_6#10,alertcount,0.0
openrca,bank,openrca::bank,bank/task_6,10,openrca::bank|bank/task_6#10,baro,1.0
openrca,bank,openrca::bank,bank/task_6,10,openrca::bank|bank/task_6#10,cd1min,1.0
openrca,bank,openrca::bank,bank/task_6,10,openrca::bank|bank/task_6#10,z_family,0.0
openrca,bank,openrca::bank,bank/task_6,11,openrca::bank|bank/task_6#11,alertcount,0.0
openrca,bank,openrca::bank,bank/task_6,11,openrca::bank|bank/task_6#11,baro,0.0
openrca,bank,openrca::bank,bank/task_6,11,openrca::bank|bank/task_6#11,cd1min,0.0
openrca,bank,openrca::bank,bank/task_6,11,openrca::bank|bank/task_6#11,z_family,0.0
openrca,bank,openrca::bank,bank/task_6,12,openrca::bank|bank/task_6#12,alertcount,0.0
openrca,bank,openrca::bank,bank/task_6,12,openrca::bank|bank/task_6#12,baro,0.0
openrca,bank,openrca::bank,bank/task_6,12,openrca::bank|bank/task_6#12,cd1min,0.0
openrca,bank,openrca::bank,bank/task_6,12,openrca::bank|bank/task_6#12,z_family,0.0
openrca,bank,openrca::bank,bank/task_6,13,openrca::bank|bank/task_6#13,alertcount,0.0
openrca,bank,openrca::bank,bank/task_6,13,openrca::bank|bank/task_6#13,baro,0.0
openrca,bank,openrca::bank,bank/task_6,13,openrca::bank|bank/task_6#13,cd1min,1.0
openrca,bank,openrca::bank,bank/task_6,13,openrca::bank|bank/task_6#13,z_family,0.0
openrca,bank,openrca::bank,bank/task_6,14,openrca::bank|bank/task_6#14,alertcount,0.0
openrca,bank,openrca::bank,bank/task_6,14,openrca::bank|bank/task_6#14,baro,0.0
openrca,bank,openrca::bank,bank/task_6,14,openrca::bank|bank/task_6#14,cd1min,0.0
openrca,bank,openrca::bank,bank/task_6,14,openrca::bank|bank/task_6#14,z_family,0.0
openrca,bank,openrca::bank,bank/task_6,15,openrca::bank|bank/task_6#15,alertcount,0.0
openrca,bank,openrca::bank,bank/task_6,15,openrca::bank|bank/task_6#15,baro,0.0
openrca,bank,openrca::bank,bank/task_6,15,openrca::bank|bank/task_6#15,cd1min,0.0
openrca,bank,openrca::bank,bank/task_6,15,openrca::bank|bank/task_6#15,z_family,0.5
openrca,bank,openrca::bank,bank/task_6,16,openrca::bank|bank/task_6#16,alertcount,0.0
openrca,bank,openrca::bank,bank/task_6,16,openrca::bank|bank/task_6#16,baro,0.5
openrca,bank,openrca::bank,bank/task_6,16,openrca::bank|bank/task_6#16,cd1min,0.0
openrca,bank,openrca::bank,bank/task_6,16,openrca::bank|bank/task_6#16,z_family,0.5
openrca,bank,openrca::bank,bank/task_6,17,openrca::bank|bank/task_6#17,alertcount,0.5
openrca,bank,openrca::bank,bank/task_6,17,openrca::bank|bank/task_6#17,baro,0.0
openrca,bank,openrca::bank,bank/task_6,17,openrca::bank|bank/task_6#17,cd1min,0.5
openrca,bank,openrca::bank,bank/task_6,17,openrca::bank|bank/task_6#17,z_family,0.0
openrca,bank,openrca::bank,bank/task_6,18,openrca::bank|bank/task_6#18,alertcount,0.0
openrca,bank,openrca::bank,bank/task_6,18,openrca::bank|bank/task_6#18,baro,0.0
openrca,bank,openrca::bank,bank/task_6,18,openrca::bank|bank/task_6#18,cd1min,0.0
openrca,bank,openrca::bank,bank/task_6,18,openrca::bank|bank/task_6#18,z_family,0.0
openrca,bank,openrca::bank,bank/task_6,19,openrca::bank|bank/task_6#19,alertcount,0.0
openrca,bank,openrca::bank,bank/task_6,19,openrca::bank|bank/task_6#19,baro,0.0
openrca,bank,openrca::bank,bank/task_6,19,openrca::bank|bank/task_6#19,cd1min,0.0
openrca,bank,openrca::bank,bank/task_6,19,openrca::bank|bank/task_6#19,z_family,0.0
openrca,bank,openrca::bank,bank/task_6,2,openrca::bank|bank/task_6#2,alertcount,0.0
openrca,bank,openrca::bank,bank/task_6,2,openrca::bank|bank/task_6#2,baro,0.0
openrca,bank,openrca::bank,bank/task_6,2,openrca::bank|bank/task_6#2,cd1min,1.0
openrca,bank,openrca::bank,bank/task_6,2,openrca::bank|bank/task_6#2,z_family,0.0
openrca,bank,openrca::bank,bank/task_6,20,openrca::bank|bank/task_6#20,alertcount,0.0
openrca,bank,openrca::bank,bank/task_6,20,openrca::bank|bank/task_6#20,baro,0.0
openrca,bank,openrca::bank,bank/task_6,20,openrca::bank|bank/task_6#20,cd1min,0.5
openrca,bank,openrca::bank,bank/task_6,20,openrca::bank|bank/task_6#20,z_family,0.0
openrca,bank,openrca::bank,bank/task_6,3,openrca::bank|bank/task_6#3,alertcount,0.0
openrca,bank,openrca::bank,bank/task_6,3,openrca::bank|bank/task_6#3,baro,0.0
openrca,bank,openrca::bank,bank/task_6,3,openrca::bank|bank/task_6#3,cd1min,0.0
openrca,bank,openrca::bank,bank/task_6,3,openrca::bank|bank/task_6#3,z_family,0.5
openrca,bank,openrca::bank,bank/task_6,4,openrca::bank|bank/task_6#4,alertcount,0.5
openrca,bank,openrca::bank,bank/task_6,4,openrca::bank|bank/task_6#4,baro,0.0
openrca,bank,openrca::bank,bank/task_6,4,openrca::bank|bank/task_6#4,cd1min,0.5
openrca,bank,openrca::bank,bank/task_6,4,openrca::bank|bank/task_6#4,z_family,0.0
openrca,bank,openrca::bank,bank/task_6,5,openrca::bank|bank/task_6#5,alertcount,0.0
openrca,bank,openrca::bank,bank/task_6,5,openrca::bank|bank/task_6#5,baro,0.0
openrca,bank,openrca::bank,bank/task_6,5,openrca::bank|bank/task_6#5,cd1min,0.0
openrca,bank,openrca::bank,bank/task_6,5,openrca::bank|bank/task_6#5,z_family,0.0
openrca,bank,openrca::bank,bank/task_6,6,openrca::bank|bank/task_6#6,alertcount,0.0
openrca,bank,openrca::bank,bank/task_6,6,openrca::bank|bank/task_6#6,baro,0.0
openrca,bank,openrca::bank,bank/task_6,6,openrca::bank|bank/task_6#6,cd1min,0.0
openrca,bank,openrca::bank,bank/task_6,6,openrca::bank|bank/task_6#6,z_family,0.0
openrca,bank,openrca::bank,bank/task_6,7,openrca::bank|bank/task_6#7,alertcount,0.0
openrca,bank,openrca::bank,bank/task_6,7,openrca::bank|bank/task_6#7,baro,0.25
openrca,bank,openrca::bank,bank/task_6,7,openrca::bank|bank/task_6#7,cd1min,0.0
openrca,bank,openrca::bank,bank/task_6,7,openrca::bank|bank/task_6#7,z_family,0.25
openrca,bank,openrca::bank,bank/task_6,8,openrca::bank|bank/task_6#8,alertcount,0.0
openrca,bank,openrca::bank,bank/task_6,8,openrca::bank|bank/task_6#8,baro,0.75
openrca,bank,openrca::bank,bank/task_6,8,openrca::bank|bank/task_6#8,cd1min,0.25
openrca,bank,openrca::bank,bank/task_6,8,openrca::bank|bank/task_6#8,z_family,0.5
openrca,bank,openrca::bank,bank/task_6,9,openrca::bank|bank/task_6#9,alertcount,0.5
openrca,bank,openrca::bank,bank/task_6,9,openrca::bank|bank/task_6#9,baro,1.0
openrca,bank,openrca::bank,bank/task_6,9,openrca::bank|bank/task_6#9,cd1min,0.0
openrca,bank,openrca::bank,bank/task_6,9,openrca::bank|bank/task_6#9,z_family,0.0
openrca,bank,openrca::bank,bank/task_7,0,openrca::bank|bank/task_7#0,alertcount,0.0
openrca,bank,openrca::bank,bank/task_7,0,openrca::bank|bank/task_7#0,baro,0.0
openrca,bank,openrca::bank,bank/task_7,0,openrca::bank|bank/task_7#0,cd1min,0.0
openrca,bank,openrca::bank,bank/task_7,0,openrca::bank|bank/task_7#0,z_family,0.0
openrca,bank,openrca::bank,bank/task_7,1,openrca::bank|bank/task_7#1,alertcount,0.0
openrca,bank,openrca::bank,bank/task_7,1,openrca::bank|bank/task_7#1,baro,0.0
openrca,bank,openrca::bank,bank/task_7,1,openrca::bank|bank/task_7#1,cd1min,0.0
openrca,bank,openrca::bank,bank/task_7,1,openrca::bank|bank/task_7#1,z_family,0.0
openrca,bank,openrca::bank,bank/task_7,10,openrca::bank|bank/task_7#10,alertcount,0.0
openrca,bank,openrca::bank,bank/task_7,10,openrca::bank|bank/task_7#10,baro,0.5
openrca,bank,openrca::bank,bank/task_7,10,openrca::bank|bank/task_7#10,cd1min,0.17
openrca,bank,openrca::bank,bank/task_7,10,openrca::bank|bank/task_7#10,z_family,0.17
openrca,bank,openrca::bank,bank/task_7,11,openrca::bank|bank/task_7#11,alertcount,0.0
openrca,bank,openrca::bank,bank/task_7,11,openrca::bank|bank/task_7#11,baro,0.0
openrca,bank,openrca::bank,bank/task_7,11,openrca::bank|bank/task_7#11,cd1min,0.67
openrca,bank,openrca::bank,bank/task_7,11,openrca::bank|bank/task_7#11,z_family,0.0
openrca,bank,openrca::bank,bank/task_7,12,openrca::bank|bank/task_7#12,alertcount,0.0
openrca,bank,openrca::bank,bank/task_7,12,openrca::bank|bank/task_7#12,baro,0.0
openrca,bank,openrca::bank,bank/task_7,12,openrca::bank|bank/task_7#12,cd1min,0.33
openrca,bank,openrca::bank,bank/task_7,12,openrca::bank|bank/task_7#12,z_family,0.0
openrca,bank,openrca::bank,bank/task_7,13,openrca::bank|bank/task_7#13,alertcount,0.17
openrca,bank,openrca::bank,bank/task_7,13,openrca::bank|bank/task_7#13,baro,0.33
openrca,bank,openrca::bank,bank/task_7,13,openrca::bank|bank/task_7#13,cd1min,0.17
openrca,bank,openrca::bank,bank/task_7,13,openrca::bank|bank/task_7#13,z_family,0.17
openrca,bank,openrca::bank,bank/task_7,14,openrca::bank|bank/task_7#14,alertcount,0.0
openrca,bank,openrca::bank,bank/task_7,14,openrca::bank|bank/task_7#14,baro,0.0
openrca,bank,openrca::bank,bank/task_7,14,openrca::bank|bank/task_7#14,cd1min,0.0
openrca,bank,openrca::bank,bank/task_7,14,openrca::bank|bank/task_7#14,z_family,0.0
openrca,bank,openrca::bank,bank/task_7,15,openrca::bank|bank/task_7#15,alertcount,0.17
openrca,bank,openrca::bank,bank/task_7,15,openrca::bank|bank/task_7#15,baro,0.33
openrca,bank,openrca::bank,bank/task_7,15,openrca::bank|bank/task_7#15,cd1min,0.17
openrca,bank,openrca::bank,bank/task_7,15,openrca::bank|bank/task_7#15,z_family,0.17
openrca,bank,openrca::bank,bank/task_7,16,openrca::bank|bank/task_7#16,alertcount,0.0
openrca,bank,openrca::bank,bank/task_7,16,openrca::bank|bank/task_7#16,baro,0.33
openrca,bank,openrca::bank,bank/task_7,16,openrca::bank|bank/task_7#16,cd1min,0.0
openrca,bank,openrca::bank,bank/task_7,16,openrca::bank|bank/task_7#16,z_family,0.0
openrca,bank,openrca::bank,bank/task_7,2,openrca::bank|bank/task_7#2,alertcount,0.0
openrca,bank,openrca::bank,bank/task_7,2,openrca::bank|bank/task_7#2,baro,0.0
openrca,bank,openrca::bank,bank/task_7,2,openrca::bank|bank/task_7#2,cd1min,0.0
openrca,bank,openrca::bank,bank/task_7,2,openrca::bank|bank/task_7#2,z_family,0.0
openrca,bank,openrca::bank,bank/task_7,3,openrca::bank|bank/task_7#3,alertcount,0.33
openrca,bank,openrca::bank,bank/task_7,3,openrca::bank|bank/task_7#3,baro,0.0
openrca,bank,openrca::bank,bank/task_7,3,openrca::bank|bank/task_7#3,cd1min,0.0
openrca,bank,openrca::bank,bank/task_7,3,openrca::bank|bank/task_7#3,z_family,0.33
openrca,bank,openrca::bank,bank/task_7,4,openrca::bank|bank/task_7#4,alertcount,0.0
openrca,bank,openrca::bank,bank/task_7,4,openrca::bank|bank/task_7#4,baro,0.0
openrca,bank,openrca::bank,bank/task_7,4,openrca::bank|bank/task_7#4,cd1min,0.0
openrca,bank,openrca::bank,bank/task_7,4,openrca::bank|bank/task_7#4,z_family,0.0
openrca,bank,openrca::bank,bank/task_7,5,openrca::bank|bank/task_7#5,alertcount,0.17
openrca,bank,openrca::bank,bank/task_7,5,openrca::bank|bank/task_7#5,baro,0.33
openrca,bank,openrca::bank,bank/task_7,5,openrca::bank|bank/task_7#5,cd1min,0.17
openrca,bank,openrca::bank,bank/task_7,5,openrca::bank|bank/task_7#5,z_family,0.0
openrca,bank,openrca::bank,bank/task_7,6,openrca::bank|bank/task_7#6,alertcount,0.0
openrca,bank,openrca::bank,bank/task_7,6,openrca::bank|bank/task_7#6,baro,0.0
openrca,bank,openrca::bank,bank/task_7,6,openrca::bank|bank/task_7#6,cd1min,0.0
openrca,bank,openrca::bank,bank/task_7,6,openrca::bank|bank/task_7#6,z_family,0.0
openrca,bank,openrca::bank,bank/task_7,7,openrca::bank|bank/task_7#7,alertcount,0.0
openrca,bank,openrca::bank,bank/task_7,7,openrca::bank|bank/task_7#7,baro,0.33
openrca,bank,openrca::bank,bank/task_7,7,openrca::bank|bank/task_7#7,cd1min,0.33
openrca,bank,openrca::bank,bank/task_7,7,openrca::bank|bank/task_7#7,z_family,0.0
openrca,bank,openrca::bank,bank/task_7,8,openrca::bank|bank/task_7#8,alertcount,0.0
openrca,bank,openrca::bank,bank/task_7,8,openrca::bank|bank/task_7#8,baro,0.0
openrca,bank,openrca::bank,bank/task_7,8,openrca::bank|bank/task_7#8,cd1min,0.33
openrca,bank,openrca::bank,bank/task_7,8,openrca::bank|bank/task_7#8,z_family,0.0
openrca,bank,openrca::bank,bank/task_7,9,openrca::bank|bank/task_7#9,alertcount,0.33
openrca,bank,openrca::bank,bank/task_7,9,openrca::bank|bank/task_7#9,baro,0.67
openrca,bank,openrca::bank,bank/task_7,9,openrca::bank|bank/task_7#9,cd1min,0.33
openrca,bank,openrca::bank,bank/task_7,9,openrca::bank|bank/task_7#9,z_family,0.67
openrca,mkt1,openrca::mkt1,mkt1/task_1,0,openrca::mkt1|mkt1/task_1#0,alertcount,0.0
openrca,mkt1,openrca::mkt1,mkt1/task_1,0,openrca::mkt1|mkt1/task_1#0,baro,0.0
openrca,mkt1,openrca::mkt1,mkt1/task_1,0,openrca::mkt1|mkt1/task_1#0,cd1min,0.0
openrca,mkt1,openrca::mkt1,mkt1/task_1,0,openrca::mkt1|mkt1/task_1#0,z_family,0.0
openrca,mkt1,openrca::mkt1,mkt1/task_1,1,openrca::mkt1|mkt1/task_1#1,alertcount,0.0
openrca,mkt1,openrca::mkt1,mkt1/task_1,1,openrca::mkt1|mkt1/task_1#1,baro,0.0
openrca,mkt1,openrca::mkt1,mkt1/task_1,1,openrca::mkt1|mkt1/task_1#1,cd1min,0.0
openrca,mkt1,openrca::mkt1,mkt1/task_1,1,openrca::mkt1|mkt1/task_1#1,z_family,0.0
openrca,mkt1,openrca::mkt1,mkt1/task_1,10,openrca::mkt1|mkt1/task_1#10,alertcount,0.0
openrca,mkt1,openrca::mkt1,mkt1/task_1,10,openrca::mkt1|mkt1/task_1#10,baro,0.0
openrca,mkt1,openrca::mkt1,mkt1/task_1,10,openrca::mkt1|mkt1/task_1#10,cd1min,0.0
openrca,mkt1,openrca::mkt1,mkt1/task_1,10,openrca::mkt1|mkt1/task_1#10,z_family,0.0
openrca,mkt1,openrca::mkt1,mkt1/task_1,11,openrca::mkt1|mkt1/task_1#11,alertcount,0.0
openrca,mkt1,openrca::mkt1,mkt1/task_1,11,openrca::mkt1|mkt1/task_1#11,baro,0.0
openrca,mkt1,openrca::mkt1,mkt1/task_1,11,openrca::mkt1|mkt1/task_1#11,cd1min,0.0
openrca,mkt1,openrca::mkt1,mkt1/task_1,11,openrca::mkt1|mkt1/task_1#11,z_family,0.0
openrca,mkt1,openrca::mkt1,mkt1/task_1,2,openrca::mkt1|mkt1/task_1#2,alertcount,0.0
openrca,mkt1,openrca::mkt1,mkt1/task_1,2,openrca::mkt1|mkt1/task_1#2,baro,0.0
openrca,mkt1,openrca::mkt1,mkt1/task_1,2,openrca::mkt1|mkt1/task_1#2,cd1min,0.0
openrca,mkt1,openrca::mkt1,mkt1/task_1,2,openrca::mkt1|mkt1/task_1#2,z_family,0.5
openrca,mkt1,openrca::mkt1,mkt1/task_1,3,openrca::mkt1|mkt1/task_1#3,alertcount,0.5
openrca,mkt1,openrca::mkt1,mkt1/task_1,3,openrca::mkt1|mkt1/task_1#3,baro,0.0
openrca,mkt1,openrca::mkt1,mkt1/task_1,3,openrca::mkt1|mkt1/task_1#3,cd1min,0.5
openrca,mkt1,openrca::mkt1,mkt1/task_1,3,openrca::mkt1|mkt1/task_1#3,z_family,0.5
openrca,mkt1,openrca::mkt1,mkt1/task_1,4,openrca::mkt1|mkt1/task_1#4,alertcount,0.0
openrca,mkt1,openrca::mkt1,mkt1/task_1,4,openrca::mkt1|mkt1/task_1#4,baro,0.0
openrca,mkt1,openrca::mkt1,mkt1/task_1,4,openrca::mkt1|mkt1/task_1#4,cd1min,0.0
openrca,mkt1,openrca::mkt1,mkt1/task_1,4,openrca::mkt1|mkt1/task_1#4,z_family,0.0
openrca,mkt1,openrca::mkt1,mkt1/task_1,5,openrca::mkt1|mkt1/task_1#5,alertcount,0.0
openrca,mkt1,openrca::mkt1,mkt1/task_1,5,openrca::mkt1|mkt1/task_1#5,baro,0.5
openrca,mkt1,openrca::mkt1,mkt1/task_1,5,openrca::mkt1|mkt1/task_1#5,cd1min,0.0
openrca,mkt1,openrca::mkt1,mkt1/task_1,5,openrca::mkt1|mkt1/task_1#5,z_family,0.5
openrca,mkt1,openrca::mkt1,mkt1/task_1,6,openrca::mkt1|mkt1/task_1#6,alertcount,0.0
openrca,mkt1,openrca::mkt1,mkt1/task_1,6,openrca::mkt1|mkt1/task_1#6,baro,0.0
openrca,mkt1,openrca::mkt1,mkt1/task_1,6,openrca::mkt1|mkt1/task_1#6,cd1min,0.0
openrca,mkt1,openrca::mkt1,mkt1/task_1,6,openrca::mkt1|mkt1/task_1#6,z_family,0.0
openrca,mkt1,openrca::mkt1,mkt1/task_1,7,openrca::mkt1|mkt1/task_1#7,alertcount,0.0
openrca,mkt1,openrca::mkt1,mkt1/task_1,7,openrca::mkt1|mkt1/task_1#7,baro,0.0
openrca,mkt1,openrca::mkt1,mkt1/task_1,7,openrca::mkt1|mkt1/task_1#7,cd1min,0.0
openrca,mkt1,openrca::mkt1,mkt1/task_1,7,openrca::mkt1|mkt1/task_1#7,z_family,0.5
openrca,mkt1,openrca::mkt1,mkt1/task_1,8,openrca::mkt1|mkt1/task_1#8,alertcount,0.5
openrca,mkt1,openrca::mkt1,mkt1/task_1,8,openrca::mkt1|mkt1/task_1#8,baro,0.0
openrca,mkt1,openrca::mkt1,mkt1/task_1,8,openrca::mkt1|mkt1/task_1#8,cd1min,1.0
openrca,mkt1,openrca::mkt1,mkt1/task_1,8,openrca::mkt1|mkt1/task_1#8,z_family,0.5
openrca,mkt1,openrca::mkt1,mkt1/task_1,9,openrca::mkt1|mkt1/task_1#9,alertcount,0.0
openrca,mkt1,openrca::mkt1,mkt1/task_1,9,openrca::mkt1|mkt1/task_1#9,baro,0.0
openrca,mkt1,openrca::mkt1,mkt1/task_1,9,openrca::mkt1|mkt1/task_1#9,cd1min,0.0
openrca,mkt1,openrca::mkt1,mkt1/task_1,9,openrca::mkt1|mkt1/task_1#9,z_family,0.0
openrca,mkt1,openrca::mkt1,mkt1/task_2,0,openrca::mkt1|mkt1/task_2#0,alertcount,0.0
openrca,mkt1,openrca::mkt1,mkt1/task_2,0,openrca::mkt1|mkt1/task_2#0,baro,0.0
openrca,mkt1,openrca::mkt1,mkt1/task_2,0,openrca::mkt1|mkt1/task_2#0,cd1min,0.0
openrca,mkt1,openrca::mkt1,mkt1/task_2,0,openrca::mkt1|mkt1/task_2#0,z_family,0.0
openrca,mkt1,openrca::mkt1,mkt1/task_2,1,openrca::mkt1|mkt1/task_2#1,alertcount,0.0
openrca,mkt1,openrca::mkt1,mkt1/task_2,1,openrca::mkt1|mkt1/task_2#1,baro,0.0
openrca,mkt1,openrca::mkt1,mkt1/task_2,1,openrca::mkt1|mkt1/task_2#1,cd1min,0.0
openrca,mkt1,openrca::mkt1,mkt1/task_2,1,openrca::mkt1|mkt1/task_2#1,z_family,0.0
openrca,mkt1,openrca::mkt1,mkt1/task_2,2,openrca::mkt1|mkt1/task_2#2,alertcount,0.0
openrca,mkt1,openrca::mkt1,mkt1/task_2,2,openrca::mkt1|mkt1/task_2#2,baro,0.5
openrca,mkt1,openrca::mkt1,mkt1/task_2,2,openrca::mkt1|mkt1/task_2#2,cd1min,0.5
openrca,mkt1,openrca::mkt1,mkt1/task_2,2,openrca::mkt1|mkt1/task_2#2,z_family,0.0
openrca,mkt1,openrca::mkt1,mkt1/task_2,3,openrca::mkt1|mkt1/task_2#3,alertcount,0.0
openrca,mkt1,openrca::mkt1,mkt1/task_2,3,openrca::mkt1|mkt1/task_2#3,baro,0.0
openrca,mkt1,openrca::mkt1,mkt1/task_2,3,openrca::mkt1|mkt1/task_2#3,cd1min,0.0
openrca,mkt1,openrca::mkt1,mkt1/task_2,3,openrca::mkt1|mkt1/task_2#3,z_family,0.0
openrca,mkt1,openrca::mkt1,mkt1/task_2,4,openrca::mkt1|mkt1/task_2#4,alertcount,0.0
openrca,mkt1,openrca::mkt1,mkt1/task_2,4,openrca::mkt1|mkt1/task_2#4,baro,0.0
openrca,mkt1,openrca::mkt1,mkt1/task_2,4,openrca::mkt1|mkt1/task_2#4,cd1min,0.0
openrca,mkt1,openrca::mkt1,mkt1/task_2,4,openrca::mkt1|mkt1/task_2#4,z_family,0.5
openrca,mkt1,openrca::mkt1,mkt1/task_2,5,openrca::mkt1|mkt1/task_2#5,alertcount,0.0
openrca,mkt1,openrca::mkt1,mkt1/task_2,5,openrca::mkt1|mkt1/task_2#5,baro,0.0
openrca,mkt1,openrca::mkt1,mkt1/task_2,5,openrca::mkt1|mkt1/task_2#5,cd1min,0.0
openrca,mkt1,openrca::mkt1,mkt1/task_2,5,openrca::mkt1|mkt1/task_2#5,z_family,0.0
openrca,mkt1,openrca::mkt1,mkt1/task_2,6,openrca::mkt1|mkt1/task_2#6,alertcount,1.0
openrca,mkt1,openrca::mkt1,mkt1/task_2,6,openrca::mkt1|mkt1/task_2#6,baro,0.0
openrca,mkt1,openrca::mkt1,mkt1/task_2,6,openrca::mkt1|mkt1/task_2#6,cd1min,0.0
openrca,mkt1,openrca::mkt1,mkt1/task_2,6,openrca::mkt1|mkt1/task_2#6,z_family,0.0
openrca,mkt1,openrca::mkt1,mkt1/task_2,7,openrca::mkt1|mkt1/task_2#7,alertcount,0.0
openrca,mkt1,openrca::mkt1,mkt1/task_2,7,openrca::mkt1|mkt1/task_2#7,baro,0.0
openrca,mkt1,openrca::mkt1,mkt1/task_2,7,openrca::mkt1|mkt1/task_2#7,cd1min,0.0
openrca,mkt1,openrca::mkt1,mkt1/task_2,7,openrca::mkt1|mkt1/task_2#7,z_family,0.0
openrca,mkt1,openrca::mkt1,mkt1/task_2,8,openrca::mkt1|mkt1/task_2#8,alertcount,0.0
openrca,mkt1,openrca::mkt1,mkt1/task_2,8,openrca::mkt1|mkt1/task_2#8,baro,0.0
openrca,mkt1,openrca::mkt1,mkt1/task_2,8,openrca::mkt1|mkt1/task_2#8,cd1min,0.0
openrca,mkt1,openrca::mkt1,mkt1/task_2,8,openrca::mkt1|mkt1/task_2#8,z_family,0.0
openrca,mkt1,openrca::mkt1,mkt1/task_2,9,openrca::mkt1|mkt1/task_2#9,alertcount,0.0
openrca,mkt1,openrca::mkt1,mkt1/task_2,9,openrca::mkt1|mkt1/task_2#9,baro,0.0
openrca,mkt1,openrca::mkt1,mkt1/task_2,9,openrca::mkt1|mkt1/task_2#9,cd1min,0.0
openrca,mkt1,openrca::mkt1,mkt1/task_2,9,openrca::mkt1|mkt1/task_2#9,z_family,0.0
openrca,mkt1,openrca::mkt1,mkt1/task_3,0,openrca::mkt1|mkt1/task_3#0,alertcount,0.0
openrca,mkt1,openrca::mkt1,mkt1/task_3,0,openrca::mkt1|mkt1/task_3#0,baro,0.0
openrca,mkt1,openrca::mkt1,mkt1/task_3,0,openrca::mkt1|mkt1/task_3#0,cd1min,0.0
openrca,mkt1,openrca::mkt1,mkt1/task_3,0,openrca::mkt1|mkt1/task_3#0,z_family,0.0
openrca,mkt1,openrca::mkt1,mkt1/task_3,1,openrca::mkt1|mkt1/task_3#1,alertcount,0.0
openrca,mkt1,openrca::mkt1,mkt1/task_3,1,openrca::mkt1|mkt1/task_3#1,baro,0.0
openrca,mkt1,openrca::mkt1,mkt1/task_3,1,openrca::mkt1|mkt1/task_3#1,cd1min,0.0
openrca,mkt1,openrca::mkt1,mkt1/task_3,1,openrca::mkt1|mkt1/task_3#1,z_family,0.0
openrca,mkt1,openrca::mkt1,mkt1/task_3,2,openrca::mkt1|mkt1/task_3#2,alertcount,0.0
openrca,mkt1,openrca::mkt1,mkt1/task_3,2,openrca::mkt1|mkt1/task_3#2,baro,0.0
openrca,mkt1,openrca::mkt1,mkt1/task_3,2,openrca::mkt1|mkt1/task_3#2,cd1min,0.0
openrca,mkt1,openrca::mkt1,mkt1/task_3,2,openrca::mkt1|mkt1/task_3#2,z_family,0.0
openrca,mkt1,openrca::mkt1,mkt1/task_3,3,openrca::mkt1|mkt1/task_3#3,alertcount,0.0
openrca,mkt1,openrca::mkt1,mkt1/task_3,3,openrca::mkt1|mkt1/task_3#3,baro,0.0
openrca,mkt1,openrca::mkt1,mkt1/task_3,3,openrca::mkt1|mkt1/task_3#3,cd1min,0.5
openrca,mkt1,openrca::mkt1,mkt1/task_3,3,openrca::mkt1|mkt1/task_3#3,z_family,0.0
openrca,mkt1,openrca::mkt1,mkt1/task_3,4,openrca::mkt1|mkt1/task_3#4,alertcount,0.0
openrca,mkt1,openrca::mkt1,mkt1/task_3,4,openrca::mkt1|mkt1/task_3#4,baro,0.0
openrca,mkt1,openrca::mkt1,mkt1/task_3,4,openrca::mkt1|mkt1/task_3#4,cd1min,0.0
openrca,mkt1,openrca::mkt1,mkt1/task_3,4,openrca::mkt1|mkt1/task_3#4,z_family,0.0
openrca,mkt1,openrca::mkt1,mkt1/task_3,5,openrca::mkt1|mkt1/task_3#5,alertcount,0.0
openrca,mkt1,openrca::mkt1,mkt1/task_3,5,openrca::mkt1|mkt1/task_3#5,baro,0.0
openrca,mkt1,openrca::mkt1,mkt1/task_3,5,openrca::mkt1|mkt1/task_3#5,cd1min,0.0
openrca,mkt1,openrca::mkt1,mkt1/task_3,5,openrca::mkt1|mkt1/task_3#5,z_family,0.0
openrca,mkt1,openrca::mkt1,mkt1/task_3,6,openrca::mkt1|mkt1/task_3#6,alertcount,0.0
openrca,mkt1,openrca::mkt1,mkt1/task_3,6,openrca::mkt1|mkt1/task_3#6,baro,0.0
openrca,mkt1,openrca::mkt1,mkt1/task_3,6,openrca::mkt1|mkt1/task_3#6,cd1min,0.0
openrca,mkt1,openrca::mkt1,mkt1/task_3,6,openrca::mkt1|mkt1/task_3#6,z_family,0.0
openrca,mkt1,openrca::mkt1,mkt1/task_3,7,openrca::mkt1|mkt1/task_3#7,alertcount,0.0
openrca,mkt1,openrca::mkt1,mkt1/task_3,7,openrca::mkt1|mkt1/task_3#7,baro,0.0
openrca,mkt1,openrca::mkt1,mkt1/task_3,7,openrca::mkt1|mkt1/task_3#7,cd1min,0.0
openrca,mkt1,openrca::mkt1,mkt1/task_3,7,openrca::mkt1|mkt1/task_3#7,z_family,0.0
openrca,mkt1,openrca::mkt1,mkt1/task_4,0,openrca::mkt1|mkt1/task_4#0,alertcount,0.0
openrca,mkt1,openrca::mkt1,mkt1/task_4,0,openrca::mkt1|mkt1/task_4#0,baro,0.0
openrca,mkt1,openrca::mkt1,mkt1/task_4,0,openrca::mkt1|mkt1/task_4#0,cd1min,0.0
openrca,mkt1,openrca::mkt1,mkt1/task_4,0,openrca::mkt1|mkt1/task_4#0,z_family,0.25
openrca,mkt1,openrca::mkt1,mkt1/task_4,1,openrca::mkt1|mkt1/task_4#1,alertcount,0.0
openrca,mkt1,openrca::mkt1,mkt1/task_4,1,openrca::mkt1|mkt1/task_4#1,baro,0.5
openrca,mkt1,openrca::mkt1,mkt1/task_4,1,openrca::mkt1|mkt1/task_4#1,cd1min,0.5
openrca,mkt1,openrca::mkt1,mkt1/task_4,1,openrca::mkt1|mkt1/task_4#1,z_family,0.0
openrca,mkt1,openrca::mkt1,mkt1/task_4,2,openrca::mkt1|mkt1/task_4#2,alertcount,0.0
openrca,mkt1,openrca::mkt1,mkt1/task_4,2,openrca::mkt1|mkt1/task_4#2,baro,0.25
openrca,mkt1,openrca::mkt1,mkt1/task_4,2,openrca::mkt1|mkt1/task_4#2,cd1min,0.0
openrca,mkt1,openrca::mkt1,mkt1/task_4,2,openrca::mkt1|mkt1/task_4#2,z_family,0.25
openrca,mkt1,openrca::mkt1,mkt1/task_4,3,openrca::mkt1|mkt1/task_4#3,alertcount,0.0
openrca,mkt1,openrca::mkt1,mkt1/task_4,3,openrca::mkt1|mkt1/task_4#3,baro,0.0
openrca,mkt1,openrca::mkt1,mkt1/task_4,3,openrca::mkt1|mkt1/task_4#3,cd1min,0.0
openrca,mkt1,openrca::mkt1,mkt1/task_4,3,openrca::mkt1|mkt1/task_4#3,z_family,0.0
openrca,mkt1,openrca::mkt1,mkt1/task_4,4,openrca::mkt1|mkt1/task_4#4,alertcount,0.0
openrca,mkt1,openrca::mkt1,mkt1/task_4,4,openrca::mkt1|mkt1/task_4#4,baro,0.0
openrca,mkt1,openrca::mkt1,mkt1/task_4,4,openrca::mkt1|mkt1/task_4#4,cd1min,0.0
openrca,mkt1,openrca::mkt1,mkt1/task_4,4,openrca::mkt1|mkt1/task_4#4,z_family,0.0
openrca,mkt1,openrca::mkt1,mkt1/task_4,5,openrca::mkt1|mkt1/task_4#5,alertcount,0.0
openrca,mkt1,openrca::mkt1,mkt1/task_4,5,openrca::mkt1|mkt1/task_4#5,baro,0.0
openrca,mkt1,openrca::mkt1,mkt1/task_4,5,openrca::mkt1|mkt1/task_4#5,cd1min,0.0
openrca,mkt1,openrca::mkt1,mkt1/task_4,5,openrca::mkt1|mkt1/task_4#5,z_family,0.5
openrca,mkt1,openrca::mkt1,mkt1/task_4,6,openrca::mkt1|mkt1/task_4#6,alertcount,0.5
openrca,mkt1,openrca::mkt1,mkt1/task_4,6,openrca::mkt1|mkt1/task_4#6,baro,0.0
openrca,mkt1,openrca::mkt1,mkt1/task_4,6,openrca::mkt1|mkt1/task_4#6,cd1min,0.0
openrca,mkt1,openrca::mkt1,mkt1/task_4,6,openrca::mkt1|mkt1/task_4#6,z_family,0.0
openrca,mkt1,openrca::mkt1,mkt1/task_5,0,openrca::mkt1|mkt1/task_5#0,alertcount,0.0
openrca,mkt1,openrca::mkt1,mkt1/task_5,0,openrca::mkt1|mkt1/task_5#0,baro,0.0
openrca,mkt1,openrca::mkt1,mkt1/task_5,0,openrca::mkt1|mkt1/task_5#0,cd1min,1.0
openrca,mkt1,openrca::mkt1,mkt1/task_5,0,openrca::mkt1|mkt1/task_5#0,z_family,0.5
openrca,mkt1,openrca::mkt1,mkt1/task_5,1,openrca::mkt1|mkt1/task_5#1,alertcount,0.0
openrca,mkt1,openrca::mkt1,mkt1/task_5,1,openrca::mkt1|mkt1/task_5#1,baro,0.0
openrca,mkt1,openrca::mkt1,mkt1/task_5,1,openrca::mkt1|mkt1/task_5#1,cd1min,0.0
openrca,mkt1,openrca::mkt1,mkt1/task_5,1,openrca::mkt1|mkt1/task_5#1,z_family,0.0
openrca,mkt1,openrca::mkt1,mkt1/task_5,2,openrca::mkt1|mkt1/task_5#2,alertcount,0.0
openrca,mkt1,openrca::mkt1,mkt1/task_5,2,openrca::mkt1|mkt1/task_5#2,baro,0.0
openrca,mkt1,openrca::mkt1,mkt1/task_5,2,openrca::mkt1|mkt1/task_5#2,cd1min,0.0
openrca,mkt1,openrca::mkt1,mkt1/task_5,2,openrca::mkt1|mkt1/task_5#2,z_family,0.0
openrca,mkt1,openrca::mkt1,mkt1/task_5,3,openrca::mkt1|mkt1/task_5#3,alertcount,0.0
openrca,mkt1,openrca::mkt1,mkt1/task_5,3,openrca::mkt1|mkt1/task_5#3,baro,0.0
openrca,mkt1,openrca::mkt1,mkt1/task_5,3,openrca::mkt1|mkt1/task_5#3,cd1min,0.0
openrca,mkt1,openrca::mkt1,mkt1/task_5,3,openrca::mkt1|mkt1/task_5#3,z_family,0.0
openrca,mkt1,openrca::mkt1,mkt1/task_5,4,openrca::mkt1|mkt1/task_5#4,alertcount,0.0
openrca,mkt1,openrca::mkt1,mkt1/task_5,4,openrca::mkt1|mkt1/task_5#4,baro,0.0
openrca,mkt1,openrca::mkt1,mkt1/task_5,4,openrca::mkt1|mkt1/task_5#4,cd1min,0.0
openrca,mkt1,openrca::mkt1,mkt1/task_5,4,openrca::mkt1|mkt1/task_5#4,z_family,0.0
openrca,mkt1,openrca::mkt1,mkt1/task_5,5,openrca::mkt1|mkt1/task_5#5,alertcount,0.25
openrca,mkt1,openrca::mkt1,mkt1/task_5,5,openrca::mkt1|mkt1/task_5#5,baro,0.5
openrca,mkt1,openrca::mkt1,mkt1/task_5,5,openrca::mkt1|mkt1/task_5#5,cd1min,0.5
openrca,mkt1,openrca::mkt1,mkt1/task_5,5,openrca::mkt1|mkt1/task_5#5,z_family,0.25
openrca,mkt1,openrca::mkt1,mkt1/task_5,6,openrca::mkt1|mkt1/task_5#6,alertcount,0.5
openrca,mkt1,openrca::mkt1,mkt1/task_5,6,openrca::mkt1|mkt1/task_5#6,baro,0.0
openrca,mkt1,openrca::mkt1,mkt1/task_5,6,openrca::mkt1|mkt1/task_5#6,cd1min,1.0
openrca,mkt1,openrca::mkt1,mkt1/task_5,6,openrca::mkt1|mkt1/task_5#6,z_family,0.5
openrca,mkt1,openrca::mkt1,mkt1/task_5,7,openrca::mkt1|mkt1/task_5#7,alertcount,0.5
openrca,mkt1,openrca::mkt1,mkt1/task_5,7,openrca::mkt1|mkt1/task_5#7,baro,0.0
openrca,mkt1,openrca::mkt1,mkt1/task_5,7,openrca::mkt1|mkt1/task_5#7,cd1min,1.0
openrca,mkt1,openrca::mkt1,mkt1/task_5,7,openrca::mkt1|mkt1/task_5#7,z_family,0.5
openrca,mkt1,openrca::mkt1,mkt1/task_5,8,openrca::mkt1|mkt1/task_5#8,alertcount,0.5
openrca,mkt1,openrca::mkt1,mkt1/task_5,8,openrca::mkt1|mkt1/task_5#8,baro,0.0
openrca,mkt1,openrca::mkt1,mkt1/task_5,8,openrca::mkt1|mkt1/task_5#8,cd1min,0.0
openrca,mkt1,openrca::mkt1,mkt1/task_5,8,openrca::mkt1|mkt1/task_5#8,z_family,0.0
openrca,mkt1,openrca::mkt1,mkt1/task_5,9,openrca::mkt1|mkt1/task_5#9,alertcount,0.0
openrca,mkt1,openrca::mkt1,mkt1/task_5,9,openrca::mkt1|mkt1/task_5#9,baro,0.0
openrca,mkt1,openrca::mkt1,mkt1/task_5,9,openrca::mkt1|mkt1/task_5#9,cd1min,0.0
openrca,mkt1,openrca::mkt1,mkt1/task_5,9,openrca::mkt1|mkt1/task_5#9,z_family,0.0
openrca,mkt1,openrca::mkt1,mkt1/task_6,0,openrca::mkt1|mkt1/task_6#0,alertcount,0.0
openrca,mkt1,openrca::mkt1,mkt1/task_6,0,openrca::mkt1|mkt1/task_6#0,baro,0.0
openrca,mkt1,openrca::mkt1,mkt1/task_6,0,openrca::mkt1|mkt1/task_6#0,cd1min,0.5
openrca,mkt1,openrca::mkt1,mkt1/task_6,0,openrca::mkt1|mkt1/task_6#0,z_family,0.0
openrca,mkt1,openrca::mkt1,mkt1/task_6,1,openrca::mkt1|mkt1/task_6#1,alertcount,0.5
openrca,mkt1,openrca::mkt1,mkt1/task_6,1,openrca::mkt1|mkt1/task_6#1,baro,0.0
openrca,mkt1,openrca::mkt1,mkt1/task_6,1,openrca::mkt1|mkt1/task_6#1,cd1min,0.0
openrca,mkt1,openrca::mkt1,mkt1/task_6,1,openrca::mkt1|mkt1/task_6#1,z_family,0.0
openrca,mkt1,openrca::mkt1,mkt1/task_6,10,openrca::mkt1|mkt1/task_6#10,alertcount,0.0
openrca,mkt1,openrca::mkt1,mkt1/task_6,10,openrca::mkt1|mkt1/task_6#10,baro,0.0
openrca,mkt1,openrca::mkt1,mkt1/task_6,10,openrca::mkt1|mkt1/task_6#10,cd1min,0.5
openrca,mkt1,openrca::mkt1,mkt1/task_6,10,openrca::mkt1|mkt1/task_6#10,z_family,0.0
openrca,mkt1,openrca::mkt1,mkt1/task_6,11,openrca::mkt1|mkt1/task_6#11,alertcount,0.0
openrca,mkt1,openrca::mkt1,mkt1/task_6,11,openrca::mkt1|mkt1/task_6#11,baro,0.0
openrca,mkt1,openrca::mkt1,mkt1/task_6,11,openrca::mkt1|mkt1/task_6#11,cd1min,0.5
openrca,mkt1,openrca::mkt1,mkt1/task_6,11,openrca::mkt1|mkt1/task_6#11,z_family,0.0
openrca,mkt1,openrca::mkt1,mkt1/task_6,2,openrca::mkt1|mkt1/task_6#2,alertcount,0.25
openrca,mkt1,openrca::mkt1,mkt1/task_6,2,openrca::mkt1|mkt1/task_6#2,baro,0.0
openrca,mkt1,openrca::mkt1,mkt1/task_6,2,openrca::mkt1|mkt1/task_6#2,cd1min,0.25
openrca,mkt1,openrca::mkt1,mkt1/task_6,2,openrca::mkt1|mkt1/task_6#2,z_family,0.25
openrca,mkt1,openrca::mkt1,mkt1/task_6,3,openrca::mkt1|mkt1/task_6#3,alertcount,0.25
openrca,mkt1,openrca::mkt1,mkt1/task_6,3,openrca::mkt1|mkt1/task_6#3,baro,0.0
openrca,mkt1,openrca::mkt1,mkt1/task_6,3,openrca::mkt1|mkt1/task_6#3,cd1min,0.25
openrca,mkt1,openrca::mkt1,mkt1/task_6,3,openrca::mkt1|mkt1/task_6#3,z_family,0.25
openrca,mkt1,openrca::mkt1,mkt1/task_6,4,openrca::mkt1|mkt1/task_6#4,alertcount,0.0
openrca,mkt1,openrca::mkt1,mkt1/task_6,4,openrca::mkt1|mkt1/task_6#4,baro,0.0
openrca,mkt1,openrca::mkt1,mkt1/task_6,4,openrca::mkt1|mkt1/task_6#4,cd1min,0.0
openrca,mkt1,openrca::mkt1,mkt1/task_6,4,openrca::mkt1|mkt1/task_6#4,z_family,0.0
openrca,mkt1,openrca::mkt1,mkt1/task_6,5,openrca::mkt1|mkt1/task_6#5,alertcount,0.0
openrca,mkt1,openrca::mkt1,mkt1/task_6,5,openrca::mkt1|mkt1/task_6#5,baro,0.0
openrca,mkt1,openrca::mkt1,mkt1/task_6,5,openrca::mkt1|mkt1/task_6#5,cd1min,0.5
openrca,mkt1,openrca::mkt1,mkt1/task_6,5,openrca::mkt1|mkt1/task_6#5,z_family,0.5
openrca,mkt1,openrca::mkt1,mkt1/task_6,6,openrca::mkt1|mkt1/task_6#6,alertcount,0.0
openrca,mkt1,openrca::mkt1,mkt1/task_6,6,openrca::mkt1|mkt1/task_6#6,baro,0.0
openrca,mkt1,openrca::mkt1,mkt1/task_6,6,openrca::mkt1|mkt1/task_6#6,cd1min,0.0
openrca,mkt1,openrca::mkt1,mkt1/task_6,6,openrca::mkt1|mkt1/task_6#6,z_family,1.0
openrca,mkt1,openrca::mkt1,mkt1/task_6,7,openrca::mkt1|mkt1/task_6#7,alertcount,0.0
openrca,mkt1,openrca::mkt1,mkt1/task_6,7,openrca::mkt1|mkt1/task_6#7,baro,0.0
openrca,mkt1,openrca::mkt1,mkt1/task_6,7,openrca::mkt1|mkt1/task_6#7,cd1min,0.5
openrca,mkt1,openrca::mkt1,mkt1/task_6,7,openrca::mkt1|mkt1/task_6#7,z_family,0.0
openrca,mkt1,openrca::mkt1,mkt1/task_6,8,openrca::mkt1|mkt1/task_6#8,alertcount,0.0
openrca,mkt1,openrca::mkt1,mkt1/task_6,8,openrca::mkt1|mkt1/task_6#8,baro,0.5
openrca,mkt1,openrca::mkt1,mkt1/task_6,8,openrca::mkt1|mkt1/task_6#8,cd1min,0.0
openrca,mkt1,openrca::mkt1,mkt1/task_6,8,openrca::mkt1|mkt1/task_6#8,z_family,1.0
openrca,mkt1,openrca::mkt1,mkt1/task_6,9,openrca::mkt1|mkt1/task_6#9,alertcount,0.0
openrca,mkt1,openrca::mkt1,mkt1/task_6,9,openrca::mkt1|mkt1/task_6#9,baro,0.25
openrca,mkt1,openrca::mkt1,mkt1/task_6,9,openrca::mkt1|mkt1/task_6#9,cd1min,0.25
openrca,mkt1,openrca::mkt1,mkt1/task_6,9,openrca::mkt1|mkt1/task_6#9,z_family,0.5
openrca,mkt1,openrca::mkt1,mkt1/task_7,0,openrca::mkt1|mkt1/task_7#0,alertcount,0.0
openrca,mkt1,openrca::mkt1,mkt1/task_7,0,openrca::mkt1|mkt1/task_7#0,baro,0.33
openrca,mkt1,openrca::mkt1,mkt1/task_7,0,openrca::mkt1|mkt1/task_7#0,cd1min,0.67
openrca,mkt1,openrca::mkt1,mkt1/task_7,0,openrca::mkt1|mkt1/task_7#0,z_family,0.33
openrca,mkt1,openrca::mkt1,mkt1/task_7,1,openrca::mkt1|mkt1/task_7#1,alertcount,0.0
openrca,mkt1,openrca::mkt1,mkt1/task_7,1,openrca::mkt1|mkt1/task_7#1,baro,0.0
openrca,mkt1,openrca::mkt1,mkt1/task_7,1,openrca::mkt1|mkt1/task_7#1,cd1min,0.0
openrca,mkt1,openrca::mkt1,mkt1/task_7,1,openrca::mkt1|mkt1/task_7#1,z_family,0.0
openrca,mkt1,openrca::mkt1,mkt1/task_7,10,openrca::mkt1|mkt1/task_7#10,alertcount,0.0
openrca,mkt1,openrca::mkt1,mkt1/task_7,10,openrca::mkt1|mkt1/task_7#10,baro,0.0
openrca,mkt1,openrca::mkt1,mkt1/task_7,10,openrca::mkt1|mkt1/task_7#10,cd1min,0.0
openrca,mkt1,openrca::mkt1,mkt1/task_7,10,openrca::mkt1|mkt1/task_7#10,z_family,0.0
openrca,mkt1,openrca::mkt1,mkt1/task_7,2,openrca::mkt1|mkt1/task_7#2,alertcount,0.0
openrca,mkt1,openrca::mkt1,mkt1/task_7,2,openrca::mkt1|mkt1/task_7#2,baro,0.0
openrca,mkt1,openrca::mkt1,mkt1/task_7,2,openrca::mkt1|mkt1/task_7#2,cd1min,0.0
openrca,mkt1,openrca::mkt1,mkt1/task_7,2,openrca::mkt1|mkt1/task_7#2,z_family,0.0
openrca,mkt1,openrca::mkt1,mkt1/task_7,3,openrca::mkt1|mkt1/task_7#3,alertcount,0.0
openrca,mkt1,openrca::mkt1,mkt1/task_7,3,openrca::mkt1|mkt1/task_7#3,baro,0.0
openrca,mkt1,openrca::mkt1,mkt1/task_7,3,openrca::mkt1|mkt1/task_7#3,cd1min,0.0
openrca,mkt1,openrca::mkt1,mkt1/task_7,3,openrca::mkt1|mkt1/task_7#3,z_family,0.0
openrca,mkt1,openrca::mkt1,mkt1/task_7,4,openrca::mkt1|mkt1/task_7#4,alertcount,0.0
openrca,mkt1,openrca::mkt1,mkt1/task_7,4,openrca::mkt1|mkt1/task_7#4,baro,0.0
openrca,mkt1,openrca::mkt1,mkt1/task_7,4,openrca::mkt1|mkt1/task_7#4,cd1min,0.0
openrca,mkt1,openrca::mkt1,mkt1/task_7,4,openrca::mkt1|mkt1/task_7#4,z_family,0.0
openrca,mkt1,openrca::mkt1,mkt1/task_7,5,openrca::mkt1|mkt1/task_7#5,alertcount,0.0
openrca,mkt1,openrca::mkt1,mkt1/task_7,5,openrca::mkt1|mkt1/task_7#5,baro,0.33
openrca,mkt1,openrca::mkt1,mkt1/task_7,5,openrca::mkt1|mkt1/task_7#5,cd1min,0.17
openrca,mkt1,openrca::mkt1,mkt1/task_7,5,openrca::mkt1|mkt1/task_7#5,z_family,0.67
openrca,mkt1,openrca::mkt1,mkt1/task_7,6,openrca::mkt1|mkt1/task_7#6,alertcount,0.0
openrca,mkt1,openrca::mkt1,mkt1/task_7,6,openrca::mkt1|mkt1/task_7#6,baro,0.17
openrca,mkt1,openrca::mkt1,mkt1/task_7,6,openrca::mkt1|mkt1/task_7#6,cd1min,0.17
openrca,mkt1,openrca::mkt1,mkt1/task_7,6,openrca::mkt1|mkt1/task_7#6,z_family,0.33
openrca,mkt1,openrca::mkt1,mkt1/task_7,7,openrca::mkt1|mkt1/task_7#7,alertcount,0.0
openrca,mkt1,openrca::mkt1,mkt1/task_7,7,openrca::mkt1|mkt1/task_7#7,baro,0.17
openrca,mkt1,openrca::mkt1,mkt1/task_7,7,openrca::mkt1|mkt1/task_7#7,cd1min,0.17
openrca,mkt1,openrca::mkt1,mkt1/task_7,7,openrca::mkt1|mkt1/task_7#7,z_family,0.0
openrca,mkt1,openrca::mkt1,mkt1/task_7,8,openrca::mkt1|mkt1/task_7#8,alertcount,0.33
openrca,mkt1,openrca::mkt1,mkt1/task_7,8,openrca::mkt1|mkt1/task_7#8,baro,0.0
openrca,mkt1,openrca::mkt1,mkt1/task_7,8,openrca::mkt1|mkt1/task_7#8,cd1min,0.33
openrca,mkt1,openrca::mkt1,mkt1/task_7,8,openrca::mkt1|mkt1/task_7#8,z_family,0.0
openrca,mkt1,openrca::mkt1,mkt1/task_7,9,openrca::mkt1|mkt1/task_7#9,alertcount,0.0
openrca,mkt1,openrca::mkt1,mkt1/task_7,9,openrca::mkt1|mkt1/task_7#9,baro,0.0
openrca,mkt1,openrca::mkt1,mkt1/task_7,9,openrca::mkt1|mkt1/task_7#9,cd1min,0.0
openrca,mkt1,openrca::mkt1,mkt1/task_7,9,openrca::mkt1|mkt1/task_7#9,z_family,0.67
openrca,mkt2,openrca::mkt2,mkt2/task_1,0,openrca::mkt2|mkt2/task_1#0,alertcount,0.0
openrca,mkt2,openrca::mkt2,mkt2/task_1,0,openrca::mkt2|mkt2/task_1#0,baro,0.0
openrca,mkt2,openrca::mkt2,mkt2/task_1,0,openrca::mkt2|mkt2/task_1#0,cd1min,0.0
openrca,mkt2,openrca::mkt2,mkt2/task_1,0,openrca::mkt2|mkt2/task_1#0,z_family,0.0
openrca,mkt2,openrca::mkt2,mkt2/task_1,1,openrca::mkt2|mkt2/task_1#1,alertcount,0.0
openrca,mkt2,openrca::mkt2,mkt2/task_1,1,openrca::mkt2|mkt2/task_1#1,baro,0.0
openrca,mkt2,openrca::mkt2,mkt2/task_1,1,openrca::mkt2|mkt2/task_1#1,cd1min,0.0
openrca,mkt2,openrca::mkt2,mkt2/task_1,1,openrca::mkt2|mkt2/task_1#1,z_family,0.0
openrca,mkt2,openrca::mkt2,mkt2/task_1,2,openrca::mkt2|mkt2/task_1#2,alertcount,0.0
openrca,mkt2,openrca::mkt2,mkt2/task_1,2,openrca::mkt2|mkt2/task_1#2,baro,0.0
openrca,mkt2,openrca::mkt2,mkt2/task_1,2,openrca::mkt2|mkt2/task_1#2,cd1min,0.0
openrca,mkt2,openrca::mkt2,mkt2/task_1,2,openrca::mkt2|mkt2/task_1#2,z_family,0.0
openrca,mkt2,openrca::mkt2,mkt2/task_1,3,openrca::mkt2|mkt2/task_1#3,alertcount,0.0
openrca,mkt2,openrca::mkt2,mkt2/task_1,3,openrca::mkt2|mkt2/task_1#3,baro,0.0
openrca,mkt2,openrca::mkt2,mkt2/task_1,3,openrca::mkt2|mkt2/task_1#3,cd1min,0.0
openrca,mkt2,openrca::mkt2,mkt2/task_1,3,openrca::mkt2|mkt2/task_1#3,z_family,0.0
openrca,mkt2,openrca::mkt2,mkt2/task_1,4,openrca::mkt2|mkt2/task_1#4,alertcount,0.0
openrca,mkt2,openrca::mkt2,mkt2/task_1,4,openrca::mkt2|mkt2/task_1#4,baro,0.5
openrca,mkt2,openrca::mkt2,mkt2/task_1,4,openrca::mkt2|mkt2/task_1#4,cd1min,0.0
openrca,mkt2,openrca::mkt2,mkt2/task_1,4,openrca::mkt2|mkt2/task_1#4,z_family,0.5
openrca,mkt2,openrca::mkt2,mkt2/task_1,5,openrca::mkt2|mkt2/task_1#5,alertcount,0.0
openrca,mkt2,openrca::mkt2,mkt2/task_1,5,openrca::mkt2|mkt2/task_1#5,baro,0.5
openrca,mkt2,openrca::mkt2,mkt2/task_1,5,openrca::mkt2|mkt2/task_1#5,cd1min,0.0
openrca,mkt2,openrca::mkt2,mkt2/task_1,5,openrca::mkt2|mkt2/task_1#5,z_family,0.5
openrca,mkt2,openrca::mkt2,mkt2/task_1,6,openrca::mkt2|mkt2/task_1#6,alertcount,0.0
openrca,mkt2,openrca::mkt2,mkt2/task_1,6,openrca::mkt2|mkt2/task_1#6,baro,0.0
openrca,mkt2,openrca::mkt2,mkt2/task_1,6,openrca::mkt2|mkt2/task_1#6,cd1min,0.5
openrca,mkt2,openrca::mkt2,mkt2/task_1,6,openrca::mkt2|mkt2/task_1#6,z_family,0.0
openrca,mkt2,openrca::mkt2,mkt2/task_2,0,openrca::mkt2|mkt2/task_2#0,alertcount,0.0
openrca,mkt2,openrca::mkt2,mkt2/task_2,0,openrca::mkt2|mkt2/task_2#0,baro,0.0
openrca,mkt2,openrca::mkt2,mkt2/task_2,0,openrca::mkt2|mkt2/task_2#0,cd1min,1.0
openrca,mkt2,openrca::mkt2,mkt2/task_2,0,openrca::mkt2|mkt2/task_2#0,z_family,1.0
openrca,mkt2,openrca::mkt2,mkt2/task_2,1,openrca::mkt2|mkt2/task_2#1,alertcount,0.5
openrca,mkt2,openrca::mkt2,mkt2/task_2,1,openrca::mkt2|mkt2/task_2#1,baro,0.5
openrca,mkt2,openrca::mkt2,mkt2/task_2,1,openrca::mkt2|mkt2/task_2#1,cd1min,0.0
openrca,mkt2,openrca::mkt2,mkt2/task_2,1,openrca::mkt2|mkt2/task_2#1,z_family,0.5
openrca,mkt2,openrca::mkt2,mkt2/task_2,10,openrca::mkt2|mkt2/task_2#10,alertcount,0.5
openrca,mkt2,openrca::mkt2,mkt2/task_2,10,openrca::mkt2|mkt2/task_2#10,baro,0.5
openrca,mkt2,openrca::mkt2,mkt2/task_2,10,openrca::mkt2|mkt2/task_2#10,cd1min,1.0
openrca,mkt2,openrca::mkt2,mkt2/task_2,10,openrca::mkt2|mkt2/task_2#10,z_family,0.0
openrca,mkt2,openrca::mkt2,mkt2/task_2,11,openrca::mkt2|mkt2/task_2#11,alertcount,0.0
openrca,mkt2,openrca::mkt2,mkt2/task_2,11,openrca::mkt2|mkt2/task_2#11,baro,0.0
openrca,mkt2,openrca::mkt2,mkt2/task_2,11,openrca::mkt2|mkt2/task_2#11,cd1min,0.0
openrca,mkt2,openrca::mkt2,mkt2/task_2,11,openrca::mkt2|mkt2/task_2#11,z_family,0.0
openrca,mkt2,openrca::mkt2,mkt2/task_2,12,openrca::mkt2|mkt2/task_2#12,alertcount,0.0
openrca,mkt2,openrca::mkt2,mkt2/task_2,12,openrca::mkt2|mkt2/task_2#12,baro,0.0
openrca,mkt2,openrca::mkt2,mkt2/task_2,12,openrca::mkt2|mkt2/task_2#12,cd1min,0.0
openrca,mkt2,openrca::mkt2,mkt2/task_2,12,openrca::mkt2|mkt2/task_2#12,z_family,0.0
openrca,mkt2,openrca::mkt2,mkt2/task_2,13,openrca::mkt2|mkt2/task_2#13,alertcount,0.0
openrca,mkt2,openrca::mkt2,mkt2/task_2,13,openrca::mkt2|mkt2/task_2#13,baro,0.0
openrca,mkt2,openrca::mkt2,mkt2/task_2,13,openrca::mkt2|mkt2/task_2#13,cd1min,0.0
openrca,mkt2,openrca::mkt2,mkt2/task_2,13,openrca::mkt2|mkt2/task_2#13,z_family,0.0
openrca,mkt2,openrca::mkt2,mkt2/task_2,14,openrca::mkt2|mkt2/task_2#14,alertcount,0.0
openrca,mkt2,openrca::mkt2,mkt2/task_2,14,openrca::mkt2|mkt2/task_2#14,baro,1.0
openrca,mkt2,openrca::mkt2,mkt2/task_2,14,openrca::mkt2|mkt2/task_2#14,cd1min,1.0
openrca,mkt2,openrca::mkt2,mkt2/task_2,14,openrca::mkt2|mkt2/task_2#14,z_family,0.0
openrca,mkt2,openrca::mkt2,mkt2/task_2,2,openrca::mkt2|mkt2/task_2#2,alertcount,0.0
openrca,mkt2,openrca::mkt2,mkt2/task_2,2,openrca::mkt2|mkt2/task_2#2,baro,0.0
openrca,mkt2,openrca::mkt2,mkt2/task_2,2,openrca::mkt2|mkt2/task_2#2,cd1min,0.0
openrca,mkt2,openrca::mkt2,mkt2/task_2,2,openrca::mkt2|mkt2/task_2#2,z_family,0.0
openrca,mkt2,openrca::mkt2,mkt2/task_2,3,openrca::mkt2|mkt2/task_2#3,alertcount,0.0
openrca,mkt2,openrca::mkt2,mkt2/task_2,3,openrca::mkt2|mkt2/task_2#3,baro,0.0
openrca,mkt2,openrca::mkt2,mkt2/task_2,3,openrca::mkt2|mkt2/task_2#3,cd1min,0.0
openrca,mkt2,openrca::mkt2,mkt2/task_2,3,openrca::mkt2|mkt2/task_2#3,z_family,0.5
openrca,mkt2,openrca::mkt2,mkt2/task_2,4,openrca::mkt2|mkt2/task_2#4,alertcount,0.0
openrca,mkt2,openrca::mkt2,mkt2/task_2,4,openrca::mkt2|mkt2/task_2#4,baro,0.0
openrca,mkt2,openrca::mkt2,mkt2/task_2,4,openrca::mkt2|mkt2/task_2#4,cd1min,1.0
openrca,mkt2,openrca::mkt2,mkt2/task_2,4,openrca::mkt2|mkt2/task_2#4,z_family,0.0
openrca,mkt2,openrca::mkt2,mkt2/task_2,5,openrca::mkt2|mkt2/task_2#5,alertcount,0.0
openrca,mkt2,openrca::mkt2,mkt2/task_2,5,openrca::mkt2|mkt2/task_2#5,baro,0.0
openrca,mkt2,openrca::mkt2,mkt2/task_2,5,openrca::mkt2|mkt2/task_2#5,cd1min,0.0
openrca,mkt2,openrca::mkt2,mkt2/task_2,5,openrca::mkt2|mkt2/task_2#5,z_family,0.0
openrca,mkt2,openrca::mkt2,mkt2/task_2,6,openrca::mkt2|mkt2/task_2#6,alertcount,0.0
openrca,mkt2,openrca::mkt2,mkt2/task_2,6,openrca::mkt2|mkt2/task_2#6,baro,0.0
openrca,mkt2,openrca::mkt2,mkt2/task_2,6,openrca::mkt2|mkt2/task_2#6,cd1min,0.0
openrca,mkt2,openrca::mkt2,mkt2/task_2,6,openrca::mkt2|mkt2/task_2#6,z_family,0.0
openrca,mkt2,openrca::mkt2,mkt2/task_2,7,openrca::mkt2|mkt2/task_2#7,alertcount,0.0
openrca,mkt2,openrca::mkt2,mkt2/task_2,7,openrca::mkt2|mkt2/task_2#7,baro,0.0
openrca,mkt2,openrca::mkt2,mkt2/task_2,7,openrca::mkt2|mkt2/task_2#7,cd1min,0.0
openrca,mkt2,openrca::mkt2,mkt2/task_2,7,openrca::mkt2|mkt2/task_2#7,z_family,1.0
openrca,mkt2,openrca::mkt2,mkt2/task_2,8,openrca::mkt2|mkt2/task_2#8,alertcount,0.0
openrca,mkt2,openrca::mkt2,mkt2/task_2,8,openrca::mkt2|mkt2/task_2#8,baro,0.0
openrca,mkt2,openrca::mkt2,mkt2/task_2,8,openrca::mkt2|mkt2/task_2#8,cd1min,0.0
openrca,mkt2,openrca::mkt2,mkt2/task_2,8,openrca::mkt2|mkt2/task_2#8,z_family,0.0
openrca,mkt2,openrca::mkt2,mkt2/task_2,9,openrca::mkt2|mkt2/task_2#9,alertcount,0.0
openrca,mkt2,openrca::mkt2,mkt2/task_2,9,openrca::mkt2|mkt2/task_2#9,baro,0.0
openrca,mkt2,openrca::mkt2,mkt2/task_2,9,openrca::mkt2|mkt2/task_2#9,cd1min,1.0
openrca,mkt2,openrca::mkt2,mkt2/task_2,9,openrca::mkt2|mkt2/task_2#9,z_family,0.0
openrca,mkt2,openrca::mkt2,mkt2/task_3,0,openrca::mkt2|mkt2/task_3#0,alertcount,0.0
openrca,mkt2,openrca::mkt2,mkt2/task_3,0,openrca::mkt2|mkt2/task_3#0,baro,0.5
openrca,mkt2,openrca::mkt2,mkt2/task_3,0,openrca::mkt2|mkt2/task_3#0,cd1min,1.0
openrca,mkt2,openrca::mkt2,mkt2/task_3,0,openrca::mkt2|mkt2/task_3#0,z_family,0.5
openrca,mkt2,openrca::mkt2,mkt2/task_3,1,openrca::mkt2|mkt2/task_3#1,alertcount,0.0
openrca,mkt2,openrca::mkt2,mkt2/task_3,1,openrca::mkt2|mkt2/task_3#1,baro,0.5
openrca,mkt2,openrca::mkt2,mkt2/task_3,1,openrca::mkt2|mkt2/task_3#1,cd1min,1.0
openrca,mkt2,openrca::mkt2,mkt2/task_3,1,openrca::mkt2|mkt2/task_3#1,z_family,0.5
openrca,mkt2,openrca::mkt2,mkt2/task_3,10,openrca::mkt2|mkt2/task_3#10,alertcount,0.0
openrca,mkt2,openrca::mkt2,mkt2/task_3,10,openrca::mkt2|mkt2/task_3#10,baro,0.0
openrca,mkt2,openrca::mkt2,mkt2/task_3,10,openrca::mkt2|mkt2/task_3#10,cd1min,0.0
openrca,mkt2,openrca::mkt2,mkt2/task_3,10,openrca::mkt2|mkt2/task_3#10,z_family,1.0
openrca,mkt2,openrca::mkt2,mkt2/task_3,2,openrca::mkt2|mkt2/task_3#2,alertcount,0.0
openrca,mkt2,openrca::mkt2,mkt2/task_3,2,openrca::mkt2|mkt2/task_3#2,baro,0.0
openrca,mkt2,openrca::mkt2,mkt2/task_3,2,openrca::mkt2|mkt2/task_3#2,cd1min,0.5
openrca,mkt2,openrca::mkt2,mkt2/task_3,2,openrca::mkt2|mkt2/task_3#2,z_family,0.5
openrca,mkt2,openrca::mkt2,mkt2/task_3,3,openrca::mkt2|mkt2/task_3#3,alertcount,0.0
openrca,mkt2,openrca::mkt2,mkt2/task_3,3,openrca::mkt2|mkt2/task_3#3,baro,0.5
openrca,mkt2,openrca::mkt2,mkt2/task_3,3,openrca::mkt2|mkt2/task_3#3,cd1min,0.0
openrca,mkt2,openrca::mkt2,mkt2/task_3,3,openrca::mkt2|mkt2/task_3#3,z_family,0.5
openrca,mkt2,openrca::mkt2,mkt2/task_3,4,openrca::mkt2|mkt2/task_3#4,alertcount,0.0
openrca,mkt2,openrca::mkt2,mkt2/task_3,4,openrca::mkt2|mkt2/task_3#4,baro,0.0
openrca,mkt2,openrca::mkt2,mkt2/task_3,4,openrca::mkt2|mkt2/task_3#4,cd1min,0.0
openrca,mkt2,openrca::mkt2,mkt2/task_3,4,openrca::mkt2|mkt2/task_3#4,z_family,1.0
openrca,mkt2,openrca::mkt2,mkt2/task_3,5,openrca::mkt2|mkt2/task_3#5,alertcount,0.0
openrca,mkt2,openrca::mkt2,mkt2/task_3,5,openrca::mkt2|mkt2/task_3#5,baro,0.0
openrca,mkt2,openrca::mkt2,mkt2/task_3,5,openrca::mkt2|mkt2/task_3#5,cd1min,0.0
openrca,mkt2,openrca::mkt2,mkt2/task_3,5,openrca::mkt2|mkt2/task_3#5,z_family,0.0
openrca,mkt2,openrca::mkt2,mkt2/task_3,6,openrca::mkt2|mkt2/task_3#6,alertcount,0.0
openrca,mkt2,openrca::mkt2,mkt2/task_3,6,openrca::mkt2|mkt2/task_3#6,baro,0.0
openrca,mkt2,openrca::mkt2,mkt2/task_3,6,openrca::mkt2|mkt2/task_3#6,cd1min,0.5
openrca,mkt2,openrca::mkt2,mkt2/task_3,6,openrca::mkt2|mkt2/task_3#6,z_family,0.0
openrca,mkt2,openrca::mkt2,mkt2/task_3,7,openrca::mkt2|mkt2/task_3#7,alertcount,0.0
openrca,mkt2,openrca::mkt2,mkt2/task_3,7,openrca::mkt2|mkt2/task_3#7,baro,0.0
openrca,mkt2,openrca::mkt2,mkt2/task_3,7,openrca::mkt2|mkt2/task_3#7,cd1min,0.0
openrca,mkt2,openrca::mkt2,mkt2/task_3,7,openrca::mkt2|mkt2/task_3#7,z_family,0.0
openrca,mkt2,openrca::mkt2,mkt2/task_3,8,openrca::mkt2|mkt2/task_3#8,alertcount,0.0
openrca,mkt2,openrca::mkt2,mkt2/task_3,8,openrca::mkt2|mkt2/task_3#8,baro,1.0
openrca,mkt2,openrca::mkt2,mkt2/task_3,8,openrca::mkt2|mkt2/task_3#8,cd1min,0.0
openrca,mkt2,openrca::mkt2,mkt2/task_3,8,openrca::mkt2|mkt2/task_3#8,z_family,1.0
openrca,mkt2,openrca::mkt2,mkt2/task_3,9,openrca::mkt2|mkt2/task_3#9,alertcount,0.0
openrca,mkt2,openrca::mkt2,mkt2/task_3,9,openrca::mkt2|mkt2/task_3#9,baro,0.0
openrca,mkt2,openrca::mkt2,mkt2/task_3,9,openrca::mkt2|mkt2/task_3#9,cd1min,0.0
openrca,mkt2,openrca::mkt2,mkt2/task_3,9,openrca::mkt2|mkt2/task_3#9,z_family,0.5
openrca,mkt2,openrca::mkt2,mkt2/task_4,0,openrca::mkt2|mkt2/task_4#0,alertcount,0.0
openrca,mkt2,openrca::mkt2,mkt2/task_4,0,openrca::mkt2|mkt2/task_4#0,baro,0.0
openrca,mkt2,openrca::mkt2,mkt2/task_4,0,openrca::mkt2|mkt2/task_4#0,cd1min,0.0
openrca,mkt2,openrca::mkt2,mkt2/task_4,0,openrca::mkt2|mkt2/task_4#0,z_family,0.25
openrca,mkt2,openrca::mkt2,mkt2/task_4,1,openrca::mkt2|mkt2/task_4#1,alertcount,0.25
openrca,mkt2,openrca::mkt2,mkt2/task_4,1,openrca::mkt2|mkt2/task_4#1,baro,0.25
openrca,mkt2,openrca::mkt2,mkt2/task_4,1,openrca::mkt2|mkt2/task_4#1,cd1min,0.25
openrca,mkt2,openrca::mkt2,mkt2/task_4,1,openrca::mkt2|mkt2/task_4#1,z_family,0.5
openrca,mkt2,openrca::mkt2,mkt2/task_4,10,openrca::mkt2|mkt2/task_4#10,alertcount,0.0
openrca,mkt2,openrca::mkt2,mkt2/task_4,10,openrca::mkt2|mkt2/task_4#10,baro,0.0
openrca,mkt2,openrca::mkt2,mkt2/task_4,10,openrca::mkt2|mkt2/task_4#10,cd1min,0.5
openrca,mkt2,openrca::mkt2,mkt2/task_4,10,openrca::mkt2|mkt2/task_4#10,z_family,0.0
openrca,mkt2,openrca::mkt2,mkt2/task_4,2,openrca::mkt2|mkt2/task_4#2,alertcount,0.0
openrca,mkt2,openrca::mkt2,mkt2/task_4,2,openrca::mkt2|mkt2/task_4#2,baro,0.0
openrca,mkt2,openrca::mkt2,mkt2/task_4,2,openrca::mkt2|mkt2/task_4#2,cd1min,0.0
openrca,mkt2,openrca::mkt2,mkt2/task_4,2,openrca::mkt2|mkt2/task_4#2,z_family,0.0
openrca,mkt2,openrca::mkt2,mkt2/task_4,3,openrca::mkt2|mkt2/task_4#3,alertcount,0.0
openrca,mkt2,openrca::mkt2,mkt2/task_4,3,openrca::mkt2|mkt2/task_4#3,baro,0.0
openrca,mkt2,openrca::mkt2,mkt2/task_4,3,openrca::mkt2|mkt2/task_4#3,cd1min,0.0
openrca,mkt2,openrca::mkt2,mkt2/task_4,3,openrca::mkt2|mkt2/task_4#3,z_family,0.5
openrca,mkt2,openrca::mkt2,mkt2/task_4,4,openrca::mkt2|mkt2/task_4#4,alertcount,0.0
openrca,mkt2,openrca::mkt2,mkt2/task_4,4,openrca::mkt2|mkt2/task_4#4,baro,0.0
openrca,mkt2,openrca::mkt2,mkt2/task_4,4,openrca::mkt2|mkt2/task_4#4,cd1min,0.0
openrca,mkt2,openrca::mkt2,mkt2/task_4,4,openrca::mkt2|mkt2/task_4#4,z_family,0.5
openrca,mkt2,openrca::mkt2,mkt2/task_4,5,openrca::mkt2|mkt2/task_4#5,alertcount,0.5
openrca,mkt2,openrca::mkt2,mkt2/task_4,5,openrca::mkt2|mkt2/task_4#5,baro,0.5
openrca,mkt2,openrca::mkt2,mkt2/task_4,5,openrca::mkt2|mkt2/task_4#5,cd1min,0.5
openrca,mkt2,openrca::mkt2,mkt2/task_4,5,openrca::mkt2|mkt2/task_4#5,z_family,0.0
openrca,mkt2,openrca::mkt2,mkt2/task_4,6,openrca::mkt2|mkt2/task_4#6,alertcount,0.0
openrca,mkt2,openrca::mkt2,mkt2/task_4,6,openrca::mkt2|mkt2/task_4#6,baro,0.5
openrca,mkt2,openrca::mkt2,mkt2/task_4,6,openrca::mkt2|mkt2/task_4#6,cd1min,0.25
openrca,mkt2,openrca::mkt2,mkt2/task_4,6,openrca::mkt2|mkt2/task_4#6,z_family,0.5
openrca,mkt2,openrca::mkt2,mkt2/task_4,7,openrca::mkt2|mkt2/task_4#7,alertcount,0.0
openrca,mkt2,openrca::mkt2,mkt2/task_4,7,openrca::mkt2|mkt2/task_4#7,baro,0.0
openrca,mkt2,openrca::mkt2,mkt2/task_4,7,openrca::mkt2|mkt2/task_4#7,cd1min,0.0
openrca,mkt2,openrca::mkt2,mkt2/task_4,7,openrca::mkt2|mkt2/task_4#7,z_family,0.0
openrca,mkt2,openrca::mkt2,mkt2/task_4,8,openrca::mkt2|mkt2/task_4#8,alertcount,0.0
openrca,mkt2,openrca::mkt2,mkt2/task_4,8,openrca::mkt2|mkt2/task_4#8,baro,0.0
openrca,mkt2,openrca::mkt2,mkt2/task_4,8,openrca::mkt2|mkt2/task_4#8,cd1min,0.25
openrca,mkt2,openrca::mkt2,mkt2/task_4,8,openrca::mkt2|mkt2/task_4#8,z_family,0.0
openrca,mkt2,openrca::mkt2,mkt2/task_4,9,openrca::mkt2|mkt2/task_4#9,alertcount,0.5
openrca,mkt2,openrca::mkt2,mkt2/task_4,9,openrca::mkt2|mkt2/task_4#9,baro,0.0
openrca,mkt2,openrca::mkt2,mkt2/task_4,9,openrca::mkt2|mkt2/task_4#9,cd1min,0.5
openrca,mkt2,openrca::mkt2,mkt2/task_4,9,openrca::mkt2|mkt2/task_4#9,z_family,0.0
openrca,mkt2,openrca::mkt2,mkt2/task_5,0,openrca::mkt2|mkt2/task_5#0,alertcount,0.0
openrca,mkt2,openrca::mkt2,mkt2/task_5,0,openrca::mkt2|mkt2/task_5#0,baro,0.0
openrca,mkt2,openrca::mkt2,mkt2/task_5,0,openrca::mkt2|mkt2/task_5#0,cd1min,0.0
openrca,mkt2,openrca::mkt2,mkt2/task_5,0,openrca::mkt2|mkt2/task_5#0,z_family,0.0
openrca,mkt2,openrca::mkt2,mkt2/task_5,1,openrca::mkt2|mkt2/task_5#1,alertcount,0.0
openrca,mkt2,openrca::mkt2,mkt2/task_5,1,openrca::mkt2|mkt2/task_5#1,baro,0.0
openrca,mkt2,openrca::mkt2,mkt2/task_5,1,openrca::mkt2|mkt2/task_5#1,cd1min,0.0
openrca,mkt2,openrca::mkt2,mkt2/task_5,1,openrca::mkt2|mkt2/task_5#1,z_family,0.0
openrca,mkt2,openrca::mkt2,mkt2/task_5,10,openrca::mkt2|mkt2/task_5#10,alertcount,0.0
openrca,mkt2,openrca::mkt2,mkt2/task_5,10,openrca::mkt2|mkt2/task_5#10,baro,0.5
openrca,mkt2,openrca::mkt2,mkt2/task_5,10,openrca::mkt2|mkt2/task_5#10,cd1min,0.5
openrca,mkt2,openrca::mkt2,mkt2/task_5,10,openrca::mkt2|mkt2/task_5#10,z_family,0.0
openrca,mkt2,openrca::mkt2,mkt2/task_5,11,openrca::mkt2|mkt2/task_5#11,alertcount,0.0
openrca,mkt2,openrca::mkt2,mkt2/task_5,11,openrca::mkt2|mkt2/task_5#11,baro,0.0
openrca,mkt2,openrca::mkt2,mkt2/task_5,11,openrca::mkt2|mkt2/task_5#11,cd1min,0.0
openrca,mkt2,openrca::mkt2,mkt2/task_5,11,openrca::mkt2|mkt2/task_5#11,z_family,0.0
openrca,mkt2,openrca::mkt2,mkt2/task_5,2,openrca::mkt2|mkt2/task_5#2,alertcount,0.0
openrca,mkt2,openrca::mkt2,mkt2/task_5,2,openrca::mkt2|mkt2/task_5#2,baro,0.0
openrca,mkt2,openrca::mkt2,mkt2/task_5,2,openrca::mkt2|mkt2/task_5#2,cd1min,0.0
openrca,mkt2,openrca::mkt2,mkt2/task_5,2,openrca::mkt2|mkt2/task_5#2,z_family,0.0
openrca,mkt2,openrca::mkt2,mkt2/task_5,3,openrca::mkt2|mkt2/task_5#3,alertcount,0.0
openrca,mkt2,openrca::mkt2,mkt2/task_5,3,openrca::mkt2|mkt2/task_5#3,baro,0.0
openrca,mkt2,openrca::mkt2,mkt2/task_5,3,openrca::mkt2|mkt2/task_5#3,cd1min,1.0
openrca,mkt2,openrca::mkt2,mkt2/task_5,3,openrca::mkt2|mkt2/task_5#3,z_family,0.0
openrca,mkt2,openrca::mkt2,mkt2/task_5,4,openrca::mkt2|mkt2/task_5#4,alertcount,0.0
openrca,mkt2,openrca::mkt2,mkt2/task_5,4,openrca::mkt2|mkt2/task_5#4,baro,0.0
openrca,mkt2,openrca::mkt2,mkt2/task_5,4,openrca::mkt2|mkt2/task_5#4,cd1min,0.0
openrca,mkt2,openrca::mkt2,mkt2/task_5,4,openrca::mkt2|mkt2/task_5#4,z_family,0.0
openrca,mkt2,openrca::mkt2,mkt2/task_5,5,openrca::mkt2|mkt2/task_5#5,alertcount,0.0
openrca,mkt2,openrca::mkt2,mkt2/task_5,5,openrca::mkt2|mkt2/task_5#5,baro,0.0
openrca,mkt2,openrca::mkt2,mkt2/task_5,5,openrca::mkt2|mkt2/task_5#5,cd1min,0.0
openrca,mkt2,openrca::mkt2,mkt2/task_5,5,openrca::mkt2|mkt2/task_5#5,z_family,0.25
openrca,mkt2,openrca::mkt2,mkt2/task_5,6,openrca::mkt2|mkt2/task_5#6,alertcount,0.0
openrca,mkt2,openrca::mkt2,mkt2/task_5,6,openrca::mkt2|mkt2/task_5#6,baro,0.0
openrca,mkt2,openrca::mkt2,mkt2/task_5,6,openrca::mkt2|mkt2/task_5#6,cd1min,0.0
openrca,mkt2,openrca::mkt2,mkt2/task_5,6,openrca::mkt2|mkt2/task_5#6,z_family,0.0
openrca,mkt2,openrca::mkt2,mkt2/task_5,7,openrca::mkt2|mkt2/task_5#7,alertcount,0.0
openrca,mkt2,openrca::mkt2,mkt2/task_5,7,openrca::mkt2|mkt2/task_5#7,baro,0.0
openrca,mkt2,openrca::mkt2,mkt2/task_5,7,openrca::mkt2|mkt2/task_5#7,cd1min,0.0
openrca,mkt2,openrca::mkt2,mkt2/task_5,7,openrca::mkt2|mkt2/task_5#7,z_family,0.0
openrca,mkt2,openrca::mkt2,mkt2/task_5,8,openrca::mkt2|mkt2/task_5#8,alertcount,0.0
openrca,mkt2,openrca::mkt2,mkt2/task_5,8,openrca::mkt2|mkt2/task_5#8,baro,0.0
openrca,mkt2,openrca::mkt2,mkt2/task_5,8,openrca::mkt2|mkt2/task_5#8,cd1min,0.5
openrca,mkt2,openrca::mkt2,mkt2/task_5,8,openrca::mkt2|mkt2/task_5#8,z_family,0.0
openrca,mkt2,openrca::mkt2,mkt2/task_5,9,openrca::mkt2|mkt2/task_5#9,alertcount,0.0
openrca,mkt2,openrca::mkt2,mkt2/task_5,9,openrca::mkt2|mkt2/task_5#9,baro,0.0
openrca,mkt2,openrca::mkt2,mkt2/task_5,9,openrca::mkt2|mkt2/task_5#9,cd1min,1.0
openrca,mkt2,openrca::mkt2,mkt2/task_5,9,openrca::mkt2|mkt2/task_5#9,z_family,0.0
openrca,mkt2,openrca::mkt2,mkt2/task_6,0,openrca::mkt2|mkt2/task_6#0,alertcount,0.0
openrca,mkt2,openrca::mkt2,mkt2/task_6,0,openrca::mkt2|mkt2/task_6#0,baro,0.0
openrca,mkt2,openrca::mkt2,mkt2/task_6,0,openrca::mkt2|mkt2/task_6#0,cd1min,0.0
openrca,mkt2,openrca::mkt2,mkt2/task_6,0,openrca::mkt2|mkt2/task_6#0,z_family,0.0
openrca,mkt2,openrca::mkt2,mkt2/task_6,1,openrca::mkt2|mkt2/task_6#1,alertcount,0.0
openrca,mkt2,openrca::mkt2,mkt2/task_6,1,openrca::mkt2|mkt2/task_6#1,baro,0.0
openrca,mkt2,openrca::mkt2,mkt2/task_6,1,openrca::mkt2|mkt2/task_6#1,cd1min,0.25
openrca,mkt2,openrca::mkt2,mkt2/task_6,1,openrca::mkt2|mkt2/task_6#1,z_family,0.25
openrca,mkt2,openrca::mkt2,mkt2/task_6,10,openrca::mkt2|mkt2/task_6#10,alertcount,0.0
openrca,mkt2,openrca::mkt2,mkt2/task_6,10,openrca::mkt2|mkt2/task_6#10,baro,0.0
openrca,mkt2,openrca::mkt2,mkt2/task_6,10,openrca::mkt2|mkt2/task_6#10,cd1min,0.0
openrca,mkt2,openrca::mkt2,mkt2/task_6,10,openrca::mkt2|mkt2/task_6#10,z_family,0.0
openrca,mkt2,openrca::mkt2,mkt2/task_6,11,openrca::mkt2|mkt2/task_6#11,alertcount,0.0
openrca,mkt2,openrca::mkt2,mkt2/task_6,11,openrca::mkt2|mkt2/task_6#11,baro,0.0
openrca,mkt2,openrca::mkt2,mkt2/task_6,11,openrca::mkt2|mkt2/task_6#11,cd1min,0.0
openrca,mkt2,openrca::mkt2,mkt2/task_6,11,openrca::mkt2|mkt2/task_6#11,z_family,0.0
openrca,mkt2,openrca::mkt2,mkt2/task_6,12,openrca::mkt2|mkt2/task_6#12,alertcount,0.25
openrca,mkt2,openrca::mkt2,mkt2/task_6,12,openrca::mkt2|mkt2/task_6#12,baro,0.25
openrca,mkt2,openrca::mkt2,mkt2/task_6,12,openrca::mkt2|mkt2/task_6#12,cd1min,0.5
openrca,mkt2,openrca::mkt2,mkt2/task_6,12,openrca::mkt2|mkt2/task_6#12,z_family,0.0
openrca,mkt2,openrca::mkt2,mkt2/task_6,13,openrca::mkt2|mkt2/task_6#13,alertcount,0.0
openrca,mkt2,openrca::mkt2,mkt2/task_6,13,openrca::mkt2|mkt2/task_6#13,baro,0.0
openrca,mkt2,openrca::mkt2,mkt2/task_6,13,openrca::mkt2|mkt2/task_6#13,cd1min,0.0
openrca,mkt2,openrca::mkt2,mkt2/task_6,13,openrca::mkt2|mkt2/task_6#13,z_family,0.0
openrca,mkt2,openrca::mkt2,mkt2/task_6,14,openrca::mkt2|mkt2/task_6#14,alertcount,0.0
openrca,mkt2,openrca::mkt2,mkt2/task_6,14,openrca::mkt2|mkt2/task_6#14,baro,0.5
openrca,mkt2,openrca::mkt2,mkt2/task_6,14,openrca::mkt2|mkt2/task_6#14,cd1min,0.0
openrca,mkt2,openrca::mkt2,mkt2/task_6,14,openrca::mkt2|mkt2/task_6#14,z_family,0.0
openrca,mkt2,openrca::mkt2,mkt2/task_6,15,openrca::mkt2|mkt2/task_6#15,alertcount,0.0
openrca,mkt2,openrca::mkt2,mkt2/task_6,15,openrca::mkt2|mkt2/task_6#15,baro,0.0
openrca,mkt2,openrca::mkt2,mkt2/task_6,15,openrca::mkt2|mkt2/task_6#15,cd1min,0.0
openrca,mkt2,openrca::mkt2,mkt2/task_6,15,openrca::mkt2|mkt2/task_6#15,z_family,0.0
openrca,mkt2,openrca::mkt2,mkt2/task_6,2,openrca::mkt2|mkt2/task_6#2,alertcount,0.0
openrca,mkt2,openrca::mkt2,mkt2/task_6,2,openrca::mkt2|mkt2/task_6#2,baro,0.0
openrca,mkt2,openrca::mkt2,mkt2/task_6,2,openrca::mkt2|mkt2/task_6#2,cd1min,0.25
openrca,mkt2,openrca::mkt2,mkt2/task_6,2,openrca::mkt2|mkt2/task_6#2,z_family,0.75
openrca,mkt2,openrca::mkt2,mkt2/task_6,3,openrca::mkt2|mkt2/task_6#3,alertcount,0.0
openrca,mkt2,openrca::mkt2,mkt2/task_6,3,openrca::mkt2|mkt2/task_6#3,baro,0.0
openrca,mkt2,openrca::mkt2,mkt2/task_6,3,openrca::mkt2|mkt2/task_6#3,cd1min,0.25
openrca,mkt2,openrca::mkt2,mkt2/task_6,3,openrca::mkt2|mkt2/task_6#3,z_family,0.75
openrca,mkt2,openrca::mkt2,mkt2/task_6,4,openrca::mkt2|mkt2/task_6#4,alertcount,0.25
openrca,mkt2,openrca::mkt2,mkt2/task_6,4,openrca::mkt2|mkt2/task_6#4,baro,0.25
openrca,mkt2,openrca::mkt2,mkt2/task_6,4,openrca::mkt2|mkt2/task_6#4,cd1min,0.0
openrca,mkt2,openrca::mkt2,mkt2/task_6,4,openrca::mkt2|mkt2/task_6#4,z_family,0.5
openrca,mkt2,openrca::mkt2,mkt2/task_6,5,openrca::mkt2|mkt2/task_6#5,alertcount,0.0
openrca,mkt2,openrca::mkt2,mkt2/task_6,5,openrca::mkt2|mkt2/task_6#5,baro,0.0
openrca,mkt2,openrca::mkt2,mkt2/task_6,5,openrca::mkt2|mkt2/task_6#5,cd1min,0.0
openrca,mkt2,openrca::mkt2,mkt2/task_6,5,openrca::mkt2|mkt2/task_6#5,z_family,0.0
openrca,mkt2,openrca::mkt2,mkt2/task_6,6,openrca::mkt2|mkt2/task_6#6,alertcount,0.0
openrca,mkt2,openrca::mkt2,mkt2/task_6,6,openrca::mkt2|mkt2/task_6#6,baro,0.0
openrca,mkt2,openrca::mkt2,mkt2/task_6,6,openrca::mkt2|mkt2/task_6#6,cd1min,0.0
openrca,mkt2,openrca::mkt2,mkt2/task_6,6,openrca::mkt2|mkt2/task_6#6,z_family,0.0
openrca,mkt2,openrca::mkt2,mkt2/task_6,7,openrca::mkt2|mkt2/task_6#7,alertcount,0.0
openrca,mkt2,openrca::mkt2,mkt2/task_6,7,openrca::mkt2|mkt2/task_6#7,baro,0.0
openrca,mkt2,openrca::mkt2,mkt2/task_6,7,openrca::mkt2|mkt2/task_6#7,cd1min,0.0
openrca,mkt2,openrca::mkt2,mkt2/task_6,7,openrca::mkt2|mkt2/task_6#7,z_family,1.0
openrca,mkt2,openrca::mkt2,mkt2/task_6,8,openrca::mkt2|mkt2/task_6#8,alertcount,0.0
openrca,mkt2,openrca::mkt2,mkt2/task_6,8,openrca::mkt2|mkt2/task_6#8,baro,0.0
openrca,mkt2,openrca::mkt2,mkt2/task_6,8,openrca::mkt2|mkt2/task_6#8,cd1min,0.0
openrca,mkt2,openrca::mkt2,mkt2/task_6,8,openrca::mkt2|mkt2/task_6#8,z_family,0.0
openrca,mkt2,openrca::mkt2,mkt2/task_6,9,openrca::mkt2|mkt2/task_6#9,alertcount,0.0
openrca,mkt2,openrca::mkt2,mkt2/task_6,9,openrca::mkt2|mkt2/task_6#9,baro,0.0
openrca,mkt2,openrca::mkt2,mkt2/task_6,9,openrca::mkt2|mkt2/task_6#9,cd1min,0.0
openrca,mkt2,openrca::mkt2,mkt2/task_6,9,openrca::mkt2|mkt2/task_6#9,z_family,0.0
openrca,mkt2,openrca::mkt2,mkt2/task_7,0,openrca::mkt2|mkt2/task_7#0,alertcount,0.0
openrca,mkt2,openrca::mkt2,mkt2/task_7,0,openrca::mkt2|mkt2/task_7#0,baro,0.0
openrca,mkt2,openrca::mkt2,mkt2/task_7,0,openrca::mkt2|mkt2/task_7#0,cd1min,0.0
openrca,mkt2,openrca::mkt2,mkt2/task_7,0,openrca::mkt2|mkt2/task_7#0,z_family,0.0
openrca,mkt2,openrca::mkt2,mkt2/task_7,1,openrca::mkt2|mkt2/task_7#1,alertcount,0.0
openrca,mkt2,openrca::mkt2,mkt2/task_7,1,openrca::mkt2|mkt2/task_7#1,baro,0.0
openrca,mkt2,openrca::mkt2,mkt2/task_7,1,openrca::mkt2|mkt2/task_7#1,cd1min,0.0
openrca,mkt2,openrca::mkt2,mkt2/task_7,1,openrca::mkt2|mkt2/task_7#1,z_family,0.0
openrca,mkt2,openrca::mkt2,mkt2/task_7,2,openrca::mkt2|mkt2/task_7#2,alertcount,0.0
openrca,mkt2,openrca::mkt2,mkt2/task_7,2,openrca::mkt2|mkt2/task_7#2,baro,0.0
openrca,mkt2,openrca::mkt2,mkt2/task_7,2,openrca::mkt2|mkt2/task_7#2,cd1min,0.0
openrca,mkt2,openrca::mkt2,mkt2/task_7,2,openrca::mkt2|mkt2/task_7#2,z_family,0.0
openrca,mkt2,openrca::mkt2,mkt2/task_7,3,openrca::mkt2|mkt2/task_7#3,alertcount,0.33
openrca,mkt2,openrca::mkt2,mkt2/task_7,3,openrca::mkt2|mkt2/task_7#3,baro,0.0
openrca,mkt2,openrca::mkt2,mkt2/task_7,3,openrca::mkt2|mkt2/task_7#3,cd1min,0.0
openrca,mkt2,openrca::mkt2,mkt2/task_7,3,openrca::mkt2|mkt2/task_7#3,z_family,0.33
openrca,mkt2,openrca::mkt2,mkt2/task_7,4,openrca::mkt2|mkt2/task_7#4,alertcount,0.0
openrca,mkt2,openrca::mkt2,mkt2/task_7,4,openrca::mkt2|mkt2/task_7#4,baro,0.0
openrca,mkt2,openrca::mkt2,mkt2/task_7,4,openrca::mkt2|mkt2/task_7#4,cd1min,0.0
openrca,mkt2,openrca::mkt2,mkt2/task_7,4,openrca::mkt2|mkt2/task_7#4,z_family,0.0
openrca,mkt2,openrca::mkt2,mkt2/task_7,5,openrca::mkt2|mkt2/task_7#5,alertcount,0.0
openrca,mkt2,openrca::mkt2,mkt2/task_7,5,openrca::mkt2|mkt2/task_7#5,baro,0.0
openrca,mkt2,openrca::mkt2,mkt2/task_7,5,openrca::mkt2|mkt2/task_7#5,cd1min,0.0
openrca,mkt2,openrca::mkt2,mkt2/task_7,5,openrca::mkt2|mkt2/task_7#5,z_family,0.0
openrca,tel,openrca::tel,tel/task_1,0,openrca::tel|tel/task_1#0,alertcount,1.0
openrca,tel,openrca::tel,tel/task_1,0,openrca::tel|tel/task_1#0,baro,0.0
openrca,tel,openrca::tel,tel/task_1,0,openrca::tel|tel/task_1#0,cd1min,1.0
openrca,tel,openrca::tel,tel/task_1,0,openrca::tel|tel/task_1#0,z_family,1.0
openrca,tel,openrca::tel,tel/task_1,1,openrca::tel|tel/task_1#1,alertcount,0.0
openrca,tel,openrca::tel,tel/task_1,1,openrca::tel|tel/task_1#1,baro,0.0
openrca,tel,openrca::tel,tel/task_1,1,openrca::tel|tel/task_1#1,cd1min,0.0
openrca,tel,openrca::tel,tel/task_1,1,openrca::tel|tel/task_1#1,z_family,0.0
openrca,tel,openrca::tel,tel/task_1,2,openrca::tel|tel/task_1#2,alertcount,0.0
openrca,tel,openrca::tel,tel/task_1,2,openrca::tel|tel/task_1#2,baro,0.0
openrca,tel,openrca::tel,tel/task_1,2,openrca::tel|tel/task_1#2,cd1min,0.0
openrca,tel,openrca::tel,tel/task_1,2,openrca::tel|tel/task_1#2,z_family,0.0
openrca,tel,openrca::tel,tel/task_1,3,openrca::tel|tel/task_1#3,alertcount,0.0
openrca,tel,openrca::tel,tel/task_1,3,openrca::tel|tel/task_1#3,baro,0.0
openrca,tel,openrca::tel,tel/task_1,3,openrca::tel|tel/task_1#3,cd1min,0.0
openrca,tel,openrca::tel,tel/task_1,3,openrca::tel|tel/task_1#3,z_family,0.0
openrca,tel,openrca::tel,tel/task_1,4,openrca::tel|tel/task_1#4,alertcount,0.0
openrca,tel,openrca::tel,tel/task_1,4,openrca::tel|tel/task_1#4,baro,0.0
openrca,tel,openrca::tel,tel/task_1,4,openrca::tel|tel/task_1#4,cd1min,0.0
openrca,tel,openrca::tel,tel/task_1,4,openrca::tel|tel/task_1#4,z_family,0.0
openrca,tel,openrca::tel,tel/task_1,5,openrca::tel|tel/task_1#5,alertcount,0.0
openrca,tel,openrca::tel,tel/task_1,5,openrca::tel|tel/task_1#5,baro,0.0
openrca,tel,openrca::tel,tel/task_1,5,openrca::tel|tel/task_1#5,cd1min,0.0
openrca,tel,openrca::tel,tel/task_1,5,openrca::tel|tel/task_1#5,z_family,0.0
openrca,tel,openrca::tel,tel/task_1,6,openrca::tel|tel/task_1#6,alertcount,0.0
openrca,tel,openrca::tel,tel/task_1,6,openrca::tel|tel/task_1#6,baro,0.0
openrca,tel,openrca::tel,tel/task_1,6,openrca::tel|tel/task_1#6,cd1min,0.0
openrca,tel,openrca::tel,tel/task_1,6,openrca::tel|tel/task_1#6,z_family,0.0
openrca,tel,openrca::tel,tel/task_1,7,openrca::tel|tel/task_1#7,alertcount,0.0
openrca,tel,openrca::tel,tel/task_1,7,openrca::tel|tel/task_1#7,baro,0.0
openrca,tel,openrca::tel,tel/task_1,7,openrca::tel|tel/task_1#7,cd1min,0.0
openrca,tel,openrca::tel,tel/task_1,7,openrca::tel|tel/task_1#7,z_family,0.0
openrca,tel,openrca::tel,tel/task_1,8,openrca::tel|tel/task_1#8,alertcount,0.0
openrca,tel,openrca::tel,tel/task_1,8,openrca::tel|tel/task_1#8,baro,0.0
openrca,tel,openrca::tel,tel/task_1,8,openrca::tel|tel/task_1#8,cd1min,0.0
openrca,tel,openrca::tel,tel/task_1,8,openrca::tel|tel/task_1#8,z_family,0.0
openrca,tel,openrca::tel,tel/task_1,9,openrca::tel|tel/task_1#9,alertcount,0.0
openrca,tel,openrca::tel,tel/task_1,9,openrca::tel|tel/task_1#9,baro,0.0
openrca,tel,openrca::tel,tel/task_1,9,openrca::tel|tel/task_1#9,cd1min,0.0
openrca,tel,openrca::tel,tel/task_1,9,openrca::tel|tel/task_1#9,z_family,1.0
openrca,tel,openrca::tel,tel/task_2,0,openrca::tel|tel/task_2#0,alertcount,1.0
openrca,tel,openrca::tel,tel/task_2,0,openrca::tel|tel/task_2#0,baro,1.0
openrca,tel,openrca::tel,tel/task_2,0,openrca::tel|tel/task_2#0,cd1min,1.0
openrca,tel,openrca::tel,tel/task_2,0,openrca::tel|tel/task_2#0,z_family,0.0
openrca,tel,openrca::tel,tel/task_2,1,openrca::tel|tel/task_2#1,alertcount,0.0
openrca,tel,openrca::tel,tel/task_2,1,openrca::tel|tel/task_2#1,baro,0.0
openrca,tel,openrca::tel,tel/task_2,1,openrca::tel|tel/task_2#1,cd1min,1.0
openrca,tel,openrca::tel,tel/task_2,1,openrca::tel|tel/task_2#1,z_family,0.0
openrca,tel,openrca::tel,tel/task_2,2,openrca::tel|tel/task_2#2,alertcount,1.0
openrca,tel,openrca::tel,tel/task_2,2,openrca::tel|tel/task_2#2,baro,1.0
openrca,tel,openrca::tel,tel/task_2,2,openrca::tel|tel/task_2#2,cd1min,0.0
openrca,tel,openrca::tel,tel/task_2,2,openrca::tel|tel/task_2#2,z_family,1.0
openrca,tel,openrca::tel,tel/task_2,3,openrca::tel|tel/task_2#3,alertcount,1.0
openrca,tel,openrca::tel,tel/task_2,3,openrca::tel|tel/task_2#3,baro,1.0
openrca,tel,openrca::tel,tel/task_2,3,openrca::tel|tel/task_2#3,cd1min,0.0
openrca,tel,openrca::tel,tel/task_2,3,openrca::tel|tel/task_2#3,z_family,1.0
openrca,tel,openrca::tel,tel/task_2,4,openrca::tel|tel/task_2#4,alertcount,1.0
openrca,tel,openrca::tel,tel/task_2,4,openrca::tel|tel/task_2#4,baro,1.0
openrca,tel,openrca::tel,tel/task_2,4,openrca::tel|tel/task_2#4,cd1min,0.0
openrca,tel,openrca::tel,tel/task_2,4,openrca::tel|tel/task_2#4,z_family,1.0
openrca,tel,openrca::tel,tel/task_2,5,openrca::tel|tel/task_2#5,alertcount,0.0
openrca,tel,openrca::tel,tel/task_2,5,openrca::tel|tel/task_2#5,baro,0.0
openrca,tel,openrca::tel,tel/task_2,5,openrca::tel|tel/task_2#5,cd1min,0.0
openrca,tel,openrca::tel,tel/task_2,5,openrca::tel|tel/task_2#5,z_family,0.0
openrca,tel,openrca::tel,tel/task_2,6,openrca::tel|tel/task_2#6,alertcount,0.0
openrca,tel,openrca::tel,tel/task_2,6,openrca::tel|tel/task_2#6,baro,0.0
openrca,tel,openrca::tel,tel/task_2,6,openrca::tel|tel/task_2#6,cd1min,1.0
openrca,tel,openrca::tel,tel/task_2,6,openrca::tel|tel/task_2#6,z_family,0.0
openrca,tel,openrca::tel,tel/task_2,7,openrca::tel|tel/task_2#7,alertcount,1.0
openrca,tel,openrca::tel,tel/task_2,7,openrca::tel|tel/task_2#7,baro,1.0
openrca,tel,openrca::tel,tel/task_2,7,openrca::tel|tel/task_2#7,cd1min,1.0
openrca,tel,openrca::tel,tel/task_2,7,openrca::tel|tel/task_2#7,z_family,0.0
openrca,tel,openrca::tel,tel/task_2,8,openrca::tel|tel/task_2#8,alertcount,0.0
openrca,tel,openrca::tel,tel/task_2,8,openrca::tel|tel/task_2#8,baro,0.0
openrca,tel,openrca::tel,tel/task_2,8,openrca::tel|tel/task_2#8,cd1min,0.0
openrca,tel,openrca::tel,tel/task_2,8,openrca::tel|tel/task_2#8,z_family,0.0
openrca,tel,openrca::tel,tel/task_2,9,openrca::tel|tel/task_2#9,alertcount,1.0
openrca,tel,openrca::tel,tel/task_2,9,openrca::tel|tel/task_2#9,baro,1.0
openrca,tel,openrca::tel,tel/task_2,9,openrca::tel|tel/task_2#9,cd1min,1.0
openrca,tel,openrca::tel,tel/task_2,9,openrca::tel|tel/task_2#9,z_family,1.0
openrca,tel,openrca::tel,tel/task_3,0,openrca::tel|tel/task_3#0,alertcount,0.0
openrca,tel,openrca::tel,tel/task_3,0,openrca::tel|tel/task_3#0,baro,0.0
openrca,tel,openrca::tel,tel/task_3,0,openrca::tel|tel/task_3#0,cd1min,1.0
openrca,tel,openrca::tel,tel/task_3,0,openrca::tel|tel/task_3#0,z_family,1.0
openrca,tel,openrca::tel,tel/task_3,1,openrca::tel|tel/task_3#1,alertcount,0.0
openrca,tel,openrca::tel,tel/task_3,1,openrca::tel|tel/task_3#1,baro,0.0
openrca,tel,openrca::tel,tel/task_3,1,openrca::tel|tel/task_3#1,cd1min,0.0
openrca,tel,openrca::tel,tel/task_3,1,openrca::tel|tel/task_3#1,z_family,0.0
openrca,tel,openrca::tel,tel/task_3,2,openrca::tel|tel/task_3#2,alertcount,0.0
openrca,tel,openrca::tel,tel/task_3,2,openrca::tel|tel/task_3#2,baro,0.0
openrca,tel,openrca::tel,tel/task_3,2,openrca::tel|tel/task_3#2,cd1min,0.0
openrca,tel,openrca::tel,tel/task_3,2,openrca::tel|tel/task_3#2,z_family,0.0
openrca,tel,openrca::tel,tel/task_3,3,openrca::tel|tel/task_3#3,alertcount,0.0
openrca,tel,openrca::tel,tel/task_3,3,openrca::tel|tel/task_3#3,baro,0.0
openrca,tel,openrca::tel,tel/task_3,3,openrca::tel|tel/task_3#3,cd1min,0.0
openrca,tel,openrca::tel,tel/task_3,3,openrca::tel|tel/task_3#3,z_family,0.0
openrca,tel,openrca::tel,tel/task_4,0,openrca::tel|tel/task_4#0,alertcount,0.5
openrca,tel,openrca::tel,tel/task_4,0,openrca::tel|tel/task_4#0,baro,0.5
openrca,tel,openrca::tel,tel/task_4,0,openrca::tel|tel/task_4#0,cd1min,0.5
openrca,tel,openrca::tel,tel/task_4,0,openrca::tel|tel/task_4#0,z_family,0.5
openrca,tel,openrca::tel,tel/task_4,1,openrca::tel|tel/task_4#1,alertcount,0.0
openrca,tel,openrca::tel,tel/task_4,1,openrca::tel|tel/task_4#1,baro,0.0
openrca,tel,openrca::tel,tel/task_4,1,openrca::tel|tel/task_4#1,cd1min,0.0
openrca,tel,openrca::tel,tel/task_4,1,openrca::tel|tel/task_4#1,z_family,0.0
openrca,tel,openrca::tel,tel/task_4,2,openrca::tel|tel/task_4#2,alertcount,0.0
openrca,tel,openrca::tel,tel/task_4,2,openrca::tel|tel/task_4#2,baro,0.5
openrca,tel,openrca::tel,tel/task_4,2,openrca::tel|tel/task_4#2,cd1min,0.5
openrca,tel,openrca::tel,tel/task_4,2,openrca::tel|tel/task_4#2,z_family,0.5
openrca,tel,openrca::tel,tel/task_4,3,openrca::tel|tel/task_4#3,alertcount,0.0
openrca,tel,openrca::tel,tel/task_4,3,openrca::tel|tel/task_4#3,baro,0.0
openrca,tel,openrca::tel,tel/task_4,3,openrca::tel|tel/task_4#3,cd1min,0.0
openrca,tel,openrca::tel,tel/task_4,3,openrca::tel|tel/task_4#3,z_family,0.5
openrca,tel,openrca::tel,tel/task_4,4,openrca::tel|tel/task_4#4,alertcount,0.0
openrca,tel,openrca::tel,tel/task_4,4,openrca::tel|tel/task_4#4,baro,0.0
openrca,tel,openrca::tel,tel/task_4,4,openrca::tel|tel/task_4#4,cd1min,0.0
openrca,tel,openrca::tel,tel/task_4,4,openrca::tel|tel/task_4#4,z_family,0.0
openrca,tel,openrca::tel,tel/task_4,5,openrca::tel|tel/task_4#5,alertcount,0.0
openrca,tel,openrca::tel,tel/task_4,5,openrca::tel|tel/task_4#5,baro,0.0
openrca,tel,openrca::tel,tel/task_4,5,openrca::tel|tel/task_4#5,cd1min,0.0
openrca,tel,openrca::tel,tel/task_4,5,openrca::tel|tel/task_4#5,z_family,0.0
openrca,tel,openrca::tel,tel/task_4,6,openrca::tel|tel/task_4#6,alertcount,0.5
openrca,tel,openrca::tel,tel/task_4,6,openrca::tel|tel/task_4#6,baro,0.5
openrca,tel,openrca::tel,tel/task_4,6,openrca::tel|tel/task_4#6,cd1min,0.0
openrca,tel,openrca::tel,tel/task_4,6,openrca::tel|tel/task_4#6,z_family,0.5
openrca,tel,openrca::tel,tel/task_4,7,openrca::tel|tel/task_4#7,alertcount,0.0
openrca,tel,openrca::tel,tel/task_4,7,openrca::tel|tel/task_4#7,baro,0.0
openrca,tel,openrca::tel,tel/task_4,7,openrca::tel|tel/task_4#7,cd1min,0.0
openrca,tel,openrca::tel,tel/task_4,7,openrca::tel|tel/task_4#7,z_family,0.0
openrca,tel,openrca::tel,tel/task_5,0,openrca::tel|tel/task_5#0,alertcount,0.0
openrca,tel,openrca::tel,tel/task_5,0,openrca::tel|tel/task_5#0,baro,0.0
openrca,tel,openrca::tel,tel/task_5,0,openrca::tel|tel/task_5#0,cd1min,0.0
openrca,tel,openrca::tel,tel/task_5,0,openrca::tel|tel/task_5#0,z_family,0.5
openrca,tel,openrca::tel,tel/task_5,1,openrca::tel|tel/task_5#1,alertcount,0.0
openrca,tel,openrca::tel,tel/task_5,1,openrca::tel|tel/task_5#1,baro,0.0
openrca,tel,openrca::tel,tel/task_5,1,openrca::tel|tel/task_5#1,cd1min,0.0
openrca,tel,openrca::tel,tel/task_5,1,openrca::tel|tel/task_5#1,z_family,0.0
openrca,tel,openrca::tel,tel/task_5,2,openrca::tel|tel/task_5#2,alertcount,0.0
openrca,tel,openrca::tel,tel/task_5,2,openrca::tel|tel/task_5#2,baro,0.0
openrca,tel,openrca::tel,tel/task_5,2,openrca::tel|tel/task_5#2,cd1min,0.0
openrca,tel,openrca::tel,tel/task_5,2,openrca::tel|tel/task_5#2,z_family,0.5
openrca,tel,openrca::tel,tel/task_5,3,openrca::tel|tel/task_5#3,alertcount,0.0
openrca,tel,openrca::tel,tel/task_5,3,openrca::tel|tel/task_5#3,baro,0.0
openrca,tel,openrca::tel,tel/task_5,3,openrca::tel|tel/task_5#3,cd1min,0.0
openrca,tel,openrca::tel,tel/task_5,3,openrca::tel|tel/task_5#3,z_family,0.0
openrca,tel,openrca::tel,tel/task_6,0,openrca::tel|tel/task_6#0,alertcount,0.0
openrca,tel,openrca::tel,tel/task_6,0,openrca::tel|tel/task_6#0,baro,0.0
openrca,tel,openrca::tel,tel/task_6,0,openrca::tel|tel/task_6#0,cd1min,0.0
openrca,tel,openrca::tel,tel/task_6,0,openrca::tel|tel/task_6#0,z_family,0.0
openrca,tel,openrca::tel,tel/task_6,1,openrca::tel|tel/task_6#1,alertcount,0.0
openrca,tel,openrca::tel,tel/task_6,1,openrca::tel|tel/task_6#1,baro,0.0
openrca,tel,openrca::tel,tel/task_6,1,openrca::tel|tel/task_6#1,cd1min,0.0
openrca,tel,openrca::tel,tel/task_6,1,openrca::tel|tel/task_6#1,z_family,0.0
openrca,tel,openrca::tel,tel/task_6,2,openrca::tel|tel/task_6#2,alertcount,0.0
openrca,tel,openrca::tel,tel/task_6,2,openrca::tel|tel/task_6#2,baro,0.0
openrca,tel,openrca::tel,tel/task_6,2,openrca::tel|tel/task_6#2,cd1min,0.0
openrca,tel,openrca::tel,tel/task_6,2,openrca::tel|tel/task_6#2,z_family,0.0
openrca,tel,openrca::tel,tel/task_6,3,openrca::tel|tel/task_6#3,alertcount,1.0
openrca,tel,openrca::tel,tel/task_6,3,openrca::tel|tel/task_6#3,baro,0.5
openrca,tel,openrca::tel,tel/task_6,3,openrca::tel|tel/task_6#3,cd1min,0.0
openrca,tel,openrca::tel,tel/task_6,3,openrca::tel|tel/task_6#3,z_family,0.5
openrca,tel,openrca::tel,tel/task_6,4,openrca::tel|tel/task_6#4,alertcount,0.0
openrca,tel,openrca::tel,tel/task_6,4,openrca::tel|tel/task_6#4,baro,0.0
openrca,tel,openrca::tel,tel/task_6,4,openrca::tel|tel/task_6#4,cd1min,0.0
openrca,tel,openrca::tel,tel/task_6,4,openrca::tel|tel/task_6#4,z_family,0.0
openrca,tel,openrca::tel,tel/task_6,5,openrca::tel|tel/task_6#5,alertcount,0.0
openrca,tel,openrca::tel,tel/task_6,5,openrca::tel|tel/task_6#5,baro,0.0
openrca,tel,openrca::tel,tel/task_6,5,openrca::tel|tel/task_6#5,cd1min,0.0
openrca,tel,openrca::tel,tel/task_6,5,openrca::tel|tel/task_6#5,z_family,0.0
openrca,tel,openrca::tel,tel/task_7,0,openrca::tel|tel/task_7#0,alertcount,0.33
openrca,tel,openrca::tel,tel/task_7,0,openrca::tel|tel/task_7#0,baro,0.33
openrca,tel,openrca::tel,tel/task_7,0,openrca::tel|tel/task_7#0,cd1min,0.33
openrca,tel,openrca::tel,tel/task_7,0,openrca::tel|tel/task_7#0,z_family,0.33
openrca,tel,openrca::tel,tel/task_7,1,openrca::tel|tel/task_7#1,alertcount,0.67
openrca,tel,openrca::tel,tel/task_7,1,openrca::tel|tel/task_7#1,baro,0.33
openrca,tel,openrca::tel,tel/task_7,1,openrca::tel|tel/task_7#1,cd1min,0.0
openrca,tel,openrca::tel,tel/task_7,1,openrca::tel|tel/task_7#1,z_family,0.33
openrca,tel,openrca::tel,tel/task_7,2,openrca::tel|tel/task_7#2,alertcount,0.33
openrca,tel,openrca::tel,tel/task_7,2,openrca::tel|tel/task_7#2,baro,0.0
openrca,tel,openrca::tel,tel/task_7,2,openrca::tel|tel/task_7#2,cd1min,0.0
openrca,tel,openrca::tel,tel/task_7,2,openrca::tel|tel/task_7#2,z_family,0.0
openrca,tel,openrca::tel,tel/task_7,3,openrca::tel|tel/task_7#3,alertcount,0.33
openrca,tel,openrca::tel,tel/task_7,3,openrca::tel|tel/task_7#3,baro,0.33
openrca,tel,openrca::tel,tel/task_7,3,openrca::tel|tel/task_7#3,cd1min,0.33
openrca,tel,openrca::tel,tel/task_7,3,openrca::tel|tel/task_7#3,z_family,0.33
openrca,tel,openrca::tel,tel/task_7,4,openrca::tel|tel/task_7#4,alertcount,0.0
openrca,tel,openrca::tel,tel/task_7,4,openrca::tel|tel/task_7#4,baro,0.0
openrca,tel,openrca::tel,tel/task_7,4,openrca::tel|tel/task_7#4,cd1min,0.0
openrca,tel,openrca::tel,tel/task_7,4,openrca::tel|tel/task_7#4,z_family,0.0
openrca,tel,openrca::tel,tel/task_7,5,openrca::tel|tel/task_7#5,alertcount,0.0
openrca,tel,openrca::tel,tel/task_7,5,openrca::tel|tel/task_7#5,baro,0.0
openrca,tel,openrca::tel,tel/task_7,5,openrca::tel|tel/task_7#5,cd1min,0.0
openrca,tel,openrca::tel,tel/task_7,5,openrca::tel|tel/task_7#5,z_family,0.0
openrca,tel,openrca::tel,tel/task_7,6,openrca::tel|tel/task_7#6,alertcount,0.33
openrca,tel,openrca::tel,tel/task_7,6,openrca::tel|tel/task_7#6,baro,0.0
openrca,tel,openrca::tel,tel/task_7,6,openrca::tel|tel/task_7#6,cd1min,0.33
openrca,tel,openrca::tel,tel/task_7,6,openrca::tel|tel/task_7#6,z_family,0.0
openrca,tel,openrca::tel,tel/task_7,7,openrca::tel|tel/task_7#7,alertcount,0.67
openrca,tel,openrca::tel,tel/task_7,7,openrca::tel|tel/task_7#7,baro,0.33
openrca,tel,openrca::tel,tel/task_7,7,openrca::tel|tel/task_7#7,cd1min,0.33
openrca,tel,openrca::tel,tel/task_7,7,openrca::tel|tel/task_7#7,z_family,0.33
openrca,tel,openrca::tel,tel/task_7,8,openrca::tel|tel/task_7#8,alertcount,0.0
openrca,tel,openrca::tel,tel/task_7,8,openrca::tel|tel/task_7#8,baro,0.0
openrca,tel,openrca::tel,tel/task_7,8,openrca::tel|tel/task_7#8,cd1min,0.0
openrca,tel,openrca::tel,tel/task_7,8,openrca::tel|tel/task_7#8,z_family,0.0
petshop,high_traffic,petshop::high_traffic,test/issue_0,0,petshop::high_traffic|test/issue_0#0,alertcount,0.0
petshop,high_traffic,petshop::high_traffic,test/issue_0,0,petshop::high_traffic|test/issue_0#0,baro,0.0
petshop,high_traffic,petshop::high_traffic,test/issue_0,0,petshop::high_traffic|test/issue_0#0,cd1min,0.0
petshop,high_traffic,petshop::high_traffic,test/issue_0,0,petshop::high_traffic|test/issue_0#0,z_family,0.0
petshop,high_traffic,petshop::high_traffic,test/issue_1,0,petshop::high_traffic|test/issue_1#0,alertcount,0.0
petshop,high_traffic,petshop::high_traffic,test/issue_1,0,petshop::high_traffic|test/issue_1#0,baro,0.0
petshop,high_traffic,petshop::high_traffic,test/issue_1,0,petshop::high_traffic|test/issue_1#0,cd1min,0.0
petshop,high_traffic,petshop::high_traffic,test/issue_1,0,petshop::high_traffic|test/issue_1#0,z_family,0.0
petshop,high_traffic,petshop::high_traffic,test/issue_10,0,petshop::high_traffic|test/issue_10#0,alertcount,0.0
petshop,high_traffic,petshop::high_traffic,test/issue_10,0,petshop::high_traffic|test/issue_10#0,baro,0.0
petshop,high_traffic,petshop::high_traffic,test/issue_10,0,petshop::high_traffic|test/issue_10#0,cd1min,0.0
petshop,high_traffic,petshop::high_traffic,test/issue_10,0,petshop::high_traffic|test/issue_10#0,z_family,0.0
petshop,high_traffic,petshop::high_traffic,test/issue_11,0,petshop::high_traffic|test/issue_11#0,alertcount,0.0
petshop,high_traffic,petshop::high_traffic,test/issue_11,0,petshop::high_traffic|test/issue_11#0,baro,0.0
petshop,high_traffic,petshop::high_traffic,test/issue_11,0,petshop::high_traffic|test/issue_11#0,cd1min,0.0
petshop,high_traffic,petshop::high_traffic,test/issue_11,0,petshop::high_traffic|test/issue_11#0,z_family,0.0
petshop,high_traffic,petshop::high_traffic,test/issue_12,0,petshop::high_traffic|test/issue_12#0,alertcount,0.0
petshop,high_traffic,petshop::high_traffic,test/issue_12,0,petshop::high_traffic|test/issue_12#0,baro,0.0
petshop,high_traffic,petshop::high_traffic,test/issue_12,0,petshop::high_traffic|test/issue_12#0,cd1min,0.0
petshop,high_traffic,petshop::high_traffic,test/issue_12,0,petshop::high_traffic|test/issue_12#0,z_family,0.0
petshop,high_traffic,petshop::high_traffic,test/issue_13,0,petshop::high_traffic|test/issue_13#0,alertcount,0.0
petshop,high_traffic,petshop::high_traffic,test/issue_13,0,petshop::high_traffic|test/issue_13#0,baro,0.0
petshop,high_traffic,petshop::high_traffic,test/issue_13,0,petshop::high_traffic|test/issue_13#0,cd1min,0.0
petshop,high_traffic,petshop::high_traffic,test/issue_13,0,petshop::high_traffic|test/issue_13#0,z_family,0.0
petshop,high_traffic,petshop::high_traffic,test/issue_14,0,petshop::high_traffic|test/issue_14#0,alertcount,0.0
petshop,high_traffic,petshop::high_traffic,test/issue_14,0,petshop::high_traffic|test/issue_14#0,baro,0.0
petshop,high_traffic,petshop::high_traffic,test/issue_14,0,petshop::high_traffic|test/issue_14#0,cd1min,0.0
petshop,high_traffic,petshop::high_traffic,test/issue_14,0,petshop::high_traffic|test/issue_14#0,z_family,0.0
petshop,high_traffic,petshop::high_traffic,test/issue_15,0,petshop::high_traffic|test/issue_15#0,alertcount,0.0
petshop,high_traffic,petshop::high_traffic,test/issue_15,0,petshop::high_traffic|test/issue_15#0,baro,0.0
petshop,high_traffic,petshop::high_traffic,test/issue_15,0,petshop::high_traffic|test/issue_15#0,cd1min,0.0
petshop,high_traffic,petshop::high_traffic,test/issue_15,0,petshop::high_traffic|test/issue_15#0,z_family,0.0
petshop,high_traffic,petshop::high_traffic,test/issue_16,0,petshop::high_traffic|test/issue_16#0,alertcount,0.0
petshop,high_traffic,petshop::high_traffic,test/issue_16,0,petshop::high_traffic|test/issue_16#0,baro,0.0
petshop,high_traffic,petshop::high_traffic,test/issue_16,0,petshop::high_traffic|test/issue_16#0,cd1min,0.0
petshop,high_traffic,petshop::high_traffic,test/issue_16,0,petshop::high_traffic|test/issue_16#0,z_family,0.0
petshop,high_traffic,petshop::high_traffic,test/issue_17,0,petshop::high_traffic|test/issue_17#0,alertcount,0.0
petshop,high_traffic,petshop::high_traffic,test/issue_17,0,petshop::high_traffic|test/issue_17#0,baro,0.0
petshop,high_traffic,petshop::high_traffic,test/issue_17,0,petshop::high_traffic|test/issue_17#0,cd1min,0.0
petshop,high_traffic,petshop::high_traffic,test/issue_17,0,petshop::high_traffic|test/issue_17#0,z_family,0.0
petshop,high_traffic,petshop::high_traffic,test/issue_2,0,petshop::high_traffic|test/issue_2#0,alertcount,0.0
petshop,high_traffic,petshop::high_traffic,test/issue_2,0,petshop::high_traffic|test/issue_2#0,baro,0.0
petshop,high_traffic,petshop::high_traffic,test/issue_2,0,petshop::high_traffic|test/issue_2#0,cd1min,0.0
petshop,high_traffic,petshop::high_traffic,test/issue_2,0,petshop::high_traffic|test/issue_2#0,z_family,0.0
petshop,high_traffic,petshop::high_traffic,test/issue_3,0,petshop::high_traffic|test/issue_3#0,alertcount,0.0
petshop,high_traffic,petshop::high_traffic,test/issue_3,0,petshop::high_traffic|test/issue_3#0,baro,0.0
petshop,high_traffic,petshop::high_traffic,test/issue_3,0,petshop::high_traffic|test/issue_3#0,cd1min,0.0
petshop,high_traffic,petshop::high_traffic,test/issue_3,0,petshop::high_traffic|test/issue_3#0,z_family,0.0
petshop,high_traffic,petshop::high_traffic,test/issue_4,0,petshop::high_traffic|test/issue_4#0,alertcount,0.0
petshop,high_traffic,petshop::high_traffic,test/issue_4,0,petshop::high_traffic|test/issue_4#0,baro,0.0
petshop,high_traffic,petshop::high_traffic,test/issue_4,0,petshop::high_traffic|test/issue_4#0,cd1min,0.0
petshop,high_traffic,petshop::high_traffic,test/issue_4,0,petshop::high_traffic|test/issue_4#0,z_family,0.0
petshop,high_traffic,petshop::high_traffic,test/issue_5,0,petshop::high_traffic|test/issue_5#0,alertcount,0.0
petshop,high_traffic,petshop::high_traffic,test/issue_5,0,petshop::high_traffic|test/issue_5#0,baro,0.0
petshop,high_traffic,petshop::high_traffic,test/issue_5,0,petshop::high_traffic|test/issue_5#0,cd1min,0.0
petshop,high_traffic,petshop::high_traffic,test/issue_5,0,petshop::high_traffic|test/issue_5#0,z_family,0.0
petshop,high_traffic,petshop::high_traffic,test/issue_6,0,petshop::high_traffic|test/issue_6#0,alertcount,0.0
petshop,high_traffic,petshop::high_traffic,test/issue_6,0,petshop::high_traffic|test/issue_6#0,baro,0.0
petshop,high_traffic,petshop::high_traffic,test/issue_6,0,petshop::high_traffic|test/issue_6#0,cd1min,0.0
petshop,high_traffic,petshop::high_traffic,test/issue_6,0,petshop::high_traffic|test/issue_6#0,z_family,0.0
petshop,high_traffic,petshop::high_traffic,test/issue_7,0,petshop::high_traffic|test/issue_7#0,alertcount,0.0
petshop,high_traffic,petshop::high_traffic,test/issue_7,0,petshop::high_traffic|test/issue_7#0,baro,0.0
petshop,high_traffic,petshop::high_traffic,test/issue_7,0,petshop::high_traffic|test/issue_7#0,cd1min,0.0
petshop,high_traffic,petshop::high_traffic,test/issue_7,0,petshop::high_traffic|test/issue_7#0,z_family,0.0
petshop,high_traffic,petshop::high_traffic,test/issue_8,0,petshop::high_traffic|test/issue_8#0,alertcount,0.0
petshop,high_traffic,petshop::high_traffic,test/issue_8,0,petshop::high_traffic|test/issue_8#0,baro,0.0
petshop,high_traffic,petshop::high_traffic,test/issue_8,0,petshop::high_traffic|test/issue_8#0,cd1min,0.0
petshop,high_traffic,petshop::high_traffic,test/issue_8,0,petshop::high_traffic|test/issue_8#0,z_family,0.0
petshop,high_traffic,petshop::high_traffic,test/issue_9,0,petshop::high_traffic|test/issue_9#0,alertcount,0.0
petshop,high_traffic,petshop::high_traffic,test/issue_9,0,petshop::high_traffic|test/issue_9#0,baro,0.0
petshop,high_traffic,petshop::high_traffic,test/issue_9,0,petshop::high_traffic|test/issue_9#0,cd1min,0.0
petshop,high_traffic,petshop::high_traffic,test/issue_9,0,petshop::high_traffic|test/issue_9#0,z_family,0.0
petshop,high_traffic,petshop::high_traffic,train/issue_0,0,petshop::high_traffic|train/issue_0#0,alertcount,0.0
petshop,high_traffic,petshop::high_traffic,train/issue_0,0,petshop::high_traffic|train/issue_0#0,baro,1.0
petshop,high_traffic,petshop::high_traffic,train/issue_0,0,petshop::high_traffic|train/issue_0#0,cd1min,0.0
petshop,high_traffic,petshop::high_traffic,train/issue_0,0,petshop::high_traffic|train/issue_0#0,z_family,1.0
petshop,high_traffic,petshop::high_traffic,train/issue_1,0,petshop::high_traffic|train/issue_1#0,alertcount,0.0
petshop,high_traffic,petshop::high_traffic,train/issue_1,0,petshop::high_traffic|train/issue_1#0,baro,1.0
petshop,high_traffic,petshop::high_traffic,train/issue_1,0,petshop::high_traffic|train/issue_1#0,cd1min,0.0
petshop,high_traffic,petshop::high_traffic,train/issue_1,0,petshop::high_traffic|train/issue_1#0,z_family,0.0
petshop,high_traffic,petshop::high_traffic,train/issue_2,0,petshop::high_traffic|train/issue_2#0,alertcount,0.0
petshop,high_traffic,petshop::high_traffic,train/issue_2,0,petshop::high_traffic|train/issue_2#0,baro,1.0
petshop,high_traffic,petshop::high_traffic,train/issue_2,0,petshop::high_traffic|train/issue_2#0,cd1min,0.0
petshop,high_traffic,petshop::high_traffic,train/issue_2,0,petshop::high_traffic|train/issue_2#0,z_family,0.0
petshop,high_traffic,petshop::high_traffic,train/issue_3,0,petshop::high_traffic|train/issue_3#0,alertcount,0.0
petshop,high_traffic,petshop::high_traffic,train/issue_3,0,petshop::high_traffic|train/issue_3#0,baro,1.0
petshop,high_traffic,petshop::high_traffic,train/issue_3,0,petshop::high_traffic|train/issue_3#0,cd1min,0.0
petshop,high_traffic,petshop::high_traffic,train/issue_3,0,petshop::high_traffic|train/issue_3#0,z_family,1.0
petshop,high_traffic,petshop::high_traffic,train/issue_4,0,petshop::high_traffic|train/issue_4#0,alertcount,0.0
petshop,high_traffic,petshop::high_traffic,train/issue_4,0,petshop::high_traffic|train/issue_4#0,baro,0.0
petshop,high_traffic,petshop::high_traffic,train/issue_4,0,petshop::high_traffic|train/issue_4#0,cd1min,0.0
petshop,high_traffic,petshop::high_traffic,train/issue_4,0,petshop::high_traffic|train/issue_4#0,z_family,0.0
petshop,high_traffic,petshop::high_traffic,train/issue_5,0,petshop::high_traffic|train/issue_5#0,alertcount,1.0
petshop,high_traffic,petshop::high_traffic,train/issue_5,0,petshop::high_traffic|train/issue_5#0,baro,0.0
petshop,high_traffic,petshop::high_traffic,train/issue_5,0,petshop::high_traffic|train/issue_5#0,cd1min,0.0
petshop,high_traffic,petshop::high_traffic,train/issue_5,0,petshop::high_traffic|train/issue_5#0,z_family,0.0
petshop,high_traffic,petshop::high_traffic,train/issue_6,0,petshop::high_traffic|train/issue_6#0,alertcount,0.0
petshop,high_traffic,petshop::high_traffic,train/issue_6,0,petshop::high_traffic|train/issue_6#0,baro,0.0
petshop,high_traffic,petshop::high_traffic,train/issue_6,0,petshop::high_traffic|train/issue_6#0,cd1min,0.0
petshop,high_traffic,petshop::high_traffic,train/issue_6,0,petshop::high_traffic|train/issue_6#0,z_family,0.0
petshop,high_traffic,petshop::high_traffic,train/issue_7,0,petshop::high_traffic|train/issue_7#0,alertcount,0.0
petshop,high_traffic,petshop::high_traffic,train/issue_7,0,petshop::high_traffic|train/issue_7#0,baro,0.0
petshop,high_traffic,petshop::high_traffic,train/issue_7,0,petshop::high_traffic|train/issue_7#0,cd1min,0.0
petshop,high_traffic,petshop::high_traffic,train/issue_7,0,petshop::high_traffic|train/issue_7#0,z_family,0.0
petshop,low_traffic,petshop::low_traffic,test/issue_0,0,petshop::low_traffic|test/issue_0#0,alertcount,0.0
petshop,low_traffic,petshop::low_traffic,test/issue_0,0,petshop::low_traffic|test/issue_0#0,baro,0.0
petshop,low_traffic,petshop::low_traffic,test/issue_0,0,petshop::low_traffic|test/issue_0#0,cd1min,0.0
petshop,low_traffic,petshop::low_traffic,test/issue_0,0,petshop::low_traffic|test/issue_0#0,z_family,0.0
petshop,low_traffic,petshop::low_traffic,test/issue_1,0,petshop::low_traffic|test/issue_1#0,alertcount,0.0
petshop,low_traffic,petshop::low_traffic,test/issue_1,0,petshop::low_traffic|test/issue_1#0,baro,0.0
petshop,low_traffic,petshop::low_traffic,test/issue_1,0,petshop::low_traffic|test/issue_1#0,cd1min,0.0
petshop,low_traffic,petshop::low_traffic,test/issue_1,0,petshop::low_traffic|test/issue_1#0,z_family,0.0
petshop,low_traffic,petshop::low_traffic,test/issue_10,0,petshop::low_traffic|test/issue_10#0,alertcount,0.0
petshop,low_traffic,petshop::low_traffic,test/issue_10,0,petshop::low_traffic|test/issue_10#0,baro,1.0
petshop,low_traffic,petshop::low_traffic,test/issue_10,0,petshop::low_traffic|test/issue_10#0,cd1min,1.0
petshop,low_traffic,petshop::low_traffic,test/issue_10,0,petshop::low_traffic|test/issue_10#0,z_family,1.0
petshop,low_traffic,petshop::low_traffic,test/issue_11,0,petshop::low_traffic|test/issue_11#0,alertcount,0.0
petshop,low_traffic,petshop::low_traffic,test/issue_11,0,petshop::low_traffic|test/issue_11#0,baro,1.0
petshop,low_traffic,petshop::low_traffic,test/issue_11,0,petshop::low_traffic|test/issue_11#0,cd1min,0.0
petshop,low_traffic,petshop::low_traffic,test/issue_11,0,petshop::low_traffic|test/issue_11#0,z_family,1.0
petshop,low_traffic,petshop::low_traffic,test/issue_12,0,petshop::low_traffic|test/issue_12#0,alertcount,0.0
petshop,low_traffic,petshop::low_traffic,test/issue_12,0,petshop::low_traffic|test/issue_12#0,baro,1.0
petshop,low_traffic,petshop::low_traffic,test/issue_12,0,petshop::low_traffic|test/issue_12#0,cd1min,0.0
petshop,low_traffic,petshop::low_traffic,test/issue_12,0,petshop::low_traffic|test/issue_12#0,z_family,1.0
petshop,low_traffic,petshop::low_traffic,test/issue_13,0,petshop::low_traffic|test/issue_13#0,alertcount,0.0
petshop,low_traffic,petshop::low_traffic,test/issue_13,0,petshop::low_traffic|test/issue_13#0,baro,0.0
petshop,low_traffic,petshop::low_traffic,test/issue_13,0,petshop::low_traffic|test/issue_13#0,cd1min,0.0
petshop,low_traffic,petshop::low_traffic,test/issue_13,0,petshop::low_traffic|test/issue_13#0,z_family,0.0
petshop,low_traffic,petshop::low_traffic,test/issue_14,0,petshop::low_traffic|test/issue_14#0,alertcount,0.0
petshop,low_traffic,petshop::low_traffic,test/issue_14,0,petshop::low_traffic|test/issue_14#0,baro,0.0
petshop,low_traffic,petshop::low_traffic,test/issue_14,0,petshop::low_traffic|test/issue_14#0,cd1min,0.0
petshop,low_traffic,petshop::low_traffic,test/issue_14,0,petshop::low_traffic|test/issue_14#0,z_family,0.0
petshop,low_traffic,petshop::low_traffic,test/issue_15,0,petshop::low_traffic|test/issue_15#0,alertcount,0.0
petshop,low_traffic,petshop::low_traffic,test/issue_15,0,petshop::low_traffic|test/issue_15#0,baro,0.0
petshop,low_traffic,petshop::low_traffic,test/issue_15,0,petshop::low_traffic|test/issue_15#0,cd1min,0.0
petshop,low_traffic,petshop::low_traffic,test/issue_15,0,petshop::low_traffic|test/issue_15#0,z_family,0.0
petshop,low_traffic,petshop::low_traffic,test/issue_16,0,petshop::low_traffic|test/issue_16#0,alertcount,0.0
petshop,low_traffic,petshop::low_traffic,test/issue_16,0,petshop::low_traffic|test/issue_16#0,baro,0.0
petshop,low_traffic,petshop::low_traffic,test/issue_16,0,petshop::low_traffic|test/issue_16#0,cd1min,0.0
petshop,low_traffic,petshop::low_traffic,test/issue_16,0,petshop::low_traffic|test/issue_16#0,z_family,0.0
petshop,low_traffic,petshop::low_traffic,test/issue_17,0,petshop::low_traffic|test/issue_17#0,alertcount,0.0
petshop,low_traffic,petshop::low_traffic,test/issue_17,0,petshop::low_traffic|test/issue_17#0,baro,0.0
petshop,low_traffic,petshop::low_traffic,test/issue_17,0,petshop::low_traffic|test/issue_17#0,cd1min,0.0
petshop,low_traffic,petshop::low_traffic,test/issue_17,0,petshop::low_traffic|test/issue_17#0,z_family,1.0
petshop,low_traffic,petshop::low_traffic,test/issue_2,0,petshop::low_traffic|test/issue_2#0,alertcount,0.0
petshop,low_traffic,petshop::low_traffic,test/issue_2,0,petshop::low_traffic|test/issue_2#0,baro,0.0
petshop,low_traffic,petshop::low_traffic,test/issue_2,0,petshop::low_traffic|test/issue_2#0,cd1min,0.0
petshop,low_traffic,petshop::low_traffic,test/issue_2,0,petshop::low_traffic|test/issue_2#0,z_family,0.0
petshop,low_traffic,petshop::low_traffic,test/issue_3,0,petshop::low_traffic|test/issue_3#0,alertcount,0.0
petshop,low_traffic,petshop::low_traffic,test/issue_3,0,petshop::low_traffic|test/issue_3#0,baro,0.0
petshop,low_traffic,petshop::low_traffic,test/issue_3,0,petshop::low_traffic|test/issue_3#0,cd1min,0.0
petshop,low_traffic,petshop::low_traffic,test/issue_3,0,petshop::low_traffic|test/issue_3#0,z_family,0.0
petshop,low_traffic,petshop::low_traffic,test/issue_4,0,petshop::low_traffic|test/issue_4#0,alertcount,0.0
petshop,low_traffic,petshop::low_traffic,test/issue_4,0,petshop::low_traffic|test/issue_4#0,baro,0.0
petshop,low_traffic,petshop::low_traffic,test/issue_4,0,petshop::low_traffic|test/issue_4#0,cd1min,0.0
petshop,low_traffic,petshop::low_traffic,test/issue_4,0,petshop::low_traffic|test/issue_4#0,z_family,0.0
petshop,low_traffic,petshop::low_traffic,test/issue_5,0,petshop::low_traffic|test/issue_5#0,alertcount,0.0
petshop,low_traffic,petshop::low_traffic,test/issue_5,0,petshop::low_traffic|test/issue_5#0,baro,0.0
petshop,low_traffic,petshop::low_traffic,test/issue_5,0,petshop::low_traffic|test/issue_5#0,cd1min,0.0
petshop,low_traffic,petshop::low_traffic,test/issue_5,0,petshop::low_traffic|test/issue_5#0,z_family,0.0
petshop,low_traffic,petshop::low_traffic,test/issue_6,0,petshop::low_traffic|test/issue_6#0,alertcount,0.0
petshop,low_traffic,petshop::low_traffic,test/issue_6,0,petshop::low_traffic|test/issue_6#0,baro,0.0
petshop,low_traffic,petshop::low_traffic,test/issue_6,0,petshop::low_traffic|test/issue_6#0,cd1min,0.0
petshop,low_traffic,petshop::low_traffic,test/issue_6,0,petshop::low_traffic|test/issue_6#0,z_family,0.0
petshop,low_traffic,petshop::low_traffic,test/issue_7,0,petshop::low_traffic|test/issue_7#0,alertcount,0.0
petshop,low_traffic,petshop::low_traffic,test/issue_7,0,petshop::low_traffic|test/issue_7#0,baro,0.0
petshop,low_traffic,petshop::low_traffic,test/issue_7,0,petshop::low_traffic|test/issue_7#0,cd1min,0.0
petshop,low_traffic,petshop::low_traffic,test/issue_7,0,petshop::low_traffic|test/issue_7#0,z_family,0.0
petshop,low_traffic,petshop::low_traffic,test/issue_8,0,petshop::low_traffic|test/issue_8#0,alertcount,0.0
petshop,low_traffic,petshop::low_traffic,test/issue_8,0,petshop::low_traffic|test/issue_8#0,baro,0.0
petshop,low_traffic,petshop::low_traffic,test/issue_8,0,petshop::low_traffic|test/issue_8#0,cd1min,0.0
petshop,low_traffic,petshop::low_traffic,test/issue_8,0,petshop::low_traffic|test/issue_8#0,z_family,0.0
petshop,low_traffic,petshop::low_traffic,test/issue_9,0,petshop::low_traffic|test/issue_9#0,alertcount,0.0
petshop,low_traffic,petshop::low_traffic,test/issue_9,0,petshop::low_traffic|test/issue_9#0,baro,0.0
petshop,low_traffic,petshop::low_traffic,test/issue_9,0,petshop::low_traffic|test/issue_9#0,cd1min,0.0
petshop,low_traffic,petshop::low_traffic,test/issue_9,0,petshop::low_traffic|test/issue_9#0,z_family,0.0
petshop,low_traffic,petshop::low_traffic,train/issue_0,0,petshop::low_traffic|train/issue_0#0,alertcount,0.0
petshop,low_traffic,petshop::low_traffic,train/issue_0,0,petshop::low_traffic|train/issue_0#0,baro,0.0
petshop,low_traffic,petshop::low_traffic,train/issue_0,0,petshop::low_traffic|train/issue_0#0,cd1min,0.0
petshop,low_traffic,petshop::low_traffic,train/issue_0,0,petshop::low_traffic|train/issue_0#0,z_family,0.0
petshop,low_traffic,petshop::low_traffic,train/issue_1,0,petshop::low_traffic|train/issue_1#0,alertcount,0.0
petshop,low_traffic,petshop::low_traffic,train/issue_1,0,petshop::low_traffic|train/issue_1#0,baro,0.0
petshop,low_traffic,petshop::low_traffic,train/issue_1,0,petshop::low_traffic|train/issue_1#0,cd1min,0.0
petshop,low_traffic,petshop::low_traffic,train/issue_1,0,petshop::low_traffic|train/issue_1#0,z_family,0.0
petshop,low_traffic,petshop::low_traffic,train/issue_2,0,petshop::low_traffic|train/issue_2#0,alertcount,0.0
petshop,low_traffic,petshop::low_traffic,train/issue_2,0,petshop::low_traffic|train/issue_2#0,baro,0.0
petshop,low_traffic,petshop::low_traffic,train/issue_2,0,petshop::low_traffic|train/issue_2#0,cd1min,0.0
petshop,low_traffic,petshop::low_traffic,train/issue_2,0,petshop::low_traffic|train/issue_2#0,z_family,0.0
petshop,low_traffic,petshop::low_traffic,train/issue_3,0,petshop::low_traffic|train/issue_3#0,alertcount,0.0
petshop,low_traffic,petshop::low_traffic,train/issue_3,0,petshop::low_traffic|train/issue_3#0,baro,1.0
petshop,low_traffic,petshop::low_traffic,train/issue_3,0,petshop::low_traffic|train/issue_3#0,cd1min,0.0
petshop,low_traffic,petshop::low_traffic,train/issue_3,0,petshop::low_traffic|train/issue_3#0,z_family,1.0
petshop,low_traffic,petshop::low_traffic,train/issue_4,0,petshop::low_traffic|train/issue_4#0,alertcount,0.0
petshop,low_traffic,petshop::low_traffic,train/issue_4,0,petshop::low_traffic|train/issue_4#0,baro,0.0
petshop,low_traffic,petshop::low_traffic,train/issue_4,0,petshop::low_traffic|train/issue_4#0,cd1min,0.0
petshop,low_traffic,petshop::low_traffic,train/issue_4,0,petshop::low_traffic|train/issue_4#0,z_family,0.0
petshop,low_traffic,petshop::low_traffic,train/issue_5,0,petshop::low_traffic|train/issue_5#0,alertcount,0.0
petshop,low_traffic,petshop::low_traffic,train/issue_5,0,petshop::low_traffic|train/issue_5#0,baro,0.0
petshop,low_traffic,petshop::low_traffic,train/issue_5,0,petshop::low_traffic|train/issue_5#0,cd1min,0.0
petshop,low_traffic,petshop::low_traffic,train/issue_5,0,petshop::low_traffic|train/issue_5#0,z_family,0.0
petshop,low_traffic,petshop::low_traffic,train/issue_6,0,petshop::low_traffic|train/issue_6#0,alertcount,0.0
petshop,low_traffic,petshop::low_traffic,train/issue_6,0,petshop::low_traffic|train/issue_6#0,baro,0.0
petshop,low_traffic,petshop::low_traffic,train/issue_6,0,petshop::low_traffic|train/issue_6#0,cd1min,0.0
petshop,low_traffic,petshop::low_traffic,train/issue_6,0,petshop::low_traffic|train/issue_6#0,z_family,0.0
petshop,low_traffic,petshop::low_traffic,train/issue_7,0,petshop::low_traffic|train/issue_7#0,alertcount,0.0
petshop,low_traffic,petshop::low_traffic,train/issue_7,0,petshop::low_traffic|train/issue_7#0,baro,0.0
petshop,low_traffic,petshop::low_traffic,train/issue_7,0,petshop::low_traffic|train/issue_7#0,cd1min,0.0
petshop,low_traffic,petshop::low_traffic,train/issue_7,0,petshop::low_traffic|train/issue_7#0,z_family,0.0
petshop,temporal_traffic1,petshop::temporal_traffic1,test/issue_0,0,petshop::temporal_traffic1|test/issue_0#0,alertcount,0.0
petshop,temporal_traffic1,petshop::temporal_traffic1,test/issue_0,0,petshop::temporal_traffic1|test/issue_0#0,baro,1.0
petshop,temporal_traffic1,petshop::temporal_traffic1,test/issue_0,0,petshop::temporal_traffic1|test/issue_0#0,cd1min,1.0
petshop,temporal_traffic1,petshop::temporal_traffic1,test/issue_0,0,petshop::temporal_traffic1|test/issue_0#0,z_family,1.0
petshop,temporal_traffic1,petshop::temporal_traffic1,test/issue_1,0,petshop::temporal_traffic1|test/issue_1#0,alertcount,0.0
petshop,temporal_traffic1,petshop::temporal_traffic1,test/issue_1,0,petshop::temporal_traffic1|test/issue_1#0,baro,0.0
petshop,temporal_traffic1,petshop::temporal_traffic1,test/issue_1,0,petshop::temporal_traffic1|test/issue_1#0,cd1min,0.0
petshop,temporal_traffic1,petshop::temporal_traffic1,test/issue_1,0,petshop::temporal_traffic1|test/issue_1#0,z_family,0.0
petshop,temporal_traffic1,petshop::temporal_traffic1,test/issue_2,0,petshop::temporal_traffic1|test/issue_2#0,alertcount,0.0
petshop,temporal_traffic1,petshop::temporal_traffic1,test/issue_2,0,petshop::temporal_traffic1|test/issue_2#0,baro,0.0
petshop,temporal_traffic1,petshop::temporal_traffic1,test/issue_2,0,petshop::temporal_traffic1|test/issue_2#0,cd1min,0.0
petshop,temporal_traffic1,petshop::temporal_traffic1,test/issue_2,0,petshop::temporal_traffic1|test/issue_2#0,z_family,0.0
petshop,temporal_traffic1,petshop::temporal_traffic1,test/issue_3,0,petshop::temporal_traffic1|test/issue_3#0,alertcount,0.0
petshop,temporal_traffic1,petshop::temporal_traffic1,test/issue_3,0,petshop::temporal_traffic1|test/issue_3#0,baro,0.0
petshop,temporal_traffic1,petshop::temporal_traffic1,test/issue_3,0,petshop::temporal_traffic1|test/issue_3#0,cd1min,0.0
petshop,temporal_traffic1,petshop::temporal_traffic1,test/issue_3,0,petshop::temporal_traffic1|test/issue_3#0,z_family,1.0
petshop,temporal_traffic1,petshop::temporal_traffic1,test/issue_4,0,petshop::temporal_traffic1|test/issue_4#0,alertcount,0.0
petshop,temporal_traffic1,petshop::temporal_traffic1,test/issue_4,0,petshop::temporal_traffic1|test/issue_4#0,baro,0.0
petshop,temporal_traffic1,petshop::temporal_traffic1,test/issue_4,0,petshop::temporal_traffic1|test/issue_4#0,cd1min,0.0
petshop,temporal_traffic1,petshop::temporal_traffic1,test/issue_4,0,petshop::temporal_traffic1|test/issue_4#0,z_family,0.0
petshop,temporal_traffic1,petshop::temporal_traffic1,test/issue_5,0,petshop::temporal_traffic1|test/issue_5#0,alertcount,0.0
petshop,temporal_traffic1,petshop::temporal_traffic1,test/issue_5,0,petshop::temporal_traffic1|test/issue_5#0,baro,0.0
petshop,temporal_traffic1,petshop::temporal_traffic1,test/issue_5,0,petshop::temporal_traffic1|test/issue_5#0,cd1min,0.0
petshop,temporal_traffic1,petshop::temporal_traffic1,test/issue_5,0,petshop::temporal_traffic1|test/issue_5#0,z_family,0.0
petshop,temporal_traffic1,petshop::temporal_traffic1,train/issue_0,0,petshop::temporal_traffic1|train/issue_0#0,alertcount,0.0
petshop,temporal_traffic1,petshop::temporal_traffic1,train/issue_0,0,petshop::temporal_traffic1|train/issue_0#0,baro,1.0
petshop,temporal_traffic1,petshop::temporal_traffic1,train/issue_0,0,petshop::temporal_traffic1|train/issue_0#0,cd1min,0.0
petshop,temporal_traffic1,petshop::temporal_traffic1,train/issue_0,0,petshop::temporal_traffic1|train/issue_0#0,z_family,1.0
petshop,temporal_traffic1,petshop::temporal_traffic1,train/issue_1,0,petshop::temporal_traffic1|train/issue_1#0,alertcount,0.0
petshop,temporal_traffic1,petshop::temporal_traffic1,train/issue_1,0,petshop::temporal_traffic1|train/issue_1#0,baro,0.0
petshop,temporal_traffic1,petshop::temporal_traffic1,train/issue_1,0,petshop::temporal_traffic1|train/issue_1#0,cd1min,0.0
petshop,temporal_traffic1,petshop::temporal_traffic1,train/issue_1,0,petshop::temporal_traffic1|train/issue_1#0,z_family,0.0
petshop,temporal_traffic2,petshop::temporal_traffic2,test/issue_0,0,petshop::temporal_traffic2|test/issue_0#0,alertcount,0.0
petshop,temporal_traffic2,petshop::temporal_traffic2,test/issue_0,0,petshop::temporal_traffic2|test/issue_0#0,baro,0.0
petshop,temporal_traffic2,petshop::temporal_traffic2,test/issue_0,0,petshop::temporal_traffic2|test/issue_0#0,cd1min,0.0
petshop,temporal_traffic2,petshop::temporal_traffic2,test/issue_0,0,petshop::temporal_traffic2|test/issue_0#0,z_family,0.0
petshop,temporal_traffic2,petshop::temporal_traffic2,test/issue_1,0,petshop::temporal_traffic2|test/issue_1#0,alertcount,0.0
petshop,temporal_traffic2,petshop::temporal_traffic2,test/issue_1,0,petshop::temporal_traffic2|test/issue_1#0,baro,0.0
petshop,temporal_traffic2,petshop::temporal_traffic2,test/issue_1,0,petshop::temporal_traffic2|test/issue_1#0,cd1min,0.0
petshop,temporal_traffic2,petshop::temporal_traffic2,test/issue_1,0,petshop::temporal_traffic2|test/issue_1#0,z_family,0.0
petshop,temporal_traffic2,petshop::temporal_traffic2,test/issue_2,0,petshop::temporal_traffic2|test/issue_2#0,alertcount,0.0
petshop,temporal_traffic2,petshop::temporal_traffic2,test/issue_2,0,petshop::temporal_traffic2|test/issue_2#0,baro,1.0
petshop,temporal_traffic2,petshop::temporal_traffic2,test/issue_2,0,petshop::temporal_traffic2|test/issue_2#0,cd1min,1.0
petshop,temporal_traffic2,petshop::temporal_traffic2,test/issue_2,0,petshop::temporal_traffic2|test/issue_2#0,z_family,1.0
petshop,temporal_traffic2,petshop::temporal_traffic2,test/issue_3,0,petshop::temporal_traffic2|test/issue_3#0,alertcount,0.0
petshop,temporal_traffic2,petshop::temporal_traffic2,test/issue_3,0,petshop::temporal_traffic2|test/issue_3#0,baro,0.0
petshop,temporal_traffic2,petshop::temporal_traffic2,test/issue_3,0,petshop::temporal_traffic2|test/issue_3#0,cd1min,0.0
petshop,temporal_traffic2,petshop::temporal_traffic2,test/issue_3,0,petshop::temporal_traffic2|test/issue_3#0,z_family,0.0
petshop,temporal_traffic2,petshop::temporal_traffic2,test/issue_4,0,petshop::temporal_traffic2|test/issue_4#0,alertcount,0.0
petshop,temporal_traffic2,petshop::temporal_traffic2,test/issue_4,0,petshop::temporal_traffic2|test/issue_4#0,baro,0.0
petshop,temporal_traffic2,petshop::temporal_traffic2,test/issue_4,0,petshop::temporal_traffic2|test/issue_4#0,cd1min,0.0
petshop,temporal_traffic2,petshop::temporal_traffic2,test/issue_4,0,petshop::temporal_traffic2|test/issue_4#0,z_family,0.0
petshop,temporal_traffic2,petshop::temporal_traffic2,test/issue_5,0,petshop::temporal_traffic2|test/issue_5#0,alertcount,0.0
petshop,temporal_traffic2,petshop::temporal_traffic2,test/issue_5,0,petshop::temporal_traffic2|test/issue_5#0,baro,0.0
petshop,temporal_traffic2,petshop::temporal_traffic2,test/issue_5,0,petshop::temporal_traffic2|test/issue_5#0,cd1min,0.0
petshop,temporal_traffic2,petshop::temporal_traffic2,test/issue_5,0,petshop::temporal_traffic2|test/issue_5#0,z_family,1.0
petshop,temporal_traffic2,petshop::temporal_traffic2,train/issue_0,0,petshop::temporal_traffic2|train/issue_0#0,alertcount,1.0
petshop,temporal_traffic2,petshop::temporal_traffic2,train/issue_0,0,petshop::temporal_traffic2|train/issue_0#0,baro,1.0
petshop,temporal_traffic2,petshop::temporal_traffic2,train/issue_0,0,petshop::temporal_traffic2|train/issue_0#0,cd1min,0.0
petshop,temporal_traffic2,petshop::temporal_traffic2,train/issue_0,0,petshop::temporal_traffic2|train/issue_0#0,z_family,1.0
petshop,temporal_traffic2,petshop::temporal_traffic2,train/issue_1,0,petshop::temporal_traffic2|train/issue_1#0,alertcount,1.0
petshop,temporal_traffic2,petshop::temporal_traffic2,train/issue_1,0,petshop::temporal_traffic2|train/issue_1#0,baro,0.0
petshop,temporal_traffic2,petshop::temporal_traffic2,train/issue_1,0,petshop::temporal_traffic2|train/issue_1#0,cd1min,0.0
petshop,temporal_traffic2,petshop::temporal_traffic2,train/issue_1,0,petshop::temporal_traffic2|train/issue_1#0,z_family,0.0
rcaeval,OB,rcaeval::OB,adservice_cpu/1,0,rcaeval::OB|adservice_cpu/1#0,alertcount,1.0
rcaeval,OB,rcaeval::OB,adservice_cpu/1,0,rcaeval::OB|adservice_cpu/1#0,baro,1.0
rcaeval,OB,rcaeval::OB,adservice_cpu/1,0,rcaeval::OB|adservice_cpu/1#0,cd1min,1.0
rcaeval,OB,rcaeval::OB,adservice_cpu/1,0,rcaeval::OB|adservice_cpu/1#0,z_family,0.0
rcaeval,OB,rcaeval::OB,adservice_cpu/2,0,rcaeval::OB|adservice_cpu/2#0,alertcount,1.0
rcaeval,OB,rcaeval::OB,adservice_cpu/2,0,rcaeval::OB|adservice_cpu/2#0,baro,1.0
rcaeval,OB,rcaeval::OB,adservice_cpu/2,0,rcaeval::OB|adservice_cpu/2#0,cd1min,1.0
rcaeval,OB,rcaeval::OB,adservice_cpu/2,0,rcaeval::OB|adservice_cpu/2#0,z_family,1.0
rcaeval,OB,rcaeval::OB,adservice_cpu/3,0,rcaeval::OB|adservice_cpu/3#0,alertcount,0.0
rcaeval,OB,rcaeval::OB,adservice_cpu/3,0,rcaeval::OB|adservice_cpu/3#0,baro,1.0
rcaeval,OB,rcaeval::OB,adservice_cpu/3,0,rcaeval::OB|adservice_cpu/3#0,cd1min,1.0
rcaeval,OB,rcaeval::OB,adservice_cpu/3,0,rcaeval::OB|adservice_cpu/3#0,z_family,1.0
rcaeval,OB,rcaeval::OB,adservice_cpu/4,0,rcaeval::OB|adservice_cpu/4#0,alertcount,1.0
rcaeval,OB,rcaeval::OB,adservice_cpu/4,0,rcaeval::OB|adservice_cpu/4#0,baro,0.0
rcaeval,OB,rcaeval::OB,adservice_cpu/4,0,rcaeval::OB|adservice_cpu/4#0,cd1min,1.0
rcaeval,OB,rcaeval::OB,adservice_cpu/4,0,rcaeval::OB|adservice_cpu/4#0,z_family,1.0
rcaeval,OB,rcaeval::OB,adservice_cpu/5,0,rcaeval::OB|adservice_cpu/5#0,alertcount,1.0
rcaeval,OB,rcaeval::OB,adservice_cpu/5,0,rcaeval::OB|adservice_cpu/5#0,baro,1.0
rcaeval,OB,rcaeval::OB,adservice_cpu/5,0,rcaeval::OB|adservice_cpu/5#0,cd1min,0.0
rcaeval,OB,rcaeval::OB,adservice_cpu/5,0,rcaeval::OB|adservice_cpu/5#0,z_family,1.0
rcaeval,OB,rcaeval::OB,adservice_delay/1,0,rcaeval::OB|adservice_delay/1#0,alertcount,0.0
rcaeval,OB,rcaeval::OB,adservice_delay/1,0,rcaeval::OB|adservice_delay/1#0,baro,1.0
rcaeval,OB,rcaeval::OB,adservice_delay/1,0,rcaeval::OB|adservice_delay/1#0,cd1min,1.0
rcaeval,OB,rcaeval::OB,adservice_delay/1,0,rcaeval::OB|adservice_delay/1#0,z_family,1.0
rcaeval,OB,rcaeval::OB,adservice_delay/2,0,rcaeval::OB|adservice_delay/2#0,alertcount,0.0
rcaeval,OB,rcaeval::OB,adservice_delay/2,0,rcaeval::OB|adservice_delay/2#0,baro,1.0
rcaeval,OB,rcaeval::OB,adservice_delay/2,0,rcaeval::OB|adservice_delay/2#0,cd1min,1.0
rcaeval,OB,rcaeval::OB,adservice_delay/2,0,rcaeval::OB|adservice_delay/2#0,z_family,1.0
rcaeval,OB,rcaeval::OB,adservice_delay/3,0,rcaeval::OB|adservice_delay/3#0,alertcount,1.0
rcaeval,OB,rcaeval::OB,adservice_delay/3,0,rcaeval::OB|adservice_delay/3#0,baro,1.0
rcaeval,OB,rcaeval::OB,adservice_delay/3,0,rcaeval::OB|adservice_delay/3#0,cd1min,1.0
rcaeval,OB,rcaeval::OB,adservice_delay/3,0,rcaeval::OB|adservice_delay/3#0,z_family,1.0
rcaeval,OB,rcaeval::OB,adservice_delay/4,0,rcaeval::OB|adservice_delay/4#0,alertcount,1.0
rcaeval,OB,rcaeval::OB,adservice_delay/4,0,rcaeval::OB|adservice_delay/4#0,baro,1.0
rcaeval,OB,rcaeval::OB,adservice_delay/4,0,rcaeval::OB|adservice_delay/4#0,cd1min,1.0
rcaeval,OB,rcaeval::OB,adservice_delay/4,0,rcaeval::OB|adservice_delay/4#0,z_family,1.0
rcaeval,OB,rcaeval::OB,adservice_delay/5,0,rcaeval::OB|adservice_delay/5#0,alertcount,1.0
rcaeval,OB,rcaeval::OB,adservice_delay/5,0,rcaeval::OB|adservice_delay/5#0,baro,1.0
rcaeval,OB,rcaeval::OB,adservice_delay/5,0,rcaeval::OB|adservice_delay/5#0,cd1min,0.0
rcaeval,OB,rcaeval::OB,adservice_delay/5,0,rcaeval::OB|adservice_delay/5#0,z_family,1.0
rcaeval,OB,rcaeval::OB,adservice_disk/1,0,rcaeval::OB|adservice_disk/1#0,alertcount,1.0
rcaeval,OB,rcaeval::OB,adservice_disk/1,0,rcaeval::OB|adservice_disk/1#0,baro,1.0
rcaeval,OB,rcaeval::OB,adservice_disk/1,0,rcaeval::OB|adservice_disk/1#0,cd1min,0.0
rcaeval,OB,rcaeval::OB,adservice_disk/1,0,rcaeval::OB|adservice_disk/1#0,z_family,1.0
rcaeval,OB,rcaeval::OB,adservice_disk/2,0,rcaeval::OB|adservice_disk/2#0,alertcount,1.0
rcaeval,OB,rcaeval::OB,adservice_disk/2,0,rcaeval::OB|adservice_disk/2#0,baro,0.0
rcaeval,OB,rcaeval::OB,adservice_disk/2,0,rcaeval::OB|adservice_disk/2#0,cd1min,1.0
rcaeval,OB,rcaeval::OB,adservice_disk/2,0,rcaeval::OB|adservice_disk/2#0,z_family,0.0
rcaeval,OB,rcaeval::OB,adservice_disk/3,0,rcaeval::OB|adservice_disk/3#0,alertcount,1.0
rcaeval,OB,rcaeval::OB,adservice_disk/3,0,rcaeval::OB|adservice_disk/3#0,baro,1.0
rcaeval,OB,rcaeval::OB,adservice_disk/3,0,rcaeval::OB|adservice_disk/3#0,cd1min,1.0
rcaeval,OB,rcaeval::OB,adservice_disk/3,0,rcaeval::OB|adservice_disk/3#0,z_family,1.0
rcaeval,OB,rcaeval::OB,adservice_disk/4,0,rcaeval::OB|adservice_disk/4#0,alertcount,1.0
rcaeval,OB,rcaeval::OB,adservice_disk/4,0,rcaeval::OB|adservice_disk/4#0,baro,1.0
rcaeval,OB,rcaeval::OB,adservice_disk/4,0,rcaeval::OB|adservice_disk/4#0,cd1min,1.0
rcaeval,OB,rcaeval::OB,adservice_disk/4,0,rcaeval::OB|adservice_disk/4#0,z_family,0.0
rcaeval,OB,rcaeval::OB,adservice_disk/5,0,rcaeval::OB|adservice_disk/5#0,alertcount,1.0
rcaeval,OB,rcaeval::OB,adservice_disk/5,0,rcaeval::OB|adservice_disk/5#0,baro,1.0
rcaeval,OB,rcaeval::OB,adservice_disk/5,0,rcaeval::OB|adservice_disk/5#0,cd1min,1.0
rcaeval,OB,rcaeval::OB,adservice_disk/5,0,rcaeval::OB|adservice_disk/5#0,z_family,1.0
rcaeval,OB,rcaeval::OB,adservice_loss/1,0,rcaeval::OB|adservice_loss/1#0,alertcount,1.0
rcaeval,OB,rcaeval::OB,adservice_loss/1,0,rcaeval::OB|adservice_loss/1#0,baro,1.0
rcaeval,OB,rcaeval::OB,adservice_loss/1,0,rcaeval::OB|adservice_loss/1#0,cd1min,1.0
rcaeval,OB,rcaeval::OB,adservice_loss/1,0,rcaeval::OB|adservice_loss/1#0,z_family,1.0
rcaeval,OB,rcaeval::OB,adservice_loss/2,0,rcaeval::OB|adservice_loss/2#0,alertcount,1.0
rcaeval,OB,rcaeval::OB,adservice_loss/2,0,rcaeval::OB|adservice_loss/2#0,baro,0.0
rcaeval,OB,rcaeval::OB,adservice_loss/2,0,rcaeval::OB|adservice_loss/2#0,cd1min,0.0
rcaeval,OB,rcaeval::OB,adservice_loss/2,0,rcaeval::OB|adservice_loss/2#0,z_family,0.0
rcaeval,OB,rcaeval::OB,adservice_loss/3,0,rcaeval::OB|adservice_loss/3#0,alertcount,1.0
rcaeval,OB,rcaeval::OB,adservice_loss/3,0,rcaeval::OB|adservice_loss/3#0,baro,1.0
rcaeval,OB,rcaeval::OB,adservice_loss/3,0,rcaeval::OB|adservice_loss/3#0,cd1min,0.0
rcaeval,OB,rcaeval::OB,adservice_loss/3,0,rcaeval::OB|adservice_loss/3#0,z_family,1.0
rcaeval,OB,rcaeval::OB,adservice_loss/4,0,rcaeval::OB|adservice_loss/4#0,alertcount,1.0
rcaeval,OB,rcaeval::OB,adservice_loss/4,0,rcaeval::OB|adservice_loss/4#0,baro,1.0
rcaeval,OB,rcaeval::OB,adservice_loss/4,0,rcaeval::OB|adservice_loss/4#0,cd1min,0.0
rcaeval,OB,rcaeval::OB,adservice_loss/4,0,rcaeval::OB|adservice_loss/4#0,z_family,1.0
rcaeval,OB,rcaeval::OB,adservice_loss/5,0,rcaeval::OB|adservice_loss/5#0,alertcount,1.0
rcaeval,OB,rcaeval::OB,adservice_loss/5,0,rcaeval::OB|adservice_loss/5#0,baro,0.0
rcaeval,OB,rcaeval::OB,adservice_loss/5,0,rcaeval::OB|adservice_loss/5#0,cd1min,1.0
rcaeval,OB,rcaeval::OB,adservice_loss/5,0,rcaeval::OB|adservice_loss/5#0,z_family,0.0
rcaeval,OB,rcaeval::OB,adservice_mem/1,0,rcaeval::OB|adservice_mem/1#0,alertcount,1.0
rcaeval,OB,rcaeval::OB,adservice_mem/1,0,rcaeval::OB|adservice_mem/1#0,baro,1.0
rcaeval,OB,rcaeval::OB,adservice_mem/1,0,rcaeval::OB|adservice_mem/1#0,cd1min,1.0
rcaeval,OB,rcaeval::OB,adservice_mem/1,0,rcaeval::OB|adservice_mem/1#0,z_family,1.0
rcaeval,OB,rcaeval::OB,adservice_mem/2,0,rcaeval::OB|adservice_mem/2#0,alertcount,1.0
rcaeval,OB,rcaeval::OB,adservice_mem/2,0,rcaeval::OB|adservice_mem/2#0,baro,1.0
rcaeval,OB,rcaeval::OB,adservice_mem/2,0,rcaeval::OB|adservice_mem/2#0,cd1min,1.0
rcaeval,OB,rcaeval::OB,adservice_mem/2,0,rcaeval::OB|adservice_mem/2#0,z_family,1.0
rcaeval,OB,rcaeval::OB,adservice_mem/3,0,rcaeval::OB|adservice_mem/3#0,alertcount,1.0
rcaeval,OB,rcaeval::OB,adservice_mem/3,0,rcaeval::OB|adservice_mem/3#0,baro,1.0
rcaeval,OB,rcaeval::OB,adservice_mem/3,0,rcaeval::OB|adservice_mem/3#0,cd1min,0.0
rcaeval,OB,rcaeval::OB,adservice_mem/3,0,rcaeval::OB|adservice_mem/3#0,z_family,1.0
rcaeval,OB,rcaeval::OB,adservice_mem/4,0,rcaeval::OB|adservice_mem/4#0,alertcount,1.0
rcaeval,OB,rcaeval::OB,adservice_mem/4,0,rcaeval::OB|adservice_mem/4#0,baro,1.0
rcaeval,OB,rcaeval::OB,adservice_mem/4,0,rcaeval::OB|adservice_mem/4#0,cd1min,1.0
rcaeval,OB,rcaeval::OB,adservice_mem/4,0,rcaeval::OB|adservice_mem/4#0,z_family,1.0
rcaeval,OB,rcaeval::OB,adservice_mem/5,0,rcaeval::OB|adservice_mem/5#0,alertcount,1.0
rcaeval,OB,rcaeval::OB,adservice_mem/5,0,rcaeval::OB|adservice_mem/5#0,baro,1.0
rcaeval,OB,rcaeval::OB,adservice_mem/5,0,rcaeval::OB|adservice_mem/5#0,cd1min,1.0
rcaeval,OB,rcaeval::OB,adservice_mem/5,0,rcaeval::OB|adservice_mem/5#0,z_family,1.0
rcaeval,OB,rcaeval::OB,cartservice_cpu/1,0,rcaeval::OB|cartservice_cpu/1#0,alertcount,0.0
rcaeval,OB,rcaeval::OB,cartservice_cpu/1,0,rcaeval::OB|cartservice_cpu/1#0,baro,1.0
rcaeval,OB,rcaeval::OB,cartservice_cpu/1,0,rcaeval::OB|cartservice_cpu/1#0,cd1min,1.0
rcaeval,OB,rcaeval::OB,cartservice_cpu/1,0,rcaeval::OB|cartservice_cpu/1#0,z_family,0.0
rcaeval,OB,rcaeval::OB,cartservice_cpu/2,0,rcaeval::OB|cartservice_cpu/2#0,alertcount,1.0
rcaeval,OB,rcaeval::OB,cartservice_cpu/2,0,rcaeval::OB|cartservice_cpu/2#0,baro,1.0
rcaeval,OB,rcaeval::OB,cartservice_cpu/2,0,rcaeval::OB|cartservice_cpu/2#0,cd1min,1.0
rcaeval,OB,rcaeval::OB,cartservice_cpu/2,0,rcaeval::OB|cartservice_cpu/2#0,z_family,1.0
rcaeval,OB,rcaeval::OB,cartservice_cpu/3,0,rcaeval::OB|cartservice_cpu/3#0,alertcount,0.0
rcaeval,OB,rcaeval::OB,cartservice_cpu/3,0,rcaeval::OB|cartservice_cpu/3#0,baro,1.0
rcaeval,OB,rcaeval::OB,cartservice_cpu/3,0,rcaeval::OB|cartservice_cpu/3#0,cd1min,1.0
rcaeval,OB,rcaeval::OB,cartservice_cpu/3,0,rcaeval::OB|cartservice_cpu/3#0,z_family,1.0
rcaeval,OB,rcaeval::OB,cartservice_cpu/4,0,rcaeval::OB|cartservice_cpu/4#0,alertcount,1.0
rcaeval,OB,rcaeval::OB,cartservice_cpu/4,0,rcaeval::OB|cartservice_cpu/4#0,baro,1.0
rcaeval,OB,rcaeval::OB,cartservice_cpu/4,0,rcaeval::OB|cartservice_cpu/4#0,cd1min,1.0
rcaeval,OB,rcaeval::OB,cartservice_cpu/4,0,rcaeval::OB|cartservice_cpu/4#0,z_family,1.0
rcaeval,OB,rcaeval::OB,cartservice_cpu/5,0,rcaeval::OB|cartservice_cpu/5#0,alertcount,0.0
rcaeval,OB,rcaeval::OB,cartservice_cpu/5,0,rcaeval::OB|cartservice_cpu/5#0,baro,1.0
rcaeval,OB,rcaeval::OB,cartservice_cpu/5,0,rcaeval::OB|cartservice_cpu/5#0,cd1min,1.0
rcaeval,OB,rcaeval::OB,cartservice_cpu/5,0,rcaeval::OB|cartservice_cpu/5#0,z_family,1.0
rcaeval,OB,rcaeval::OB,cartservice_delay/1,0,rcaeval::OB|cartservice_delay/1#0,alertcount,0.0
rcaeval,OB,rcaeval::OB,cartservice_delay/1,0,rcaeval::OB|cartservice_delay/1#0,baro,1.0
rcaeval,OB,rcaeval::OB,cartservice_delay/1,0,rcaeval::OB|cartservice_delay/1#0,cd1min,1.0
rcaeval,OB,rcaeval::OB,cartservice_delay/1,0,rcaeval::OB|cartservice_delay/1#0,z_family,1.0
rcaeval,OB,rcaeval::OB,cartservice_delay/2,0,rcaeval::OB|cartservice_delay/2#0,alertcount,0.0
rcaeval,OB,rcaeval::OB,cartservice_delay/2,0,rcaeval::OB|cartservice_delay/2#0,baro,1.0
rcaeval,OB,rcaeval::OB,cartservice_delay/2,0,rcaeval::OB|cartservice_delay/2#0,cd1min,1.0
rcaeval,OB,rcaeval::OB,cartservice_delay/2,0,rcaeval::OB|cartservice_delay/2#0,z_family,1.0
rcaeval,OB,rcaeval::OB,cartservice_delay/3,0,rcaeval::OB|cartservice_delay/3#0,alertcount,1.0
rcaeval,OB,rcaeval::OB,cartservice_delay/3,0,rcaeval::OB|cartservice_delay/3#0,baro,1.0
rcaeval,OB,rcaeval::OB,cartservice_delay/3,0,rcaeval::OB|cartservice_delay/3#0,cd1min,1.0
rcaeval,OB,rcaeval::OB,cartservice_delay/3,0,rcaeval::OB|cartservice_delay/3#0,z_family,1.0
rcaeval,OB,rcaeval::OB,cartservice_delay/4,0,rcaeval::OB|cartservice_delay/4#0,alertcount,0.0
rcaeval,OB,rcaeval::OB,cartservice_delay/4,0,rcaeval::OB|cartservice_delay/4#0,baro,1.0
rcaeval,OB,rcaeval::OB,cartservice_delay/4,0,rcaeval::OB|cartservice_delay/4#0,cd1min,1.0
rcaeval,OB,rcaeval::OB,cartservice_delay/4,0,rcaeval::OB|cartservice_delay/4#0,z_family,1.0
rcaeval,OB,rcaeval::OB,cartservice_delay/5,0,rcaeval::OB|cartservice_delay/5#0,alertcount,0.0
rcaeval,OB,rcaeval::OB,cartservice_delay/5,0,rcaeval::OB|cartservice_delay/5#0,baro,1.0
rcaeval,OB,rcaeval::OB,cartservice_delay/5,0,rcaeval::OB|cartservice_delay/5#0,cd1min,1.0
rcaeval,OB,rcaeval::OB,cartservice_delay/5,0,rcaeval::OB|cartservice_delay/5#0,z_family,1.0
rcaeval,OB,rcaeval::OB,cartservice_disk/1,0,rcaeval::OB|cartservice_disk/1#0,alertcount,0.0
rcaeval,OB,rcaeval::OB,cartservice_disk/1,0,rcaeval::OB|cartservice_disk/1#0,baro,1.0
rcaeval,OB,rcaeval::OB,cartservice_disk/1,0,rcaeval::OB|cartservice_disk/1#0,cd1min,1.0
rcaeval,OB,rcaeval::OB,cartservice_disk/1,0,rcaeval::OB|cartservice_disk/1#0,z_family,0.0
rcaeval,OB,rcaeval::OB,cartservice_disk/2,0,rcaeval::OB|cartservice_disk/2#0,alertcount,1.0
rcaeval,OB,rcaeval::OB,cartservice_disk/2,0,rcaeval::OB|cartservice_disk/2#0,baro,0.0
rcaeval,OB,rcaeval::OB,cartservice_disk/2,0,rcaeval::OB|cartservice_disk/2#0,cd1min,1.0
rcaeval,OB,rcaeval::OB,cartservice_disk/2,0,rcaeval::OB|cartservice_disk/2#0,z_family,0.0
rcaeval,OB,rcaeval::OB,cartservice_disk/3,0,rcaeval::OB|cartservice_disk/3#0,alertcount,1.0
rcaeval,OB,rcaeval::OB,cartservice_disk/3,0,rcaeval::OB|cartservice_disk/3#0,baro,1.0
rcaeval,OB,rcaeval::OB,cartservice_disk/3,0,rcaeval::OB|cartservice_disk/3#0,cd1min,1.0
rcaeval,OB,rcaeval::OB,cartservice_disk/3,0,rcaeval::OB|cartservice_disk/3#0,z_family,1.0
rcaeval,OB,rcaeval::OB,cartservice_disk/4,0,rcaeval::OB|cartservice_disk/4#0,alertcount,1.0
rcaeval,OB,rcaeval::OB,cartservice_disk/4,0,rcaeval::OB|cartservice_disk/4#0,baro,1.0
rcaeval,OB,rcaeval::OB,cartservice_disk/4,0,rcaeval::OB|cartservice_disk/4#0,cd1min,1.0
rcaeval,OB,rcaeval::OB,cartservice_disk/4,0,rcaeval::OB|cartservice_disk/4#0,z_family,1.0
rcaeval,OB,rcaeval::OB,cartservice_disk/5,0,rcaeval::OB|cartservice_disk/5#0,alertcount,1.0
rcaeval,OB,rcaeval::OB,cartservice_disk/5,0,rcaeval::OB|cartservice_disk/5#0,baro,1.0
rcaeval,OB,rcaeval::OB,cartservice_disk/5,0,rcaeval::OB|cartservice_disk/5#0,cd1min,1.0
rcaeval,OB,rcaeval::OB,cartservice_disk/5,0,rcaeval::OB|cartservice_disk/5#0,z_family,1.0
rcaeval,OB,rcaeval::OB,cartservice_loss/1,0,rcaeval::OB|cartservice_loss/1#0,alertcount,0.0
rcaeval,OB,rcaeval::OB,cartservice_loss/1,0,rcaeval::OB|cartservice_loss/1#0,baro,1.0
rcaeval,OB,rcaeval::OB,cartservice_loss/1,0,rcaeval::OB|cartservice_loss/1#0,cd1min,1.0
rcaeval,OB,rcaeval::OB,cartservice_loss/1,0,rcaeval::OB|cartservice_loss/1#0,z_family,1.0
rcaeval,OB,rcaeval::OB,cartservice_loss/2,0,rcaeval::OB|cartservice_loss/2#0,alertcount,1.0
rcaeval,OB,rcaeval::OB,cartservice_loss/2,0,rcaeval::OB|cartservice_loss/2#0,baro,1.0
rcaeval,OB,rcaeval::OB,cartservice_loss/2,0,rcaeval::OB|cartservice_loss/2#0,cd1min,0.0
rcaeval,OB,rcaeval::OB,cartservice_loss/2,0,rcaeval::OB|cartservice_loss/2#0,z_family,0.0
rcaeval,OB,rcaeval::OB,cartservice_loss/3,0,rcaeval::OB|cartservice_loss/3#0,alertcount,0.0
rcaeval,OB,rcaeval::OB,cartservice_loss/3,0,rcaeval::OB|cartservice_loss/3#0,baro,1.0
rcaeval,OB,rcaeval::OB,cartservice_loss/3,0,rcaeval::OB|cartservice_loss/3#0,cd1min,1.0
rcaeval,OB,rcaeval::OB,cartservice_loss/3,0,rcaeval::OB|cartservice_loss/3#0,z_family,1.0
rcaeval,OB,rcaeval::OB,cartservice_loss/4,0,rcaeval::OB|cartservice_loss/4#0,alertcount,0.0
rcaeval,OB,rcaeval::OB,cartservice_loss/4,0,rcaeval::OB|cartservice_loss/4#0,baro,1.0
rcaeval,OB,rcaeval::OB,cartservice_loss/4,0,rcaeval::OB|cartservice_loss/4#0,cd1min,1.0
rcaeval,OB,rcaeval::OB,cartservice_loss/4,0,rcaeval::OB|cartservice_loss/4#0,z_family,0.0
rcaeval,OB,rcaeval::OB,cartservice_loss/5,0,rcaeval::OB|cartservice_loss/5#0,alertcount,0.0
rcaeval,OB,rcaeval::OB,cartservice_loss/5,0,rcaeval::OB|cartservice_loss/5#0,baro,1.0
rcaeval,OB,rcaeval::OB,cartservice_loss/5,0,rcaeval::OB|cartservice_loss/5#0,cd1min,1.0
rcaeval,OB,rcaeval::OB,cartservice_loss/5,0,rcaeval::OB|cartservice_loss/5#0,z_family,1.0
rcaeval,OB,rcaeval::OB,cartservice_mem/1,0,rcaeval::OB|cartservice_mem/1#0,alertcount,1.0
rcaeval,OB,rcaeval::OB,cartservice_mem/1,0,rcaeval::OB|cartservice_mem/1#0,baro,1.0
rcaeval,OB,rcaeval::OB,cartservice_mem/1,0,rcaeval::OB|cartservice_mem/1#0,cd1min,1.0
rcaeval,OB,rcaeval::OB,cartservice_mem/1,0,rcaeval::OB|cartservice_mem/1#0,z_family,1.0
rcaeval,OB,rcaeval::OB,cartservice_mem/2,0,rcaeval::OB|cartservice_mem/2#0,alertcount,1.0
rcaeval,OB,rcaeval::OB,cartservice_mem/2,0,rcaeval::OB|cartservice_mem/2#0,baro,1.0
rcaeval,OB,rcaeval::OB,cartservice_mem/2,0,rcaeval::OB|cartservice_mem/2#0,cd1min,1.0
rcaeval,OB,rcaeval::OB,cartservice_mem/2,0,rcaeval::OB|cartservice_mem/2#0,z_family,1.0
rcaeval,OB,rcaeval::OB,cartservice_mem/3,0,rcaeval::OB|cartservice_mem/3#0,alertcount,1.0
rcaeval,OB,rcaeval::OB,cartservice_mem/3,0,rcaeval::OB|cartservice_mem/3#0,baro,1.0
rcaeval,OB,rcaeval::OB,cartservice_mem/3,0,rcaeval::OB|cartservice_mem/3#0,cd1min,1.0
rcaeval,OB,rcaeval::OB,cartservice_mem/3,0,rcaeval::OB|cartservice_mem/3#0,z_family,1.0
rcaeval,OB,rcaeval::OB,cartservice_mem/4,0,rcaeval::OB|cartservice_mem/4#0,alertcount,0.0
rcaeval,OB,rcaeval::OB,cartservice_mem/4,0,rcaeval::OB|cartservice_mem/4#0,baro,1.0
rcaeval,OB,rcaeval::OB,cartservice_mem/4,0,rcaeval::OB|cartservice_mem/4#0,cd1min,1.0
rcaeval,OB,rcaeval::OB,cartservice_mem/4,0,rcaeval::OB|cartservice_mem/4#0,z_family,1.0
rcaeval,OB,rcaeval::OB,cartservice_mem/5,0,rcaeval::OB|cartservice_mem/5#0,alertcount,1.0
rcaeval,OB,rcaeval::OB,cartservice_mem/5,0,rcaeval::OB|cartservice_mem/5#0,baro,1.0
rcaeval,OB,rcaeval::OB,cartservice_mem/5,0,rcaeval::OB|cartservice_mem/5#0,cd1min,1.0
rcaeval,OB,rcaeval::OB,cartservice_mem/5,0,rcaeval::OB|cartservice_mem/5#0,z_family,1.0
rcaeval,OB,rcaeval::OB,checkoutservice_cpu/1,0,rcaeval::OB|checkoutservice_cpu/1#0,alertcount,1.0
rcaeval,OB,rcaeval::OB,checkoutservice_cpu/1,0,rcaeval::OB|checkoutservice_cpu/1#0,baro,1.0
rcaeval,OB,rcaeval::OB,checkoutservice_cpu/1,0,rcaeval::OB|checkoutservice_cpu/1#0,cd1min,1.0
rcaeval,OB,rcaeval::OB,checkoutservice_cpu/1,0,rcaeval::OB|checkoutservice_cpu/1#0,z_family,1.0
rcaeval,OB,rcaeval::OB,checkoutservice_cpu/2,0,rcaeval::OB|checkoutservice_cpu/2#0,alertcount,1.0
rcaeval,OB,rcaeval::OB,checkoutservice_cpu/2,0,rcaeval::OB|checkoutservice_cpu/2#0,baro,1.0
rcaeval,OB,rcaeval::OB,checkoutservice_cpu/2,0,rcaeval::OB|checkoutservice_cpu/2#0,cd1min,1.0
rcaeval,OB,rcaeval::OB,checkoutservice_cpu/2,0,rcaeval::OB|checkoutservice_cpu/2#0,z_family,1.0
rcaeval,OB,rcaeval::OB,checkoutservice_cpu/3,0,rcaeval::OB|checkoutservice_cpu/3#0,alertcount,1.0
rcaeval,OB,rcaeval::OB,checkoutservice_cpu/3,0,rcaeval::OB|checkoutservice_cpu/3#0,baro,1.0
rcaeval,OB,rcaeval::OB,checkoutservice_cpu/3,0,rcaeval::OB|checkoutservice_cpu/3#0,cd1min,1.0
rcaeval,OB,rcaeval::OB,checkoutservice_cpu/3,0,rcaeval::OB|checkoutservice_cpu/3#0,z_family,1.0
rcaeval,OB,rcaeval::OB,checkoutservice_cpu/4,0,rcaeval::OB|checkoutservice_cpu/4#0,alertcount,0.0
rcaeval,OB,rcaeval::OB,checkoutservice_cpu/4,0,rcaeval::OB|checkoutservice_cpu/4#0,baro,1.0
rcaeval,OB,rcaeval::OB,checkoutservice_cpu/4,0,rcaeval::OB|checkoutservice_cpu/4#0,cd1min,1.0
rcaeval,OB,rcaeval::OB,checkoutservice_cpu/4,0,rcaeval::OB|checkoutservice_cpu/4#0,z_family,1.0
rcaeval,OB,rcaeval::OB,checkoutservice_cpu/5,0,rcaeval::OB|checkoutservice_cpu/5#0,alertcount,0.0
rcaeval,OB,rcaeval::OB,checkoutservice_cpu/5,0,rcaeval::OB|checkoutservice_cpu/5#0,baro,1.0
rcaeval,OB,rcaeval::OB,checkoutservice_cpu/5,0,rcaeval::OB|checkoutservice_cpu/5#0,cd1min,1.0
rcaeval,OB,rcaeval::OB,checkoutservice_cpu/5,0,rcaeval::OB|checkoutservice_cpu/5#0,z_family,1.0
rcaeval,OB,rcaeval::OB,checkoutservice_delay/1,0,rcaeval::OB|checkoutservice_delay/1#0,alertcount,0.0
rcaeval,OB,rcaeval::OB,checkoutservice_delay/1,0,rcaeval::OB|checkoutservice_delay/1#0,baro,1.0
rcaeval,OB,rcaeval::OB,checkoutservice_delay/1,0,rcaeval::OB|checkoutservice_delay/1#0,cd1min,1.0
rcaeval,OB,rcaeval::OB,checkoutservice_delay/1,0,rcaeval::OB|checkoutservice_delay/1#0,z_family,1.0
rcaeval,OB,rcaeval::OB,checkoutservice_delay/2,0,rcaeval::OB|checkoutservice_delay/2#0,alertcount,0.0
rcaeval,OB,rcaeval::OB,checkoutservice_delay/2,0,rcaeval::OB|checkoutservice_delay/2#0,baro,1.0
rcaeval,OB,rcaeval::OB,checkoutservice_delay/2,0,rcaeval::OB|checkoutservice_delay/2#0,cd1min,1.0
rcaeval,OB,rcaeval::OB,checkoutservice_delay/2,0,rcaeval::OB|checkoutservice_delay/2#0,z_family,1.0
rcaeval,OB,rcaeval::OB,checkoutservice_delay/3,0,rcaeval::OB|checkoutservice_delay/3#0,alertcount,0.0
rcaeval,OB,rcaeval::OB,checkoutservice_delay/3,0,rcaeval::OB|checkoutservice_delay/3#0,baro,1.0
rcaeval,OB,rcaeval::OB,checkoutservice_delay/3,0,rcaeval::OB|checkoutservice_delay/3#0,cd1min,1.0
rcaeval,OB,rcaeval::OB,checkoutservice_delay/3,0,rcaeval::OB|checkoutservice_delay/3#0,z_family,1.0
rcaeval,OB,rcaeval::OB,checkoutservice_delay/4,0,rcaeval::OB|checkoutservice_delay/4#0,alertcount,0.0
rcaeval,OB,rcaeval::OB,checkoutservice_delay/4,0,rcaeval::OB|checkoutservice_delay/4#0,baro,0.0
rcaeval,OB,rcaeval::OB,checkoutservice_delay/4,0,rcaeval::OB|checkoutservice_delay/4#0,cd1min,1.0
rcaeval,OB,rcaeval::OB,checkoutservice_delay/4,0,rcaeval::OB|checkoutservice_delay/4#0,z_family,1.0
rcaeval,OB,rcaeval::OB,checkoutservice_delay/5,0,rcaeval::OB|checkoutservice_delay/5#0,alertcount,0.0
rcaeval,OB,rcaeval::OB,checkoutservice_delay/5,0,rcaeval::OB|checkoutservice_delay/5#0,baro,1.0
rcaeval,OB,rcaeval::OB,checkoutservice_delay/5,0,rcaeval::OB|checkoutservice_delay/5#0,cd1min,1.0
rcaeval,OB,rcaeval::OB,checkoutservice_delay/5,0,rcaeval::OB|checkoutservice_delay/5#0,z_family,1.0
rcaeval,OB,rcaeval::OB,checkoutservice_disk/1,0,rcaeval::OB|checkoutservice_disk/1#0,alertcount,1.0
rcaeval,OB,rcaeval::OB,checkoutservice_disk/1,0,rcaeval::OB|checkoutservice_disk/1#0,baro,1.0
rcaeval,OB,rcaeval::OB,checkoutservice_disk/1,0,rcaeval::OB|checkoutservice_disk/1#0,cd1min,1.0
rcaeval,OB,rcaeval::OB,checkoutservice_disk/1,0,rcaeval::OB|checkoutservice_disk/1#0,z_family,1.0
rcaeval,OB,rcaeval::OB,checkoutservice_disk/2,0,rcaeval::OB|checkoutservice_disk/2#0,alertcount,0.0
rcaeval,OB,rcaeval::OB,checkoutservice_disk/2,0,rcaeval::OB|checkoutservice_disk/2#0,baro,0.0
rcaeval,OB,rcaeval::OB,checkoutservice_disk/2,0,rcaeval::OB|checkoutservice_disk/2#0,cd1min,1.0
rcaeval,OB,rcaeval::OB,checkoutservice_disk/2,0,rcaeval::OB|checkoutservice_disk/2#0,z_family,0.0
rcaeval,OB,rcaeval::OB,checkoutservice_disk/3,0,rcaeval::OB|checkoutservice_disk/3#0,alertcount,1.0
rcaeval,OB,rcaeval::OB,checkoutservice_disk/3,0,rcaeval::OB|checkoutservice_disk/3#0,baro,0.0
rcaeval,OB,rcaeval::OB,checkoutservice_disk/3,0,rcaeval::OB|checkoutservice_disk/3#0,cd1min,1.0
rcaeval,OB,rcaeval::OB,checkoutservice_disk/3,0,rcaeval::OB|checkoutservice_disk/3#0,z_family,1.0
rcaeval,OB,rcaeval::OB,checkoutservice_disk/4,0,rcaeval::OB|checkoutservice_disk/4#0,alertcount,1.0
rcaeval,OB,rcaeval::OB,checkoutservice_disk/4,0,rcaeval::OB|checkoutservice_disk/4#0,baro,1.0
rcaeval,OB,rcaeval::OB,checkoutservice_disk/4,0,rcaeval::OB|checkoutservice_disk/4#0,cd1min,1.0
rcaeval,OB,rcaeval::OB,checkoutservice_disk/4,0,rcaeval::OB|checkoutservice_disk/4#0,z_family,1.0
rcaeval,OB,rcaeval::OB,checkoutservice_disk/5,0,rcaeval::OB|checkoutservice_disk/5#0,alertcount,1.0
rcaeval,OB,rcaeval::OB,checkoutservice_disk/5,0,rcaeval::OB|checkoutservice_disk/5#0,baro,0.0
rcaeval,OB,rcaeval::OB,checkoutservice_disk/5,0,rcaeval::OB|checkoutservice_disk/5#0,cd1min,1.0
rcaeval,OB,rcaeval::OB,checkoutservice_disk/5,0,rcaeval::OB|checkoutservice_disk/5#0,z_family,0.0
rcaeval,OB,rcaeval::OB,checkoutservice_loss/1,0,rcaeval::OB|checkoutservice_loss/1#0,alertcount,0.0
rcaeval,OB,rcaeval::OB,checkoutservice_loss/1,0,rcaeval::OB|checkoutservice_loss/1#0,baro,0.0
rcaeval,OB,rcaeval::OB,checkoutservice_loss/1,0,rcaeval::OB|checkoutservice_loss/1#0,cd1min,0.0
rcaeval,OB,rcaeval::OB,checkoutservice_loss/1,0,rcaeval::OB|checkoutservice_loss/1#0,z_family,0.0
rcaeval,OB,rcaeval::OB,checkoutservice_loss/2,0,rcaeval::OB|checkoutservice_loss/2#0,alertcount,1.0
rcaeval,OB,rcaeval::OB,checkoutservice_loss/2,0,rcaeval::OB|checkoutservice_loss/2#0,baro,0.0
rcaeval,OB,rcaeval::OB,checkoutservice_loss/2,0,rcaeval::OB|checkoutservice_loss/2#0,cd1min,0.0
rcaeval,OB,rcaeval::OB,checkoutservice_loss/2,0,rcaeval::OB|checkoutservice_loss/2#0,z_family,0.0
rcaeval,OB,rcaeval::OB,checkoutservice_loss/3,0,rcaeval::OB|checkoutservice_loss/3#0,alertcount,0.0
rcaeval,OB,rcaeval::OB,checkoutservice_loss/3,0,rcaeval::OB|checkoutservice_loss/3#0,baro,0.0
rcaeval,OB,rcaeval::OB,checkoutservice_loss/3,0,rcaeval::OB|checkoutservice_loss/3#0,cd1min,1.0
rcaeval,OB,rcaeval::OB,checkoutservice_loss/3,0,rcaeval::OB|checkoutservice_loss/3#0,z_family,0.0
rcaeval,OB,rcaeval::OB,checkoutservice_loss/4,0,rcaeval::OB|checkoutservice_loss/4#0,alertcount,0.0
rcaeval,OB,rcaeval::OB,checkoutservice_loss/4,0,rcaeval::OB|checkoutservice_loss/4#0,baro,0.0
rcaeval,OB,rcaeval::OB,checkoutservice_loss/4,0,rcaeval::OB|checkoutservice_loss/4#0,cd1min,0.0
rcaeval,OB,rcaeval::OB,checkoutservice_loss/4,0,rcaeval::OB|checkoutservice_loss/4#0,z_family,0.0
rcaeval,OB,rcaeval::OB,checkoutservice_loss/5,0,rcaeval::OB|checkoutservice_loss/5#0,alertcount,0.0
rcaeval,OB,rcaeval::OB,checkoutservice_loss/5,0,rcaeval::OB|checkoutservice_loss/5#0,baro,0.0
rcaeval,OB,rcaeval::OB,checkoutservice_loss/5,0,rcaeval::OB|checkoutservice_loss/5#0,cd1min,0.0
rcaeval,OB,rcaeval::OB,checkoutservice_loss/5,0,rcaeval::OB|checkoutservice_loss/5#0,z_family,0.0
rcaeval,OB,rcaeval::OB,checkoutservice_mem/1,0,rcaeval::OB|checkoutservice_mem/1#0,alertcount,1.0
rcaeval,OB,rcaeval::OB,checkoutservice_mem/1,0,rcaeval::OB|checkoutservice_mem/1#0,baro,1.0
rcaeval,OB,rcaeval::OB,checkoutservice_mem/1,0,rcaeval::OB|checkoutservice_mem/1#0,cd1min,1.0
rcaeval,OB,rcaeval::OB,checkoutservice_mem/1,0,rcaeval::OB|checkoutservice_mem/1#0,z_family,1.0
rcaeval,OB,rcaeval::OB,checkoutservice_mem/2,0,rcaeval::OB|checkoutservice_mem/2#0,alertcount,1.0
rcaeval,OB,rcaeval::OB,checkoutservice_mem/2,0,rcaeval::OB|checkoutservice_mem/2#0,baro,1.0
rcaeval,OB,rcaeval::OB,checkoutservice_mem/2,0,rcaeval::OB|checkoutservice_mem/2#0,cd1min,1.0
rcaeval,OB,rcaeval::OB,checkoutservice_mem/2,0,rcaeval::OB|checkoutservice_mem/2#0,z_family,1.0
rcaeval,OB,rcaeval::OB,checkoutservice_mem/3,0,rcaeval::OB|checkoutservice_mem/3#0,alertcount,0.0
rcaeval,OB,rcaeval::OB,checkoutservice_mem/3,0,rcaeval::OB|checkoutservice_mem/3#0,baro,1.0
rcaeval,OB,rcaeval::OB,checkoutservice_mem/3,0,rcaeval::OB|checkoutservice_mem/3#0,cd1min,1.0
rcaeval,OB,rcaeval::OB,checkoutservice_mem/3,0,rcaeval::OB|checkoutservice_mem/3#0,z_family,1.0
rcaeval,OB,rcaeval::OB,checkoutservice_mem/4,0,rcaeval::OB|checkoutservice_mem/4#0,alertcount,1.0
rcaeval,OB,rcaeval::OB,checkoutservice_mem/4,0,rcaeval::OB|checkoutservice_mem/4#0,baro,1.0
rcaeval,OB,rcaeval::OB,checkoutservice_mem/4,0,rcaeval::OB|checkoutservice_mem/4#0,cd1min,1.0
rcaeval,OB,rcaeval::OB,checkoutservice_mem/4,0,rcaeval::OB|checkoutservice_mem/4#0,z_family,1.0
rcaeval,OB,rcaeval::OB,checkoutservice_mem/5,0,rcaeval::OB|checkoutservice_mem/5#0,alertcount,1.0
rcaeval,OB,rcaeval::OB,checkoutservice_mem/5,0,rcaeval::OB|checkoutservice_mem/5#0,baro,1.0
rcaeval,OB,rcaeval::OB,checkoutservice_mem/5,0,rcaeval::OB|checkoutservice_mem/5#0,cd1min,1.0
rcaeval,OB,rcaeval::OB,checkoutservice_mem/5,0,rcaeval::OB|checkoutservice_mem/5#0,z_family,1.0
rcaeval,OB,rcaeval::OB,currencyservice_cpu/1,0,rcaeval::OB|currencyservice_cpu/1#0,alertcount,0.0
rcaeval,OB,rcaeval::OB,currencyservice_cpu/1,0,rcaeval::OB|currencyservice_cpu/1#0,baro,1.0
rcaeval,OB,rcaeval::OB,currencyservice_cpu/1,0,rcaeval::OB|currencyservice_cpu/1#0,cd1min,1.0
rcaeval,OB,rcaeval::OB,currencyservice_cpu/1,0,rcaeval::OB|currencyservice_cpu/1#0,z_family,1.0
rcaeval,OB,rcaeval::OB,currencyservice_cpu/2,0,rcaeval::OB|currencyservice_cpu/2#0,alertcount,0.0
rcaeval,OB,rcaeval::OB,currencyservice_cpu/2,0,rcaeval::OB|currencyservice_cpu/2#0,baro,1.0
rcaeval,OB,rcaeval::OB,currencyservice_cpu/2,0,rcaeval::OB|currencyservice_cpu/2#0,cd1min,1.0
rcaeval,OB,rcaeval::OB,currencyservice_cpu/2,0,rcaeval::OB|currencyservice_cpu/2#0,z_family,0.0
rcaeval,OB,rcaeval::OB,currencyservice_cpu/3,0,rcaeval::OB|currencyservice_cpu/3#0,alertcount,0.0
rcaeval,OB,rcaeval::OB,currencyservice_cpu/3,0,rcaeval::OB|currencyservice_cpu/3#0,baro,1.0
rcaeval,OB,rcaeval::OB,currencyservice_cpu/3,0,rcaeval::OB|currencyservice_cpu/3#0,cd1min,1.0
rcaeval,OB,rcaeval::OB,currencyservice_cpu/3,0,rcaeval::OB|currencyservice_cpu/3#0,z_family,0.0
rcaeval,OB,rcaeval::OB,currencyservice_cpu/4,0,rcaeval::OB|currencyservice_cpu/4#0,alertcount,0.0
rcaeval,OB,rcaeval::OB,currencyservice_cpu/4,0,rcaeval::OB|currencyservice_cpu/4#0,baro,0.0
rcaeval,OB,rcaeval::OB,currencyservice_cpu/4,0,rcaeval::OB|currencyservice_cpu/4#0,cd1min,1.0
rcaeval,OB,rcaeval::OB,currencyservice_cpu/4,0,rcaeval::OB|currencyservice_cpu/4#0,z_family,1.0
rcaeval,OB,rcaeval::OB,currencyservice_cpu/5,0,rcaeval::OB|currencyservice_cpu/5#0,alertcount,1.0
rcaeval,OB,rcaeval::OB,currencyservice_cpu/5,0,rcaeval::OB|currencyservice_cpu/5#0,baro,0.0
rcaeval,OB,rcaeval::OB,currencyservice_cpu/5,0,rcaeval::OB|currencyservice_cpu/5#0,cd1min,1.0
rcaeval,OB,rcaeval::OB,currencyservice_cpu/5,0,rcaeval::OB|currencyservice_cpu/5#0,z_family,1.0
rcaeval,OB,rcaeval::OB,currencyservice_delay/1,0,rcaeval::OB|currencyservice_delay/1#0,alertcount,0.0
rcaeval,OB,rcaeval::OB,currencyservice_delay/1,0,rcaeval::OB|currencyservice_delay/1#0,baro,0.0
rcaeval,OB,rcaeval::OB,currencyservice_delay/1,0,rcaeval::OB|currencyservice_delay/1#0,cd1min,1.0
rcaeval,OB,rcaeval::OB,currencyservice_delay/1,0,rcaeval::OB|currencyservice_delay/1#0,z_family,0.0
rcaeval,OB,rcaeval::OB,currencyservice_delay/2,0,rcaeval::OB|currencyservice_delay/2#0,alertcount,0.0
rcaeval,OB,rcaeval::OB,currencyservice_delay/2,0,rcaeval::OB|currencyservice_delay/2#0,baro,0.0
rcaeval,OB,rcaeval::OB,currencyservice_delay/2,0,rcaeval::OB|currencyservice_delay/2#0,cd1min,1.0
rcaeval,OB,rcaeval::OB,currencyservice_delay/2,0,rcaeval::OB|currencyservice_delay/2#0,z_family,0.0
rcaeval,OB,rcaeval::OB,currencyservice_delay/3,0,rcaeval::OB|currencyservice_delay/3#0,alertcount,0.0
rcaeval,OB,rcaeval::OB,currencyservice_delay/3,0,rcaeval::OB|currencyservice_delay/3#0,baro,1.0
rcaeval,OB,rcaeval::OB,currencyservice_delay/3,0,rcaeval::OB|currencyservice_delay/3#0,cd1min,1.0
rcaeval,OB,rcaeval::OB,currencyservice_delay/3,0,rcaeval::OB|currencyservice_delay/3#0,z_family,1.0
rcaeval,OB,rcaeval::OB,currencyservice_delay/4,0,rcaeval::OB|currencyservice_delay/4#0,alertcount,0.0
rcaeval,OB,rcaeval::OB,currencyservice_delay/4,0,rcaeval::OB|currencyservice_delay/4#0,baro,1.0
rcaeval,OB,rcaeval::OB,currencyservice_delay/4,0,rcaeval::OB|currencyservice_delay/4#0,cd1min,1.0
rcaeval,OB,rcaeval::OB,currencyservice_delay/4,0,rcaeval::OB|currencyservice_delay/4#0,z_family,1.0
rcaeval,OB,rcaeval::OB,currencyservice_delay/5,0,rcaeval::OB|currencyservice_delay/5#0,alertcount,1.0
rcaeval,OB,rcaeval::OB,currencyservice_delay/5,0,rcaeval::OB|currencyservice_delay/5#0,baro,0.0
rcaeval,OB,rcaeval::OB,currencyservice_delay/5,0,rcaeval::OB|currencyservice_delay/5#0,cd1min,0.0
rcaeval,OB,rcaeval::OB,currencyservice_delay/5,0,rcaeval::OB|currencyservice_delay/5#0,z_family,0.0
rcaeval,OB,rcaeval::OB,currencyservice_disk/1,0,rcaeval::OB|currencyservice_disk/1#0,alertcount,0.0
rcaeval,OB,rcaeval::OB,currencyservice_disk/1,0,rcaeval::OB|currencyservice_disk/1#0,baro,0.0
rcaeval,OB,rcaeval::OB,currencyservice_disk/1,0,rcaeval::OB|currencyservice_disk/1#0,cd1min,1.0
rcaeval,OB,rcaeval::OB,currencyservice_disk/1,0,rcaeval::OB|currencyservice_disk/1#0,z_family,0.0
rcaeval,OB,rcaeval::OB,currencyservice_disk/2,0,rcaeval::OB|currencyservice_disk/2#0,alertcount,1.0
rcaeval,OB,rcaeval::OB,currencyservice_disk/2,0,rcaeval::OB|currencyservice_disk/2#0,baro,1.0
rcaeval,OB,rcaeval::OB,currencyservice_disk/2,0,rcaeval::OB|currencyservice_disk/2#0,cd1min,1.0
rcaeval,OB,rcaeval::OB,currencyservice_disk/2,0,rcaeval::OB|currencyservice_disk/2#0,z_family,1.0
rcaeval,OB,rcaeval::OB,currencyservice_disk/3,0,rcaeval::OB|currencyservice_disk/3#0,alertcount,1.0
rcaeval,OB,rcaeval::OB,currencyservice_disk/3,0,rcaeval::OB|currencyservice_disk/3#0,baro,1.0
rcaeval,OB,rcaeval::OB,currencyservice_disk/3,0,rcaeval::OB|currencyservice_disk/3#0,cd1min,1.0
rcaeval,OB,rcaeval::OB,currencyservice_disk/3,0,rcaeval::OB|currencyservice_disk/3#0,z_family,1.0
rcaeval,OB,rcaeval::OB,currencyservice_disk/4,0,rcaeval::OB|currencyservice_disk/4#0,alertcount,0.0
rcaeval,OB,rcaeval::OB,currencyservice_disk/4,0,rcaeval::OB|currencyservice_disk/4#0,baro,1.0
rcaeval,OB,rcaeval::OB,currencyservice_disk/4,0,rcaeval::OB|currencyservice_disk/4#0,cd1min,1.0
rcaeval,OB,rcaeval::OB,currencyservice_disk/4,0,rcaeval::OB|currencyservice_disk/4#0,z_family,1.0
rcaeval,OB,rcaeval::OB,currencyservice_disk/5,0,rcaeval::OB|currencyservice_disk/5#0,alertcount,0.0
rcaeval,OB,rcaeval::OB,currencyservice_disk/5,0,rcaeval::OB|currencyservice_disk/5#0,baro,0.0
rcaeval,OB,rcaeval::OB,currencyservice_disk/5,0,rcaeval::OB|currencyservice_disk/5#0,cd1min,1.0
rcaeval,OB,rcaeval::OB,currencyservice_disk/5,0,rcaeval::OB|currencyservice_disk/5#0,z_family,1.0
rcaeval,OB,rcaeval::OB,currencyservice_loss/1,0,rcaeval::OB|currencyservice_loss/1#0,alertcount,0.0
rcaeval,OB,rcaeval::OB,currencyservice_loss/1,0,rcaeval::OB|currencyservice_loss/1#0,baro,0.0
rcaeval,OB,rcaeval::OB,currencyservice_loss/1,0,rcaeval::OB|currencyservice_loss/1#0,cd1min,0.0
rcaeval,OB,rcaeval::OB,currencyservice_loss/1,0,rcaeval::OB|currencyservice_loss/1#0,z_family,1.0
rcaeval,OB,rcaeval::OB,currencyservice_loss/2,0,rcaeval::OB|currencyservice_loss/2#0,alertcount,0.0
rcaeval,OB,rcaeval::OB,currencyservice_loss/2,0,rcaeval::OB|currencyservice_loss/2#0,baro,1.0
rcaeval,OB,rcaeval::OB,currencyservice_loss/2,0,rcaeval::OB|currencyservice_loss/2#0,cd1min,0.0
rcaeval,OB,rcaeval::OB,currencyservice_loss/2,0,rcaeval::OB|currencyservice_loss/2#0,z_family,1.0
rcaeval,OB,rcaeval::OB,currencyservice_loss/3,0,rcaeval::OB|currencyservice_loss/3#0,alertcount,0.0
rcaeval,OB,rcaeval::OB,currencyservice_loss/3,0,rcaeval::OB|currencyservice_loss/3#0,baro,0.0
rcaeval,OB,rcaeval::OB,currencyservice_loss/3,0,rcaeval::OB|currencyservice_loss/3#0,cd1min,0.0
rcaeval,OB,rcaeval::OB,currencyservice_loss/3,0,rcaeval::OB|currencyservice_loss/3#0,z_family,0.0
rcaeval,OB,rcaeval::OB,currencyservice_loss/4,0,rcaeval::OB|currencyservice_loss/4#0,alertcount,0.0
rcaeval,OB,rcaeval::OB,currencyservice_loss/4,0,rcaeval::OB|currencyservice_loss/4#0,baro,1.0
rcaeval,OB,rcaeval::OB,currencyservice_loss/4,0,rcaeval::OB|currencyservice_loss/4#0,cd1min,1.0
rcaeval,OB,rcaeval::OB,currencyservice_loss/4,0,rcaeval::OB|currencyservice_loss/4#0,z_family,1.0
rcaeval,OB,rcaeval::OB,currencyservice_loss/5,0,rcaeval::OB|currencyservice_loss/5#0,alertcount,0.0
rcaeval,OB,rcaeval::OB,currencyservice_loss/5,0,rcaeval::OB|currencyservice_loss/5#0,baro,1.0
rcaeval,OB,rcaeval::OB,currencyservice_loss/5,0,rcaeval::OB|currencyservice_loss/5#0,cd1min,1.0
rcaeval,OB,rcaeval::OB,currencyservice_loss/5,0,rcaeval::OB|currencyservice_loss/5#0,z_family,1.0
rcaeval,OB,rcaeval::OB,currencyservice_mem/1,0,rcaeval::OB|currencyservice_mem/1#0,alertcount,0.0
rcaeval,OB,rcaeval::OB,currencyservice_mem/1,0,rcaeval::OB|currencyservice_mem/1#0,baro,1.0
rcaeval,OB,rcaeval::OB,currencyservice_mem/1,0,rcaeval::OB|currencyservice_mem/1#0,cd1min,1.0
rcaeval,OB,rcaeval::OB,currencyservice_mem/1,0,rcaeval::OB|currencyservice_mem/1#0,z_family,1.0
rcaeval,OB,rcaeval::OB,currencyservice_mem/2,0,rcaeval::OB|currencyservice_mem/2#0,alertcount,0.0
rcaeval,OB,rcaeval::OB,currencyservice_mem/2,0,rcaeval::OB|currencyservice_mem/2#0,baro,1.0
rcaeval,OB,rcaeval::OB,currencyservice_mem/2,0,rcaeval::OB|currencyservice_mem/2#0,cd1min,1.0
rcaeval,OB,rcaeval::OB,currencyservice_mem/2,0,rcaeval::OB|currencyservice_mem/2#0,z_family,1.0
rcaeval,OB,rcaeval::OB,currencyservice_mem/3,0,rcaeval::OB|currencyservice_mem/3#0,alertcount,0.0
rcaeval,OB,rcaeval::OB,currencyservice_mem/3,0,rcaeval::OB|currencyservice_mem/3#0,baro,1.0
rcaeval,OB,rcaeval::OB,currencyservice_mem/3,0,rcaeval::OB|currencyservice_mem/3#0,cd1min,1.0
rcaeval,OB,rcaeval::OB,currencyservice_mem/3,0,rcaeval::OB|currencyservice_mem/3#0,z_family,1.0
rcaeval,OB,rcaeval::OB,currencyservice_mem/4,0,rcaeval::OB|currencyservice_mem/4#0,alertcount,1.0
rcaeval,OB,rcaeval::OB,currencyservice_mem/4,0,rcaeval::OB|currencyservice_mem/4#0,baro,1.0
rcaeval,OB,rcaeval::OB,currencyservice_mem/4,0,rcaeval::OB|currencyservice_mem/4#0,cd1min,1.0
rcaeval,OB,rcaeval::OB,currencyservice_mem/4,0,rcaeval::OB|currencyservice_mem/4#0,z_family,1.0
rcaeval,OB,rcaeval::OB,currencyservice_mem/5,0,rcaeval::OB|currencyservice_mem/5#0,alertcount,1.0
rcaeval,OB,rcaeval::OB,currencyservice_mem/5,0,rcaeval::OB|currencyservice_mem/5#0,baro,1.0
rcaeval,OB,rcaeval::OB,currencyservice_mem/5,0,rcaeval::OB|currencyservice_mem/5#0,cd1min,1.0
rcaeval,OB,rcaeval::OB,currencyservice_mem/5,0,rcaeval::OB|currencyservice_mem/5#0,z_family,1.0
rcaeval,OB,rcaeval::OB,productcatalogservice_cpu/1,0,rcaeval::OB|productcatalogservice_cpu/1#0,alertcount,0.0
rcaeval,OB,rcaeval::OB,productcatalogservice_cpu/1,0,rcaeval::OB|productcatalogservice_cpu/1#0,baro,1.0
rcaeval,OB,rcaeval::OB,productcatalogservice_cpu/1,0,rcaeval::OB|productcatalogservice_cpu/1#0,cd1min,1.0
rcaeval,OB,rcaeval::OB,productcatalogservice_cpu/1,0,rcaeval::OB|productcatalogservice_cpu/1#0,z_family,1.0
rcaeval,OB,rcaeval::OB,productcatalogservice_cpu/2,0,rcaeval::OB|productcatalogservice_cpu/2#0,alertcount,0.0
rcaeval,OB,rcaeval::OB,productcatalogservice_cpu/2,0,rcaeval::OB|productcatalogservice_cpu/2#0,baro,1.0
rcaeval,OB,rcaeval::OB,productcatalogservice_cpu/2,0,rcaeval::OB|productcatalogservice_cpu/2#0,cd1min,1.0
rcaeval,OB,rcaeval::OB,productcatalogservice_cpu/2,0,rcaeval::OB|productcatalogservice_cpu/2#0,z_family,1.0
rcaeval,OB,rcaeval::OB,productcatalogservice_cpu/3,0,rcaeval::OB|productcatalogservice_cpu/3#0,alertcount,0.0
rcaeval,OB,rcaeval::OB,productcatalogservice_cpu/3,0,rcaeval::OB|productcatalogservice_cpu/3#0,baro,1.0
rcaeval,OB,rcaeval::OB,productcatalogservice_cpu/3,0,rcaeval::OB|productcatalogservice_cpu/3#0,cd1min,1.0
rcaeval,OB,rcaeval::OB,productcatalogservice_cpu/3,0,rcaeval::OB|productcatalogservice_cpu/3#0,z_family,1.0
rcaeval,OB,rcaeval::OB,productcatalogservice_cpu/4,0,rcaeval::OB|productcatalogservice_cpu/4#0,alertcount,0.0
rcaeval,OB,rcaeval::OB,productcatalogservice_cpu/4,0,rcaeval::OB|productcatalogservice_cpu/4#0,baro,0.0
rcaeval,OB,rcaeval::OB,productcatalogservice_cpu/4,0,rcaeval::OB|productcatalogservice_cpu/4#0,cd1min,0.0
rcaeval,OB,rcaeval::OB,productcatalogservice_cpu/4,0,rcaeval::OB|productcatalogservice_cpu/4#0,z_family,0.0
rcaeval,OB,rcaeval::OB,productcatalogservice_cpu/5,0,rcaeval::OB|productcatalogservice_cpu/5#0,alertcount,1.0
rcaeval,OB,rcaeval::OB,productcatalogservice_cpu/5,0,rcaeval::OB|productcatalogservice_cpu/5#0,baro,1.0
rcaeval,OB,rcaeval::OB,productcatalogservice_cpu/5,0,rcaeval::OB|productcatalogservice_cpu/5#0,cd1min,1.0
rcaeval,OB,rcaeval::OB,productcatalogservice_cpu/5,0,rcaeval::OB|productcatalogservice_cpu/5#0,z_family,1.0
rcaeval,OB,rcaeval::OB,productcatalogservice_delay/1,0,rcaeval::OB|productcatalogservice_delay/1#0,alertcount,0.0
rcaeval,OB,rcaeval::OB,productcatalogservice_delay/1,0,rcaeval::OB|productcatalogservice_delay/1#0,baro,0.0
rcaeval,OB,rcaeval::OB,productcatalogservice_delay/1,0,rcaeval::OB|productcatalogservice_delay/1#0,cd1min,1.0
rcaeval,OB,rcaeval::OB,productcatalogservice_delay/1,0,rcaeval::OB|productcatalogservice_delay/1#0,z_family,0.0
rcaeval,OB,rcaeval::OB,productcatalogservice_delay/2,0,rcaeval::OB|productcatalogservice_delay/2#0,alertcount,0.0
rcaeval,OB,rcaeval::OB,productcatalogservice_delay/2,0,rcaeval::OB|productcatalogservice_delay/2#0,baro,0.0
rcaeval,OB,rcaeval::OB,productcatalogservice_delay/2,0,rcaeval::OB|productcatalogservice_delay/2#0,cd1min,1.0
rcaeval,OB,rcaeval::OB,productcatalogservice_delay/2,0,rcaeval::OB|productcatalogservice_delay/2#0,z_family,0.0
rcaeval,OB,rcaeval::OB,productcatalogservice_delay/3,0,rcaeval::OB|productcatalogservice_delay/3#0,alertcount,0.0
rcaeval,OB,rcaeval::OB,productcatalogservice_delay/3,0,rcaeval::OB|productcatalogservice_delay/3#0,baro,1.0
rcaeval,OB,rcaeval::OB,productcatalogservice_delay/3,0,rcaeval::OB|productcatalogservice_delay/3#0,cd1min,1.0
rcaeval,OB,rcaeval::OB,productcatalogservice_delay/3,0,rcaeval::OB|productcatalogservice_delay/3#0,z_family,1.0
rcaeval,OB,rcaeval::OB,productcatalogservice_delay/4,0,rcaeval::OB|productcatalogservice_delay/4#0,alertcount,0.0
rcaeval,OB,rcaeval::OB,productcatalogservice_delay/4,0,rcaeval::OB|productcatalogservice_delay/4#0,baro,0.0
rcaeval,OB,rcaeval::OB,productcatalogservice_delay/4,0,rcaeval::OB|productcatalogservice_delay/4#0,cd1min,0.0
rcaeval,OB,rcaeval::OB,productcatalogservice_delay/4,0,rcaeval::OB|productcatalogservice_delay/4#0,z_family,0.0
rcaeval,OB,rcaeval::OB,productcatalogservice_delay/5,0,rcaeval::OB|productcatalogservice_delay/5#0,alertcount,0.0
rcaeval,OB,rcaeval::OB,productcatalogservice_delay/5,0,rcaeval::OB|productcatalogservice_delay/5#0,baro,0.0
rcaeval,OB,rcaeval::OB,productcatalogservice_delay/5,0,rcaeval::OB|productcatalogservice_delay/5#0,cd1min,1.0
rcaeval,OB,rcaeval::OB,productcatalogservice_delay/5,0,rcaeval::OB|productcatalogservice_delay/5#0,z_family,0.0
rcaeval,OB,rcaeval::OB,productcatalogservice_disk/1,0,rcaeval::OB|productcatalogservice_disk/1#0,alertcount,0.0
rcaeval,OB,rcaeval::OB,productcatalogservice_disk/1,0,rcaeval::OB|productcatalogservice_disk/1#0,baro,0.0
rcaeval,OB,rcaeval::OB,productcatalogservice_disk/1,0,rcaeval::OB|productcatalogservice_disk/1#0,cd1min,0.0
rcaeval,OB,rcaeval::OB,productcatalogservice_disk/1,0,rcaeval::OB|productcatalogservice_disk/1#0,z_family,0.0
rcaeval,OB,rcaeval::OB,productcatalogservice_disk/2,0,rcaeval::OB|productcatalogservice_disk/2#0,alertcount,0.0
rcaeval,OB,rcaeval::OB,productcatalogservice_disk/2,0,rcaeval::OB|productcatalogservice_disk/2#0,baro,1.0
rcaeval,OB,rcaeval::OB,productcatalogservice_disk/2,0,rcaeval::OB|productcatalogservice_disk/2#0,cd1min,0.0
rcaeval,OB,rcaeval::OB,productcatalogservice_disk/2,0,rcaeval::OB|productcatalogservice_disk/2#0,z_family,0.0
rcaeval,OB,rcaeval::OB,productcatalogservice_disk/3,0,rcaeval::OB|productcatalogservice_disk/3#0,alertcount,0.0
rcaeval,OB,rcaeval::OB,productcatalogservice_disk/3,0,rcaeval::OB|productcatalogservice_disk/3#0,baro,1.0
rcaeval,OB,rcaeval::OB,productcatalogservice_disk/3,0,rcaeval::OB|productcatalogservice_disk/3#0,cd1min,1.0
rcaeval,OB,rcaeval::OB,productcatalogservice_disk/3,0,rcaeval::OB|productcatalogservice_disk/3#0,z_family,1.0
rcaeval,OB,rcaeval::OB,productcatalogservice_disk/4,0,rcaeval::OB|productcatalogservice_disk/4#0,alertcount,0.0
rcaeval,OB,rcaeval::OB,productcatalogservice_disk/4,0,rcaeval::OB|productcatalogservice_disk/4#0,baro,1.0
rcaeval,OB,rcaeval::OB,productcatalogservice_disk/4,0,rcaeval::OB|productcatalogservice_disk/4#0,cd1min,1.0
rcaeval,OB,rcaeval::OB,productcatalogservice_disk/4,0,rcaeval::OB|productcatalogservice_disk/4#0,z_family,1.0
rcaeval,OB,rcaeval::OB,productcatalogservice_disk/5,0,rcaeval::OB|productcatalogservice_disk/5#0,alertcount,0.0
rcaeval,OB,rcaeval::OB,productcatalogservice_disk/5,0,rcaeval::OB|productcatalogservice_disk/5#0,baro,1.0
rcaeval,OB,rcaeval::OB,productcatalogservice_disk/5,0,rcaeval::OB|productcatalogservice_disk/5#0,cd1min,1.0
rcaeval,OB,rcaeval::OB,productcatalogservice_disk/5,0,rcaeval::OB|productcatalogservice_disk/5#0,z_family,1.0
rcaeval,OB,rcaeval::OB,productcatalogservice_loss/1,0,rcaeval::OB|productcatalogservice_loss/1#0,alertcount,0.0
rcaeval,OB,rcaeval::OB,productcatalogservice_loss/1,0,rcaeval::OB|productcatalogservice_loss/1#0,baro,0.0
rcaeval,OB,rcaeval::OB,productcatalogservice_loss/1,0,rcaeval::OB|productcatalogservice_loss/1#0,cd1min,0.0
rcaeval,OB,rcaeval::OB,productcatalogservice_loss/1,0,rcaeval::OB|productcatalogservice_loss/1#0,z_family,0.0
rcaeval,OB,rcaeval::OB,productcatalogservice_loss/2,0,rcaeval::OB|productcatalogservice_loss/2#0,alertcount,0.0
rcaeval,OB,rcaeval::OB,productcatalogservice_loss/2,0,rcaeval::OB|productcatalogservice_loss/2#0,baro,0.0
rcaeval,OB,rcaeval::OB,productcatalogservice_loss/2,0,rcaeval::OB|productcatalogservice_loss/2#0,cd1min,0.0
rcaeval,OB,rcaeval::OB,productcatalogservice_loss/2,0,rcaeval::OB|productcatalogservice_loss/2#0,z_family,0.0
rcaeval,OB,rcaeval::OB,productcatalogservice_loss/3,0,rcaeval::OB|productcatalogservice_loss/3#0,alertcount,0.0
rcaeval,OB,rcaeval::OB,productcatalogservice_loss/3,0,rcaeval::OB|productcatalogservice_loss/3#0,baro,0.0
rcaeval,OB,rcaeval::OB,productcatalogservice_loss/3,0,rcaeval::OB|productcatalogservice_loss/3#0,cd1min,0.0
rcaeval,OB,rcaeval::OB,productcatalogservice_loss/3,0,rcaeval::OB|productcatalogservice_loss/3#0,z_family,0.0
rcaeval,OB,rcaeval::OB,productcatalogservice_loss/4,0,rcaeval::OB|productcatalogservice_loss/4#0,alertcount,0.0
rcaeval,OB,rcaeval::OB,productcatalogservice_loss/4,0,rcaeval::OB|productcatalogservice_loss/4#0,baro,0.0
rcaeval,OB,rcaeval::OB,productcatalogservice_loss/4,0,rcaeval::OB|productcatalogservice_loss/4#0,cd1min,0.0
rcaeval,OB,rcaeval::OB,productcatalogservice_loss/4,0,rcaeval::OB|productcatalogservice_loss/4#0,z_family,0.0
rcaeval,OB,rcaeval::OB,productcatalogservice_loss/5,0,rcaeval::OB|productcatalogservice_loss/5#0,alertcount,0.0
rcaeval,OB,rcaeval::OB,productcatalogservice_loss/5,0,rcaeval::OB|productcatalogservice_loss/5#0,baro,0.0
rcaeval,OB,rcaeval::OB,productcatalogservice_loss/5,0,rcaeval::OB|productcatalogservice_loss/5#0,cd1min,0.0
rcaeval,OB,rcaeval::OB,productcatalogservice_loss/5,0,rcaeval::OB|productcatalogservice_loss/5#0,z_family,0.0
rcaeval,OB,rcaeval::OB,productcatalogservice_mem/1,0,rcaeval::OB|productcatalogservice_mem/1#0,alertcount,0.0
rcaeval,OB,rcaeval::OB,productcatalogservice_mem/1,0,rcaeval::OB|productcatalogservice_mem/1#0,baro,1.0
rcaeval,OB,rcaeval::OB,productcatalogservice_mem/1,0,rcaeval::OB|productcatalogservice_mem/1#0,cd1min,1.0
rcaeval,OB,rcaeval::OB,productcatalogservice_mem/1,0,rcaeval::OB|productcatalogservice_mem/1#0,z_family,1.0
rcaeval,OB,rcaeval::OB,productcatalogservice_mem/2,0,rcaeval::OB|productcatalogservice_mem/2#0,alertcount,0.0
rcaeval,OB,rcaeval::OB,productcatalogservice_mem/2,0,rcaeval::OB|productcatalogservice_mem/2#0,baro,1.0
rcaeval,OB,rcaeval::OB,productcatalogservice_mem/2,0,rcaeval::OB|productcatalogservice_mem/2#0,cd1min,0.0
rcaeval,OB,rcaeval::OB,productcatalogservice_mem/2,0,rcaeval::OB|productcatalogservice_mem/2#0,z_family,1.0
rcaeval,OB,rcaeval::OB,productcatalogservice_mem/3,0,rcaeval::OB|productcatalogservice_mem/3#0,alertcount,0.0
rcaeval,OB,rcaeval::OB,productcatalogservice_mem/3,0,rcaeval::OB|productcatalogservice_mem/3#0,baro,1.0
rcaeval,OB,rcaeval::OB,productcatalogservice_mem/3,0,rcaeval::OB|productcatalogservice_mem/3#0,cd1min,1.0
rcaeval,OB,rcaeval::OB,productcatalogservice_mem/3,0,rcaeval::OB|productcatalogservice_mem/3#0,z_family,1.0
rcaeval,OB,rcaeval::OB,productcatalogservice_mem/4,0,rcaeval::OB|productcatalogservice_mem/4#0,alertcount,0.0
rcaeval,OB,rcaeval::OB,productcatalogservice_mem/4,0,rcaeval::OB|productcatalogservice_mem/4#0,baro,1.0
rcaeval,OB,rcaeval::OB,productcatalogservice_mem/4,0,rcaeval::OB|productcatalogservice_mem/4#0,cd1min,1.0
rcaeval,OB,rcaeval::OB,productcatalogservice_mem/4,0,rcaeval::OB|productcatalogservice_mem/4#0,z_family,1.0
rcaeval,OB,rcaeval::OB,productcatalogservice_mem/5,0,rcaeval::OB|productcatalogservice_mem/5#0,alertcount,1.0
rcaeval,OB,rcaeval::OB,productcatalogservice_mem/5,0,rcaeval::OB|productcatalogservice_mem/5#0,baro,1.0
rcaeval,OB,rcaeval::OB,productcatalogservice_mem/5,0,rcaeval::OB|productcatalogservice_mem/5#0,cd1min,1.0
rcaeval,OB,rcaeval::OB,productcatalogservice_mem/5,0,rcaeval::OB|productcatalogservice_mem/5#0,z_family,1.0
rcaeval,SS,rcaeval::SS,carts_cpu/1,0,rcaeval::SS|carts_cpu/1#0,alertcount,0.0
rcaeval,SS,rcaeval::SS,carts_cpu/1,0,rcaeval::SS|carts_cpu/1#0,baro,1.0
rcaeval,SS,rcaeval::SS,carts_cpu/1,0,rcaeval::SS|carts_cpu/1#0,cd1min,1.0
rcaeval,SS,rcaeval::SS,carts_cpu/1,0,rcaeval::SS|carts_cpu/1#0,z_family,0.0
rcaeval,SS,rcaeval::SS,carts_cpu/2,0,rcaeval::SS|carts_cpu/2#0,alertcount,0.0
rcaeval,SS,rcaeval::SS,carts_cpu/2,0,rcaeval::SS|carts_cpu/2#0,baro,1.0
rcaeval,SS,rcaeval::SS,carts_cpu/2,0,rcaeval::SS|carts_cpu/2#0,cd1min,1.0
rcaeval,SS,rcaeval::SS,carts_cpu/2,0,rcaeval::SS|carts_cpu/2#0,z_family,1.0
rcaeval,SS,rcaeval::SS,carts_cpu/3,0,rcaeval::SS|carts_cpu/3#0,alertcount,1.0
rcaeval,SS,rcaeval::SS,carts_cpu/3,0,rcaeval::SS|carts_cpu/3#0,baro,1.0
rcaeval,SS,rcaeval::SS,carts_cpu/3,0,rcaeval::SS|carts_cpu/3#0,cd1min,1.0
rcaeval,SS,rcaeval::SS,carts_cpu/3,0,rcaeval::SS|carts_cpu/3#0,z_family,1.0
rcaeval,SS,rcaeval::SS,carts_cpu/4,0,rcaeval::SS|carts_cpu/4#0,alertcount,1.0
rcaeval,SS,rcaeval::SS,carts_cpu/4,0,rcaeval::SS|carts_cpu/4#0,baro,1.0
rcaeval,SS,rcaeval::SS,carts_cpu/4,0,rcaeval::SS|carts_cpu/4#0,cd1min,1.0
rcaeval,SS,rcaeval::SS,carts_cpu/4,0,rcaeval::SS|carts_cpu/4#0,z_family,1.0
rcaeval,SS,rcaeval::SS,carts_cpu/5,0,rcaeval::SS|carts_cpu/5#0,alertcount,1.0
rcaeval,SS,rcaeval::SS,carts_cpu/5,0,rcaeval::SS|carts_cpu/5#0,baro,1.0
rcaeval,SS,rcaeval::SS,carts_cpu/5,0,rcaeval::SS|carts_cpu/5#0,cd1min,1.0
rcaeval,SS,rcaeval::SS,carts_cpu/5,0,rcaeval::SS|carts_cpu/5#0,z_family,0.0
rcaeval,SS,rcaeval::SS,carts_delay/1,0,rcaeval::SS|carts_delay/1#0,alertcount,0.0
rcaeval,SS,rcaeval::SS,carts_delay/1,0,rcaeval::SS|carts_delay/1#0,baro,0.0
rcaeval,SS,rcaeval::SS,carts_delay/1,0,rcaeval::SS|carts_delay/1#0,cd1min,1.0
rcaeval,SS,rcaeval::SS,carts_delay/1,0,rcaeval::SS|carts_delay/1#0,z_family,0.0
rcaeval,SS,rcaeval::SS,carts_delay/2,0,rcaeval::SS|carts_delay/2#0,alertcount,0.0
rcaeval,SS,rcaeval::SS,carts_delay/2,0,rcaeval::SS|carts_delay/2#0,baro,1.0
rcaeval,SS,rcaeval::SS,carts_delay/2,0,rcaeval::SS|carts_delay/2#0,cd1min,1.0
rcaeval,SS,rcaeval::SS,carts_delay/2,0,rcaeval::SS|carts_delay/2#0,z_family,1.0
rcaeval,SS,rcaeval::SS,carts_delay/3,0,rcaeval::SS|carts_delay/3#0,alertcount,0.0
rcaeval,SS,rcaeval::SS,carts_delay/3,0,rcaeval::SS|carts_delay/3#0,baro,0.0
rcaeval,SS,rcaeval::SS,carts_delay/3,0,rcaeval::SS|carts_delay/3#0,cd1min,1.0
rcaeval,SS,rcaeval::SS,carts_delay/3,0,rcaeval::SS|carts_delay/3#0,z_family,0.0
rcaeval,SS,rcaeval::SS,carts_delay/4,0,rcaeval::SS|carts_delay/4#0,alertcount,0.0
rcaeval,SS,rcaeval::SS,carts_delay/4,0,rcaeval::SS|carts_delay/4#0,baro,1.0
rcaeval,SS,rcaeval::SS,carts_delay/4,0,rcaeval::SS|carts_delay/4#0,cd1min,1.0
rcaeval,SS,rcaeval::SS,carts_delay/4,0,rcaeval::SS|carts_delay/4#0,z_family,1.0
rcaeval,SS,rcaeval::SS,carts_delay/5,0,rcaeval::SS|carts_delay/5#0,alertcount,1.0
rcaeval,SS,rcaeval::SS,carts_delay/5,0,rcaeval::SS|carts_delay/5#0,baro,1.0
rcaeval,SS,rcaeval::SS,carts_delay/5,0,rcaeval::SS|carts_delay/5#0,cd1min,1.0
rcaeval,SS,rcaeval::SS,carts_delay/5,0,rcaeval::SS|carts_delay/5#0,z_family,1.0
rcaeval,SS,rcaeval::SS,carts_disk/1,0,rcaeval::SS|carts_disk/1#0,alertcount,0.0
rcaeval,SS,rcaeval::SS,carts_disk/1,0,rcaeval::SS|carts_disk/1#0,baro,1.0
rcaeval,SS,rcaeval::SS,carts_disk/1,0,rcaeval::SS|carts_disk/1#0,cd1min,1.0
rcaeval,SS,rcaeval::SS,carts_disk/1,0,rcaeval::SS|carts_disk/1#0,z_family,1.0
rcaeval,SS,rcaeval::SS,carts_disk/2,0,rcaeval::SS|carts_disk/2#0,alertcount,0.0
rcaeval,SS,rcaeval::SS,carts_disk/2,0,rcaeval::SS|carts_disk/2#0,baro,1.0
rcaeval,SS,rcaeval::SS,carts_disk/2,0,rcaeval::SS|carts_disk/2#0,cd1min,1.0
rcaeval,SS,rcaeval::SS,carts_disk/2,0,rcaeval::SS|carts_disk/2#0,z_family,1.0
rcaeval,SS,rcaeval::SS,carts_disk/3,0,rcaeval::SS|carts_disk/3#0,alertcount,1.0
rcaeval,SS,rcaeval::SS,carts_disk/3,0,rcaeval::SS|carts_disk/3#0,baro,1.0
rcaeval,SS,rcaeval::SS,carts_disk/3,0,rcaeval::SS|carts_disk/3#0,cd1min,1.0
rcaeval,SS,rcaeval::SS,carts_disk/3,0,rcaeval::SS|carts_disk/3#0,z_family,1.0
rcaeval,SS,rcaeval::SS,carts_disk/4,0,rcaeval::SS|carts_disk/4#0,alertcount,0.0
rcaeval,SS,rcaeval::SS,carts_disk/4,0,rcaeval::SS|carts_disk/4#0,baro,1.0
rcaeval,SS,rcaeval::SS,carts_disk/4,0,rcaeval::SS|carts_disk/4#0,cd1min,1.0
rcaeval,SS,rcaeval::SS,carts_disk/4,0,rcaeval::SS|carts_disk/4#0,z_family,1.0
rcaeval,SS,rcaeval::SS,carts_disk/5,0,rcaeval::SS|carts_disk/5#0,alertcount,0.0
rcaeval,SS,rcaeval::SS,carts_disk/5,0,rcaeval::SS|carts_disk/5#0,baro,1.0
rcaeval,SS,rcaeval::SS,carts_disk/5,0,rcaeval::SS|carts_disk/5#0,cd1min,1.0
rcaeval,SS,rcaeval::SS,carts_disk/5,0,rcaeval::SS|carts_disk/5#0,z_family,0.0
rcaeval,SS,rcaeval::SS,carts_loss/1,0,rcaeval::SS|carts_loss/1#0,alertcount,1.0
rcaeval,SS,rcaeval::SS,carts_loss/1,0,rcaeval::SS|carts_loss/1#0,baro,0.0
rcaeval,SS,rcaeval::SS,carts_loss/1,0,rcaeval::SS|carts_loss/1#0,cd1min,1.0
rcaeval,SS,rcaeval::SS,carts_loss/1,0,rcaeval::SS|carts_loss/1#0,z_family,0.0
rcaeval,SS,rcaeval::SS,carts_loss/2,0,rcaeval::SS|carts_loss/2#0,alertcount,1.0
rcaeval,SS,rcaeval::SS,carts_loss/2,0,rcaeval::SS|carts_loss/2#0,baro,1.0
rcaeval,SS,rcaeval::SS,carts_loss/2,0,rcaeval::SS|carts_loss/2#0,cd1min,1.0
rcaeval,SS,rcaeval::SS,carts_loss/2,0,rcaeval::SS|carts_loss/2#0,z_family,1.0
rcaeval,SS,rcaeval::SS,carts_loss/3,0,rcaeval::SS|carts_loss/3#0,alertcount,1.0
rcaeval,SS,rcaeval::SS,carts_loss/3,0,rcaeval::SS|carts_loss/3#0,baro,0.0
rcaeval,SS,rcaeval::SS,carts_loss/3,0,rcaeval::SS|carts_loss/3#0,cd1min,1.0
rcaeval,SS,rcaeval::SS,carts_loss/3,0,rcaeval::SS|carts_loss/3#0,z_family,0.0
rcaeval,SS,rcaeval::SS,carts_loss/4,0,rcaeval::SS|carts_loss/4#0,alertcount,0.0
rcaeval,SS,rcaeval::SS,carts_loss/4,0,rcaeval::SS|carts_loss/4#0,baro,1.0
rcaeval,SS,rcaeval::SS,carts_loss/4,0,rcaeval::SS|carts_loss/4#0,cd1min,1.0
rcaeval,SS,rcaeval::SS,carts_loss/4,0,rcaeval::SS|carts_loss/4#0,z_family,1.0
rcaeval,SS,rcaeval::SS,carts_loss/5,0,rcaeval::SS|carts_loss/5#0,alertcount,0.0
rcaeval,SS,rcaeval::SS,carts_loss/5,0,rcaeval::SS|carts_loss/5#0,baro,0.0
rcaeval,SS,rcaeval::SS,carts_loss/5,0,rcaeval::SS|carts_loss/5#0,cd1min,1.0
rcaeval,SS,rcaeval::SS,carts_loss/5,0,rcaeval::SS|carts_loss/5#0,z_family,0.0
rcaeval,SS,rcaeval::SS,carts_mem/1,0,rcaeval::SS|carts_mem/1#0,alertcount,1.0
rcaeval,SS,rcaeval::SS,carts_mem/1,0,rcaeval::SS|carts_mem/1#0,baro,1.0
rcaeval,SS,rcaeval::SS,carts_mem/1,0,rcaeval::SS|carts_mem/1#0,cd1min,1.0
rcaeval,SS,rcaeval::SS,carts_mem/1,0,rcaeval::SS|carts_mem/1#0,z_family,1.0
rcaeval,SS,rcaeval::SS,carts_mem/2,0,rcaeval::SS|carts_mem/2#0,alertcount,1.0
rcaeval,SS,rcaeval::SS,carts_mem/2,0,rcaeval::SS|carts_mem/2#0,baro,0.0
rcaeval,SS,rcaeval::SS,carts_mem/2,0,rcaeval::SS|carts_mem/2#0,cd1min,1.0
rcaeval,SS,rcaeval::SS,carts_mem/2,0,rcaeval::SS|carts_mem/2#0,z_family,1.0
rcaeval,SS,rcaeval::SS,carts_mem/3,0,rcaeval::SS|carts_mem/3#0,alertcount,1.0
rcaeval,SS,rcaeval::SS,carts_mem/3,0,rcaeval::SS|carts_mem/3#0,baro,0.0
rcaeval,SS,rcaeval::SS,carts_mem/3,0,rcaeval::SS|carts_mem/3#0,cd1min,1.0
rcaeval,SS,rcaeval::SS,carts_mem/3,0,rcaeval::SS|carts_mem/3#0,z_family,0.0
rcaeval,SS,rcaeval::SS,carts_mem/4,0,rcaeval::SS|carts_mem/4#0,alertcount,1.0
rcaeval,SS,rcaeval::SS,carts_mem/4,0,rcaeval::SS|carts_mem/4#0,baro,1.0
rcaeval,SS,rcaeval::SS,carts_mem/4,0,rcaeval::SS|carts_mem/4#0,cd1min,1.0
rcaeval,SS,rcaeval::SS,carts_mem/4,0,rcaeval::SS|carts_mem/4#0,z_family,1.0
rcaeval,SS,rcaeval::SS,carts_mem/5,0,rcaeval::SS|carts_mem/5#0,alertcount,1.0
rcaeval,SS,rcaeval::SS,carts_mem/5,0,rcaeval::SS|carts_mem/5#0,baro,0.0
rcaeval,SS,rcaeval::SS,carts_mem/5,0,rcaeval::SS|carts_mem/5#0,cd1min,1.0
rcaeval,SS,rcaeval::SS,carts_mem/5,0,rcaeval::SS|carts_mem/5#0,z_family,0.0
rcaeval,SS,rcaeval::SS,catalogue_cpu/1,0,rcaeval::SS|catalogue_cpu/1#0,alertcount,1.0
rcaeval,SS,rcaeval::SS,catalogue_cpu/1,0,rcaeval::SS|catalogue_cpu/1#0,baro,1.0
rcaeval,SS,rcaeval::SS,catalogue_cpu/1,0,rcaeval::SS|catalogue_cpu/1#0,cd1min,1.0
rcaeval,SS,rcaeval::SS,catalogue_cpu/1,0,rcaeval::SS|catalogue_cpu/1#0,z_family,1.0
rcaeval,SS,rcaeval::SS,catalogue_cpu/2,0,rcaeval::SS|catalogue_cpu/2#0,alertcount,1.0
rcaeval,SS,rcaeval::SS,catalogue_cpu/2,0,rcaeval::SS|catalogue_cpu/2#0,baro,1.0
rcaeval,SS,rcaeval::SS,catalogue_cpu/2,0,rcaeval::SS|catalogue_cpu/2#0,cd1min,1.0
rcaeval,SS,rcaeval::SS,catalogue_cpu/2,0,rcaeval::SS|catalogue_cpu/2#0,z_family,1.0
rcaeval,SS,rcaeval::SS,catalogue_cpu/3,0,rcaeval::SS|catalogue_cpu/3#0,alertcount,1.0
rcaeval,SS,rcaeval::SS,catalogue_cpu/3,0,rcaeval::SS|catalogue_cpu/3#0,baro,1.0
rcaeval,SS,rcaeval::SS,catalogue_cpu/3,0,rcaeval::SS|catalogue_cpu/3#0,cd1min,1.0
rcaeval,SS,rcaeval::SS,catalogue_cpu/3,0,rcaeval::SS|catalogue_cpu/3#0,z_family,1.0
rcaeval,SS,rcaeval::SS,catalogue_cpu/4,0,rcaeval::SS|catalogue_cpu/4#0,alertcount,0.0
rcaeval,SS,rcaeval::SS,catalogue_cpu/4,0,rcaeval::SS|catalogue_cpu/4#0,baro,1.0
rcaeval,SS,rcaeval::SS,catalogue_cpu/4,0,rcaeval::SS|catalogue_cpu/4#0,cd1min,1.0
rcaeval,SS,rcaeval::SS,catalogue_cpu/4,0,rcaeval::SS|catalogue_cpu/4#0,z_family,1.0
rcaeval,SS,rcaeval::SS,catalogue_cpu/5,0,rcaeval::SS|catalogue_cpu/5#0,alertcount,0.0
rcaeval,SS,rcaeval::SS,catalogue_cpu/5,0,rcaeval::SS|catalogue_cpu/5#0,baro,1.0
rcaeval,SS,rcaeval::SS,catalogue_cpu/5,0,rcaeval::SS|catalogue_cpu/5#0,cd1min,1.0
rcaeval,SS,rcaeval::SS,catalogue_cpu/5,0,rcaeval::SS|catalogue_cpu/5#0,z_family,1.0
rcaeval,SS,rcaeval::SS,catalogue_delay/1,0,rcaeval::SS|catalogue_delay/1#0,alertcount,1.0
rcaeval,SS,rcaeval::SS,catalogue_delay/1,0,rcaeval::SS|catalogue_delay/1#0,baro,1.0
rcaeval,SS,rcaeval::SS,catalogue_delay/1,0,rcaeval::SS|catalogue_delay/1#0,cd1min,1.0
rcaeval,SS,rcaeval::SS,catalogue_delay/1,0,rcaeval::SS|catalogue_delay/1#0,z_family,1.0
rcaeval,SS,rcaeval::SS,catalogue_delay/2,0,rcaeval::SS|catalogue_delay/2#0,alertcount,1.0
rcaeval,SS,rcaeval::SS,catalogue_delay/2,0,rcaeval::SS|catalogue_delay/2#0,baro,1.0
rcaeval,SS,rcaeval::SS,catalogue_delay/2,0,rcaeval::SS|catalogue_delay/2#0,cd1min,1.0
rcaeval,SS,rcaeval::SS,catalogue_delay/2,0,rcaeval::SS|catalogue_delay/2#0,z_family,1.0
rcaeval,SS,rcaeval::SS,catalogue_delay/3,0,rcaeval::SS|catalogue_delay/3#0,alertcount,0.0
rcaeval,SS,rcaeval::SS,catalogue_delay/3,0,rcaeval::SS|catalogue_delay/3#0,baro,1.0
rcaeval,SS,rcaeval::SS,catalogue_delay/3,0,rcaeval::SS|catalogue_delay/3#0,cd1min,1.0
rcaeval,SS,rcaeval::SS,catalogue_delay/3,0,rcaeval::SS|catalogue_delay/3#0,z_family,1.0
rcaeval,SS,rcaeval::SS,catalogue_delay/4,0,rcaeval::SS|catalogue_delay/4#0,alertcount,1.0
rcaeval,SS,rcaeval::SS,catalogue_delay/4,0,rcaeval::SS|catalogue_delay/4#0,baro,1.0
rcaeval,SS,rcaeval::SS,catalogue_delay/4,0,rcaeval::SS|catalogue_delay/4#0,cd1min,1.0
rcaeval,SS,rcaeval::SS,catalogue_delay/4,0,rcaeval::SS|catalogue_delay/4#0,z_family,1.0
rcaeval,SS,rcaeval::SS,catalogue_delay/5,0,rcaeval::SS|catalogue_delay/5#0,alertcount,1.0
rcaeval,SS,rcaeval::SS,catalogue_delay/5,0,rcaeval::SS|catalogue_delay/5#0,baro,1.0
rcaeval,SS,rcaeval::SS,catalogue_delay/5,0,rcaeval::SS|catalogue_delay/5#0,cd1min,1.0
rcaeval,SS,rcaeval::SS,catalogue_delay/5,0,rcaeval::SS|catalogue_delay/5#0,z_family,1.0
rcaeval,SS,rcaeval::SS,catalogue_disk/1,0,rcaeval::SS|catalogue_disk/1#0,alertcount,1.0
rcaeval,SS,rcaeval::SS,catalogue_disk/1,0,rcaeval::SS|catalogue_disk/1#0,baro,1.0
rcaeval,SS,rcaeval::SS,catalogue_disk/1,0,rcaeval::SS|catalogue_disk/1#0,cd1min,1.0
rcaeval,SS,rcaeval::SS,catalogue_disk/1,0,rcaeval::SS|catalogue_disk/1#0,z_family,1.0
rcaeval,SS,rcaeval::SS,catalogue_disk/2,0,rcaeval::SS|catalogue_disk/2#0,alertcount,1.0
rcaeval,SS,rcaeval::SS,catalogue_disk/2,0,rcaeval::SS|catalogue_disk/2#0,baro,1.0
rcaeval,SS,rcaeval::SS,catalogue_disk/2,0,rcaeval::SS|catalogue_disk/2#0,cd1min,1.0
rcaeval,SS,rcaeval::SS,catalogue_disk/2,0,rcaeval::SS|catalogue_disk/2#0,z_family,1.0
rcaeval,SS,rcaeval::SS,catalogue_disk/3,0,rcaeval::SS|catalogue_disk/3#0,alertcount,0.0
rcaeval,SS,rcaeval::SS,catalogue_disk/3,0,rcaeval::SS|catalogue_disk/3#0,baro,1.0
rcaeval,SS,rcaeval::SS,catalogue_disk/3,0,rcaeval::SS|catalogue_disk/3#0,cd1min,1.0
rcaeval,SS,rcaeval::SS,catalogue_disk/3,0,rcaeval::SS|catalogue_disk/3#0,z_family,1.0
rcaeval,SS,rcaeval::SS,catalogue_disk/4,0,rcaeval::SS|catalogue_disk/4#0,alertcount,1.0
rcaeval,SS,rcaeval::SS,catalogue_disk/4,0,rcaeval::SS|catalogue_disk/4#0,baro,0.0
rcaeval,SS,rcaeval::SS,catalogue_disk/4,0,rcaeval::SS|catalogue_disk/4#0,cd1min,0.0
rcaeval,SS,rcaeval::SS,catalogue_disk/4,0,rcaeval::SS|catalogue_disk/4#0,z_family,1.0
rcaeval,SS,rcaeval::SS,catalogue_disk/5,0,rcaeval::SS|catalogue_disk/5#0,alertcount,1.0
rcaeval,SS,rcaeval::SS,catalogue_disk/5,0,rcaeval::SS|catalogue_disk/5#0,baro,1.0
rcaeval,SS,rcaeval::SS,catalogue_disk/5,0,rcaeval::SS|catalogue_disk/5#0,cd1min,1.0
rcaeval,SS,rcaeval::SS,catalogue_disk/5,0,rcaeval::SS|catalogue_disk/5#0,z_family,1.0
rcaeval,SS,rcaeval::SS,catalogue_loss/1,0,rcaeval::SS|catalogue_loss/1#0,alertcount,0.0
rcaeval,SS,rcaeval::SS,catalogue_loss/1,0,rcaeval::SS|catalogue_loss/1#0,baro,1.0
rcaeval,SS,rcaeval::SS,catalogue_loss/1,0,rcaeval::SS|catalogue_loss/1#0,cd1min,1.0
rcaeval,SS,rcaeval::SS,catalogue_loss/1,0,rcaeval::SS|catalogue_loss/1#0,z_family,1.0
rcaeval,SS,rcaeval::SS,catalogue_loss/2,0,rcaeval::SS|catalogue_loss/2#0,alertcount,1.0
rcaeval,SS,rcaeval::SS,catalogue_loss/2,0,rcaeval::SS|catalogue_loss/2#0,baro,1.0
rcaeval,SS,rcaeval::SS,catalogue_loss/2,0,rcaeval::SS|catalogue_loss/2#0,cd1min,1.0
rcaeval,SS,rcaeval::SS,catalogue_loss/2,0,rcaeval::SS|catalogue_loss/2#0,z_family,1.0
rcaeval,SS,rcaeval::SS,catalogue_loss/3,0,rcaeval::SS|catalogue_loss/3#0,alertcount,0.0
rcaeval,SS,rcaeval::SS,catalogue_loss/3,0,rcaeval::SS|catalogue_loss/3#0,baro,1.0
rcaeval,SS,rcaeval::SS,catalogue_loss/3,0,rcaeval::SS|catalogue_loss/3#0,cd1min,1.0
rcaeval,SS,rcaeval::SS,catalogue_loss/3,0,rcaeval::SS|catalogue_loss/3#0,z_family,1.0
rcaeval,SS,rcaeval::SS,catalogue_loss/4,0,rcaeval::SS|catalogue_loss/4#0,alertcount,1.0
rcaeval,SS,rcaeval::SS,catalogue_loss/4,0,rcaeval::SS|catalogue_loss/4#0,baro,1.0
rcaeval,SS,rcaeval::SS,catalogue_loss/4,0,rcaeval::SS|catalogue_loss/4#0,cd1min,1.0
rcaeval,SS,rcaeval::SS,catalogue_loss/4,0,rcaeval::SS|catalogue_loss/4#0,z_family,1.0
rcaeval,SS,rcaeval::SS,catalogue_loss/5,0,rcaeval::SS|catalogue_loss/5#0,alertcount,0.0
rcaeval,SS,rcaeval::SS,catalogue_loss/5,0,rcaeval::SS|catalogue_loss/5#0,baro,1.0
rcaeval,SS,rcaeval::SS,catalogue_loss/5,0,rcaeval::SS|catalogue_loss/5#0,cd1min,1.0
rcaeval,SS,rcaeval::SS,catalogue_loss/5,0,rcaeval::SS|catalogue_loss/5#0,z_family,1.0
rcaeval,SS,rcaeval::SS,catalogue_mem/1,0,rcaeval::SS|catalogue_mem/1#0,alertcount,1.0
rcaeval,SS,rcaeval::SS,catalogue_mem/1,0,rcaeval::SS|catalogue_mem/1#0,baro,1.0
rcaeval,SS,rcaeval::SS,catalogue_mem/1,0,rcaeval::SS|catalogue_mem/1#0,cd1min,1.0
rcaeval,SS,rcaeval::SS,catalogue_mem/1,0,rcaeval::SS|catalogue_mem/1#0,z_family,1.0
rcaeval,SS,rcaeval::SS,catalogue_mem/2,0,rcaeval::SS|catalogue_mem/2#0,alertcount,1.0
rcaeval,SS,rcaeval::SS,catalogue_mem/2,0,rcaeval::SS|catalogue_mem/2#0,baro,1.0
rcaeval,SS,rcaeval::SS,catalogue_mem/2,0,rcaeval::SS|catalogue_mem/2#0,cd1min,1.0
rcaeval,SS,rcaeval::SS,catalogue_mem/2,0,rcaeval::SS|catalogue_mem/2#0,z_family,1.0
rcaeval,SS,rcaeval::SS,catalogue_mem/3,0,rcaeval::SS|catalogue_mem/3#0,alertcount,0.0
rcaeval,SS,rcaeval::SS,catalogue_mem/3,0,rcaeval::SS|catalogue_mem/3#0,baro,1.0
rcaeval,SS,rcaeval::SS,catalogue_mem/3,0,rcaeval::SS|catalogue_mem/3#0,cd1min,1.0
rcaeval,SS,rcaeval::SS,catalogue_mem/3,0,rcaeval::SS|catalogue_mem/3#0,z_family,1.0
rcaeval,SS,rcaeval::SS,catalogue_mem/4,0,rcaeval::SS|catalogue_mem/4#0,alertcount,1.0
rcaeval,SS,rcaeval::SS,catalogue_mem/4,0,rcaeval::SS|catalogue_mem/4#0,baro,1.0
rcaeval,SS,rcaeval::SS,catalogue_mem/4,0,rcaeval::SS|catalogue_mem/4#0,cd1min,1.0
rcaeval,SS,rcaeval::SS,catalogue_mem/4,0,rcaeval::SS|catalogue_mem/4#0,z_family,1.0
rcaeval,SS,rcaeval::SS,catalogue_mem/5,0,rcaeval::SS|catalogue_mem/5#0,alertcount,0.0
rcaeval,SS,rcaeval::SS,catalogue_mem/5,0,rcaeval::SS|catalogue_mem/5#0,baro,1.0
rcaeval,SS,rcaeval::SS,catalogue_mem/5,0,rcaeval::SS|catalogue_mem/5#0,cd1min,1.0
rcaeval,SS,rcaeval::SS,catalogue_mem/5,0,rcaeval::SS|catalogue_mem/5#0,z_family,1.0
rcaeval,SS,rcaeval::SS,orders_cpu/1,0,rcaeval::SS|orders_cpu/1#0,alertcount,0.0
rcaeval,SS,rcaeval::SS,orders_cpu/1,0,rcaeval::SS|orders_cpu/1#0,baro,1.0
rcaeval,SS,rcaeval::SS,orders_cpu/1,0,rcaeval::SS|orders_cpu/1#0,cd1min,1.0
rcaeval,SS,rcaeval::SS,orders_cpu/1,0,rcaeval::SS|orders_cpu/1#0,z_family,1.0
rcaeval,SS,rcaeval::SS,orders_cpu/2,0,rcaeval::SS|orders_cpu/2#0,alertcount,0.0
rcaeval,SS,rcaeval::SS,orders_cpu/2,0,rcaeval::SS|orders_cpu/2#0,baro,1.0
rcaeval,SS,rcaeval::SS,orders_cpu/2,0,rcaeval::SS|orders_cpu/2#0,cd1min,1.0
rcaeval,SS,rcaeval::SS,orders_cpu/2,0,rcaeval::SS|orders_cpu/2#0,z_family,1.0
rcaeval,SS,rcaeval::SS,orders_cpu/3,0,rcaeval::SS|orders_cpu/3#0,alertcount,0.0
rcaeval,SS,rcaeval::SS,orders_cpu/3,0,rcaeval::SS|orders_cpu/3#0,baro,1.0
rcaeval,SS,rcaeval::SS,orders_cpu/3,0,rcaeval::SS|orders_cpu/3#0,cd1min,1.0
rcaeval,SS,rcaeval::SS,orders_cpu/3,0,rcaeval::SS|orders_cpu/3#0,z_family,1.0
rcaeval,SS,rcaeval::SS,orders_cpu/4,0,rcaeval::SS|orders_cpu/4#0,alertcount,0.0
rcaeval,SS,rcaeval::SS,orders_cpu/4,0,rcaeval::SS|orders_cpu/4#0,baro,0.0
rcaeval,SS,rcaeval::SS,orders_cpu/4,0,rcaeval::SS|orders_cpu/4#0,cd1min,1.0
rcaeval,SS,rcaeval::SS,orders_cpu/4,0,rcaeval::SS|orders_cpu/4#0,z_family,1.0
rcaeval,SS,rcaeval::SS,orders_cpu/5,0,rcaeval::SS|orders_cpu/5#0,alertcount,0.0
rcaeval,SS,rcaeval::SS,orders_cpu/5,0,rcaeval::SS|orders_cpu/5#0,baro,1.0
rcaeval,SS,rcaeval::SS,orders_cpu/5,0,rcaeval::SS|orders_cpu/5#0,cd1min,1.0
rcaeval,SS,rcaeval::SS,orders_cpu/5,0,rcaeval::SS|orders_cpu/5#0,z_family,1.0
rcaeval,SS,rcaeval::SS,orders_delay/1,0,rcaeval::SS|orders_delay/1#0,alertcount,0.0
rcaeval,SS,rcaeval::SS,orders_delay/1,0,rcaeval::SS|orders_delay/1#0,baro,1.0
rcaeval,SS,rcaeval::SS,orders_delay/1,0,rcaeval::SS|orders_delay/1#0,cd1min,1.0
rcaeval,SS,rcaeval::SS,orders_delay/1,0,rcaeval::SS|orders_delay/1#0,z_family,1.0
rcaeval,SS,rcaeval::SS,orders_delay/2,0,rcaeval::SS|orders_delay/2#0,alertcount,0.0
rcaeval,SS,rcaeval::SS,orders_delay/2,0,rcaeval::SS|orders_delay/2#0,baro,1.0
rcaeval,SS,rcaeval::SS,orders_delay/2,0,rcaeval::SS|orders_delay/2#0,cd1min,1.0
rcaeval,SS,rcaeval::SS,orders_delay/2,0,rcaeval::SS|orders_delay/2#0,z_family,1.0
rcaeval,SS,rcaeval::SS,orders_delay/3,0,rcaeval::SS|orders_delay/3#0,alertcount,0.0
rcaeval,SS,rcaeval::SS,orders_delay/3,0,rcaeval::SS|orders_delay/3#0,baro,1.0
rcaeval,SS,rcaeval::SS,orders_delay/3,0,rcaeval::SS|orders_delay/3#0,cd1min,1.0
rcaeval,SS,rcaeval::SS,orders_delay/3,0,rcaeval::SS|orders_delay/3#0,z_family,1.0
rcaeval,SS,rcaeval::SS,orders_delay/4,0,rcaeval::SS|orders_delay/4#0,alertcount,0.0
rcaeval,SS,rcaeval::SS,orders_delay/4,0,rcaeval::SS|orders_delay/4#0,baro,1.0
rcaeval,SS,rcaeval::SS,orders_delay/4,0,rcaeval::SS|orders_delay/4#0,cd1min,1.0
rcaeval,SS,rcaeval::SS,orders_delay/4,0,rcaeval::SS|orders_delay/4#0,z_family,1.0
rcaeval,SS,rcaeval::SS,orders_delay/5,0,rcaeval::SS|orders_delay/5#0,alertcount,0.0
rcaeval,SS,rcaeval::SS,orders_delay/5,0,rcaeval::SS|orders_delay/5#0,baro,1.0
rcaeval,SS,rcaeval::SS,orders_delay/5,0,rcaeval::SS|orders_delay/5#0,cd1min,1.0
rcaeval,SS,rcaeval::SS,orders_delay/5,0,rcaeval::SS|orders_delay/5#0,z_family,1.0
rcaeval,SS,rcaeval::SS,orders_disk/1,0,rcaeval::SS|orders_disk/1#0,alertcount,1.0
rcaeval,SS,rcaeval::SS,orders_disk/1,0,rcaeval::SS|orders_disk/1#0,baro,0.0
rcaeval,SS,rcaeval::SS,orders_disk/1,0,rcaeval::SS|orders_disk/1#0,cd1min,1.0
rcaeval,SS,rcaeval::SS,orders_disk/1,0,rcaeval::SS|orders_disk/1#0,z_family,0.0
rcaeval,SS,rcaeval::SS,orders_disk/2,0,rcaeval::SS|orders_disk/2#0,alertcount,1.0
rcaeval,SS,rcaeval::SS,orders_disk/2,0,rcaeval::SS|orders_disk/2#0,baro,0.0
rcaeval,SS,rcaeval::SS,orders_disk/2,0,rcaeval::SS|orders_disk/2#0,cd1min,1.0
rcaeval,SS,rcaeval::SS,orders_disk/2,0,rcaeval::SS|orders_disk/2#0,z_family,0.0
rcaeval,SS,rcaeval::SS,orders_disk/3,0,rcaeval::SS|orders_disk/3#0,alertcount,1.0
rcaeval,SS,rcaeval::SS,orders_disk/3,0,rcaeval::SS|orders_disk/3#0,baro,1.0
rcaeval,SS,rcaeval::SS,orders_disk/3,0,rcaeval::SS|orders_disk/3#0,cd1min,1.0
rcaeval,SS,rcaeval::SS,orders_disk/3,0,rcaeval::SS|orders_disk/3#0,z_family,1.0
rcaeval,SS,rcaeval::SS,orders_disk/4,0,rcaeval::SS|orders_disk/4#0,alertcount,0.0
rcaeval,SS,rcaeval::SS,orders_disk/4,0,rcaeval::SS|orders_disk/4#0,baro,1.0
rcaeval,SS,rcaeval::SS,orders_disk/4,0,rcaeval::SS|orders_disk/4#0,cd1min,1.0
rcaeval,SS,rcaeval::SS,orders_disk/4,0,rcaeval::SS|orders_disk/4#0,z_family,0.0
rcaeval,SS,rcaeval::SS,orders_disk/5,0,rcaeval::SS|orders_disk/5#0,alertcount,0.0
rcaeval,SS,rcaeval::SS,orders_disk/5,0,rcaeval::SS|orders_disk/5#0,baro,0.0
rcaeval,SS,rcaeval::SS,orders_disk/5,0,rcaeval::SS|orders_disk/5#0,cd1min,1.0
rcaeval,SS,rcaeval::SS,orders_disk/5,0,rcaeval::SS|orders_disk/5#0,z_family,0.0
rcaeval,SS,rcaeval::SS,orders_loss/1,0,rcaeval::SS|orders_loss/1#0,alertcount,0.0
rcaeval,SS,rcaeval::SS,orders_loss/1,0,rcaeval::SS|orders_loss/1#0,baro,1.0
rcaeval,SS,rcaeval::SS,orders_loss/1,0,rcaeval::SS|orders_loss/1#0,cd1min,1.0
rcaeval,SS,rcaeval::SS,orders_loss/1,0,rcaeval::SS|orders_loss/1#0,z_family,1.0
rcaeval,SS,rcaeval::SS,orders_loss/2,0,rcaeval::SS|orders_loss/2#0,alertcount,1.0
rcaeval,SS,rcaeval::SS,orders_loss/2,0,rcaeval::SS|orders_loss/2#0,baro,1.0
rcaeval,SS,rcaeval::SS,orders_loss/2,0,rcaeval::SS|orders_loss/2#0,cd1min,1.0
rcaeval,SS,rcaeval::SS,orders_loss/2,0,rcaeval::SS|orders_loss/2#0,z_family,1.0
rcaeval,SS,rcaeval::SS,orders_loss/3,0,rcaeval::SS|orders_loss/3#0,alertcount,0.0
rcaeval,SS,rcaeval::SS,orders_loss/3,0,rcaeval::SS|orders_loss/3#0,baro,0.0
rcaeval,SS,rcaeval::SS,orders_loss/3,0,rcaeval::SS|orders_loss/3#0,cd1min,1.0
rcaeval,SS,rcaeval::SS,orders_loss/3,0,rcaeval::SS|orders_loss/3#0,z_family,0.0
rcaeval,SS,rcaeval::SS,orders_loss/4,0,rcaeval::SS|orders_loss/4#0,alertcount,0.0
rcaeval,SS,rcaeval::SS,orders_loss/4,0,rcaeval::SS|orders_loss/4#0,baro,0.0
rcaeval,SS,rcaeval::SS,orders_loss/4,0,rcaeval::SS|orders_loss/4#0,cd1min,1.0
rcaeval,SS,rcaeval::SS,orders_loss/4,0,rcaeval::SS|orders_loss/4#0,z_family,0.0
rcaeval,SS,rcaeval::SS,orders_loss/5,0,rcaeval::SS|orders_loss/5#0,alertcount,0.0
rcaeval,SS,rcaeval::SS,orders_loss/5,0,rcaeval::SS|orders_loss/5#0,baro,1.0
rcaeval,SS,rcaeval::SS,orders_loss/5,0,rcaeval::SS|orders_loss/5#0,cd1min,1.0
rcaeval,SS,rcaeval::SS,orders_loss/5,0,rcaeval::SS|orders_loss/5#0,z_family,1.0
rcaeval,SS,rcaeval::SS,orders_mem/1,0,rcaeval::SS|orders_mem/1#0,alertcount,0.0
rcaeval,SS,rcaeval::SS,orders_mem/1,0,rcaeval::SS|orders_mem/1#0,baro,1.0
rcaeval,SS,rcaeval::SS,orders_mem/1,0,rcaeval::SS|orders_mem/1#0,cd1min,1.0
rcaeval,SS,rcaeval::SS,orders_mem/1,0,rcaeval::SS|orders_mem/1#0,z_family,1.0
rcaeval,SS,rcaeval::SS,orders_mem/2,0,rcaeval::SS|orders_mem/2#0,alertcount,0.0
rcaeval,SS,rcaeval::SS,orders_mem/2,0,rcaeval::SS|orders_mem/2#0,baro,1.0
rcaeval,SS,rcaeval::SS,orders_mem/2,0,rcaeval::SS|orders_mem/2#0,cd1min,1.0
rcaeval,SS,rcaeval::SS,orders_mem/2,0,rcaeval::SS|orders_mem/2#0,z_family,1.0
rcaeval,SS,rcaeval::SS,orders_mem/3,0,rcaeval::SS|orders_mem/3#0,alertcount,0.0
rcaeval,SS,rcaeval::SS,orders_mem/3,0,rcaeval::SS|orders_mem/3#0,baro,1.0
rcaeval,SS,rcaeval::SS,orders_mem/3,0,rcaeval::SS|orders_mem/3#0,cd1min,1.0
rcaeval,SS,rcaeval::SS,orders_mem/3,0,rcaeval::SS|orders_mem/3#0,z_family,1.0
rcaeval,SS,rcaeval::SS,orders_mem/4,0,rcaeval::SS|orders_mem/4#0,alertcount,0.0
rcaeval,SS,rcaeval::SS,orders_mem/4,0,rcaeval::SS|orders_mem/4#0,baro,1.0
rcaeval,SS,rcaeval::SS,orders_mem/4,0,rcaeval::SS|orders_mem/4#0,cd1min,1.0
rcaeval,SS,rcaeval::SS,orders_mem/4,0,rcaeval::SS|orders_mem/4#0,z_family,1.0
rcaeval,SS,rcaeval::SS,orders_mem/5,0,rcaeval::SS|orders_mem/5#0,alertcount,1.0
rcaeval,SS,rcaeval::SS,orders_mem/5,0,rcaeval::SS|orders_mem/5#0,baro,1.0
rcaeval,SS,rcaeval::SS,orders_mem/5,0,rcaeval::SS|orders_mem/5#0,cd1min,1.0
rcaeval,SS,rcaeval::SS,orders_mem/5,0,rcaeval::SS|orders_mem/5#0,z_family,1.0
rcaeval,SS,rcaeval::SS,payment_cpu/1,0,rcaeval::SS|payment_cpu/1#0,alertcount,0.0
rcaeval,SS,rcaeval::SS,payment_cpu/1,0,rcaeval::SS|payment_cpu/1#0,baro,1.0
rcaeval,SS,rcaeval::SS,payment_cpu/1,0,rcaeval::SS|payment_cpu/1#0,cd1min,1.0
rcaeval,SS,rcaeval::SS,payment_cpu/1,0,rcaeval::SS|payment_cpu/1#0,z_family,1.0
rcaeval,SS,rcaeval::SS,payment_cpu/2,0,rcaeval::SS|payment_cpu/2#0,alertcount,1.0
rcaeval,SS,rcaeval::SS,payment_cpu/2,0,rcaeval::SS|payment_cpu/2#0,baro,1.0
rcaeval,SS,rcaeval::SS,payment_cpu/2,0,rcaeval::SS|payment_cpu/2#0,cd1min,1.0
rcaeval,SS,rcaeval::SS,payment_cpu/2,0,rcaeval::SS|payment_cpu/2#0,z_family,1.0
rcaeval,SS,rcaeval::SS,payment_cpu/3,0,rcaeval::SS|payment_cpu/3#0,alertcount,0.0
rcaeval,SS,rcaeval::SS,payment_cpu/3,0,rcaeval::SS|payment_cpu/3#0,baro,1.0
rcaeval,SS,rcaeval::SS,payment_cpu/3,0,rcaeval::SS|payment_cpu/3#0,cd1min,1.0
rcaeval,SS,rcaeval::SS,payment_cpu/3,0,rcaeval::SS|payment_cpu/3#0,z_family,1.0
rcaeval,SS,rcaeval::SS,payment_cpu/4,0,rcaeval::SS|payment_cpu/4#0,alertcount,0.0
rcaeval,SS,rcaeval::SS,payment_cpu/4,0,rcaeval::SS|payment_cpu/4#0,baro,1.0
rcaeval,SS,rcaeval::SS,payment_cpu/4,0,rcaeval::SS|payment_cpu/4#0,cd1min,1.0
rcaeval,SS,rcaeval::SS,payment_cpu/4,0,rcaeval::SS|payment_cpu/4#0,z_family,1.0
rcaeval,SS,rcaeval::SS,payment_cpu/5,0,rcaeval::SS|payment_cpu/5#0,alertcount,0.0
rcaeval,SS,rcaeval::SS,payment_cpu/5,0,rcaeval::SS|payment_cpu/5#0,baro,1.0
rcaeval,SS,rcaeval::SS,payment_cpu/5,0,rcaeval::SS|payment_cpu/5#0,cd1min,1.0
rcaeval,SS,rcaeval::SS,payment_cpu/5,0,rcaeval::SS|payment_cpu/5#0,z_family,1.0
rcaeval,SS,rcaeval::SS,payment_delay/1,0,rcaeval::SS|payment_delay/1#0,alertcount,0.0
rcaeval,SS,rcaeval::SS,payment_delay/1,0,rcaeval::SS|payment_delay/1#0,baro,1.0
rcaeval,SS,rcaeval::SS,payment_delay/1,0,rcaeval::SS|payment_delay/1#0,cd1min,1.0
rcaeval,SS,rcaeval::SS,payment_delay/1,0,rcaeval::SS|payment_delay/1#0,z_family,1.0
rcaeval,SS,rcaeval::SS,payment_delay/2,0,rcaeval::SS|payment_delay/2#0,alertcount,0.0
rcaeval,SS,rcaeval::SS,payment_delay/2,0,rcaeval::SS|payment_delay/2#0,baro,1.0
rcaeval,SS,rcaeval::SS,payment_delay/2,0,rcaeval::SS|payment_delay/2#0,cd1min,1.0
rcaeval,SS,rcaeval::SS,payment_delay/2,0,rcaeval::SS|payment_delay/2#0,z_family,1.0
rcaeval,SS,rcaeval::SS,payment_delay/3,0,rcaeval::SS|payment_delay/3#0,alertcount,0.0
rcaeval,SS,rcaeval::SS,payment_delay/3,0,rcaeval::SS|payment_delay/3#0,baro,1.0
rcaeval,SS,rcaeval::SS,payment_delay/3,0,rcaeval::SS|payment_delay/3#0,cd1min,1.0
rcaeval,SS,rcaeval::SS,payment_delay/3,0,rcaeval::SS|payment_delay/3#0,z_family,1.0
rcaeval,SS,rcaeval::SS,payment_delay/4,0,rcaeval::SS|payment_delay/4#0,alertcount,1.0
rcaeval,SS,rcaeval::SS,payment_delay/4,0,rcaeval::SS|payment_delay/4#0,baro,1.0
rcaeval,SS,rcaeval::SS,payment_delay/4,0,rcaeval::SS|payment_delay/4#0,cd1min,1.0
rcaeval,SS,rcaeval::SS,payment_delay/4,0,rcaeval::SS|payment_delay/4#0,z_family,1.0
rcaeval,SS,rcaeval::SS,payment_delay/5,0,rcaeval::SS|payment_delay/5#0,alertcount,0.0
rcaeval,SS,rcaeval::SS,payment_delay/5,0,rcaeval::SS|payment_delay/5#0,baro,1.0
rcaeval,SS,rcaeval::SS,payment_delay/5,0,rcaeval::SS|payment_delay/5#0,cd1min,1.0
rcaeval,SS,rcaeval::SS,payment_delay/5,0,rcaeval::SS|payment_delay/5#0,z_family,1.0
rcaeval,SS,rcaeval::SS,payment_disk/1,0,rcaeval::SS|payment_disk/1#0,alertcount,0.0
rcaeval,SS,rcaeval::SS,payment_disk/1,0,rcaeval::SS|payment_disk/1#0,baro,1.0
rcaeval,SS,rcaeval::SS,payment_disk/1,0,rcaeval::SS|payment_disk/1#0,cd1min,1.0
rcaeval,SS,rcaeval::SS,payment_disk/1,0,rcaeval::SS|payment_disk/1#0,z_family,1.0
rcaeval,SS,rcaeval::SS,payment_disk/2,0,rcaeval::SS|payment_disk/2#0,alertcount,0.0
rcaeval,SS,rcaeval::SS,payment_disk/2,0,rcaeval::SS|payment_disk/2#0,baro,1.0
rcaeval,SS,rcaeval::SS,payment_disk/2,0,rcaeval::SS|payment_disk/2#0,cd1min,1.0
rcaeval,SS,rcaeval::SS,payment_disk/2,0,rcaeval::SS|payment_disk/2#0,z_family,1.0
rcaeval,SS,rcaeval::SS,payment_disk/3,0,rcaeval::SS|payment_disk/3#0,alertcount,0.0
rcaeval,SS,rcaeval::SS,payment_disk/3,0,rcaeval::SS|payment_disk/3#0,baro,0.0
rcaeval,SS,rcaeval::SS,payment_disk/3,0,rcaeval::SS|payment_disk/3#0,cd1min,0.0
rcaeval,SS,rcaeval::SS,payment_disk/3,0,rcaeval::SS|payment_disk/3#0,z_family,1.0
rcaeval,SS,rcaeval::SS,payment_disk/4,0,rcaeval::SS|payment_disk/4#0,alertcount,0.0
rcaeval,SS,rcaeval::SS,payment_disk/4,0,rcaeval::SS|payment_disk/4#0,baro,1.0
rcaeval,SS,rcaeval::SS,payment_disk/4,0,rcaeval::SS|payment_disk/4#0,cd1min,1.0
rcaeval,SS,rcaeval::SS,payment_disk/4,0,rcaeval::SS|payment_disk/4#0,z_family,1.0
rcaeval,SS,rcaeval::SS,payment_disk/5,0,rcaeval::SS|payment_disk/5#0,alertcount,0.0
rcaeval,SS,rcaeval::SS,payment_disk/5,0,rcaeval::SS|payment_disk/5#0,baro,1.0
rcaeval,SS,rcaeval::SS,payment_disk/5,0,rcaeval::SS|payment_disk/5#0,cd1min,1.0
rcaeval,SS,rcaeval::SS,payment_disk/5,0,rcaeval::SS|payment_disk/5#0,z_family,1.0
rcaeval,SS,rcaeval::SS,payment_loss/1,0,rcaeval::SS|payment_loss/1#0,alertcount,0.0
rcaeval,SS,rcaeval::SS,payment_loss/1,0,rcaeval::SS|payment_loss/1#0,baro,0.0
rcaeval,SS,rcaeval::SS,payment_loss/1,0,rcaeval::SS|payment_loss/1#0,cd1min,0.0
rcaeval,SS,rcaeval::SS,payment_loss/1,0,rcaeval::SS|payment_loss/1#0,z_family,0.0
rcaeval,SS,rcaeval::SS,payment_loss/2,0,rcaeval::SS|payment_loss/2#0,alertcount,1.0
rcaeval,SS,rcaeval::SS,payment_loss/2,0,rcaeval::SS|payment_loss/2#0,baro,0.0
rcaeval,SS,rcaeval::SS,payment_loss/2,0,rcaeval::SS|payment_loss/2#0,cd1min,0.0
rcaeval,SS,rcaeval::SS,payment_loss/2,0,rcaeval::SS|payment_loss/2#0,z_family,1.0
rcaeval,SS,rcaeval::SS,payment_loss/3,0,rcaeval::SS|payment_loss/3#0,alertcount,1.0
rcaeval,SS,rcaeval::SS,payment_loss/3,0,rcaeval::SS|payment_loss/3#0,baro,1.0
rcaeval,SS,rcaeval::SS,payment_loss/3,0,rcaeval::SS|payment_loss/3#0,cd1min,0.0
rcaeval,SS,rcaeval::SS,payment_loss/3,0,rcaeval::SS|payment_loss/3#0,z_family,1.0
rcaeval,SS,rcaeval::SS,payment_loss/4,0,rcaeval::SS|payment_loss/4#0,alertcount,0.0
rcaeval,SS,rcaeval::SS,payment_loss/4,0,rcaeval::SS|payment_loss/4#0,baro,0.0
rcaeval,SS,rcaeval::SS,payment_loss/4,0,rcaeval::SS|payment_loss/4#0,cd1min,0.0
rcaeval,SS,rcaeval::SS,payment_loss/4,0,rcaeval::SS|payment_loss/4#0,z_family,0.0
rcaeval,SS,rcaeval::SS,payment_loss/5,0,rcaeval::SS|payment_loss/5#0,alertcount,0.0
rcaeval,SS,rcaeval::SS,payment_loss/5,0,rcaeval::SS|payment_loss/5#0,baro,0.0
rcaeval,SS,rcaeval::SS,payment_loss/5,0,rcaeval::SS|payment_loss/5#0,cd1min,0.0
rcaeval,SS,rcaeval::SS,payment_loss/5,0,rcaeval::SS|payment_loss/5#0,z_family,0.0
rcaeval,SS,rcaeval::SS,payment_mem/1,0,rcaeval::SS|payment_mem/1#0,alertcount,0.0
rcaeval,SS,rcaeval::SS,payment_mem/1,0,rcaeval::SS|payment_mem/1#0,baro,1.0
rcaeval,SS,rcaeval::SS,payment_mem/1,0,rcaeval::SS|payment_mem/1#0,cd1min,1.0
rcaeval,SS,rcaeval::SS,payment_mem/1,0,rcaeval::SS|payment_mem/1#0,z_family,1.0
rcaeval,SS,rcaeval::SS,payment_mem/2,0,rcaeval::SS|payment_mem/2#0,alertcount,0.0
rcaeval,SS,rcaeval::SS,payment_mem/2,0,rcaeval::SS|payment_mem/2#0,baro,1.0
rcaeval,SS,rcaeval::SS,payment_mem/2,0,rcaeval::SS|payment_mem/2#0,cd1min,1.0
rcaeval,SS,rcaeval::SS,payment_mem/2,0,rcaeval::SS|payment_mem/2#0,z_family,1.0
rcaeval,SS,rcaeval::SS,payment_mem/3,0,rcaeval::SS|payment_mem/3#0,alertcount,0.0
rcaeval,SS,rcaeval::SS,payment_mem/3,0,rcaeval::SS|payment_mem/3#0,baro,1.0
rcaeval,SS,rcaeval::SS,payment_mem/3,0,rcaeval::SS|payment_mem/3#0,cd1min,1.0
rcaeval,SS,rcaeval::SS,payment_mem/3,0,rcaeval::SS|payment_mem/3#0,z_family,1.0
rcaeval,SS,rcaeval::SS,payment_mem/4,0,rcaeval::SS|payment_mem/4#0,alertcount,0.0
rcaeval,SS,rcaeval::SS,payment_mem/4,0,rcaeval::SS|payment_mem/4#0,baro,1.0
rcaeval,SS,rcaeval::SS,payment_mem/4,0,rcaeval::SS|payment_mem/4#0,cd1min,1.0
rcaeval,SS,rcaeval::SS,payment_mem/4,0,rcaeval::SS|payment_mem/4#0,z_family,1.0
rcaeval,SS,rcaeval::SS,payment_mem/5,0,rcaeval::SS|payment_mem/5#0,alertcount,0.0
rcaeval,SS,rcaeval::SS,payment_mem/5,0,rcaeval::SS|payment_mem/5#0,baro,1.0
rcaeval,SS,rcaeval::SS,payment_mem/5,0,rcaeval::SS|payment_mem/5#0,cd1min,1.0
rcaeval,SS,rcaeval::SS,payment_mem/5,0,rcaeval::SS|payment_mem/5#0,z_family,1.0
rcaeval,SS,rcaeval::SS,user_cpu/1,0,rcaeval::SS|user_cpu/1#0,alertcount,1.0
rcaeval,SS,rcaeval::SS,user_cpu/1,0,rcaeval::SS|user_cpu/1#0,baro,1.0
rcaeval,SS,rcaeval::SS,user_cpu/1,0,rcaeval::SS|user_cpu/1#0,cd1min,1.0
rcaeval,SS,rcaeval::SS,user_cpu/1,0,rcaeval::SS|user_cpu/1#0,z_family,1.0
rcaeval,SS,rcaeval::SS,user_cpu/2,0,rcaeval::SS|user_cpu/2#0,alertcount,0.0
rcaeval,SS,rcaeval::SS,user_cpu/2,0,rcaeval::SS|user_cpu/2#0,baro,1.0
rcaeval,SS,rcaeval::SS,user_cpu/2,0,rcaeval::SS|user_cpu/2#0,cd1min,1.0
rcaeval,SS,rcaeval::SS,user_cpu/2,0,rcaeval::SS|user_cpu/2#0,z_family,1.0
rcaeval,SS,rcaeval::SS,user_cpu/3,0,rcaeval::SS|user_cpu/3#0,alertcount,0.0
rcaeval,SS,rcaeval::SS,user_cpu/3,0,rcaeval::SS|user_cpu/3#0,baro,0.0
rcaeval,SS,rcaeval::SS,user_cpu/3,0,rcaeval::SS|user_cpu/3#0,cd1min,1.0
rcaeval,SS,rcaeval::SS,user_cpu/3,0,rcaeval::SS|user_cpu/3#0,z_family,0.0
rcaeval,SS,rcaeval::SS,user_cpu/4,0,rcaeval::SS|user_cpu/4#0,alertcount,0.0
rcaeval,SS,rcaeval::SS,user_cpu/4,0,rcaeval::SS|user_cpu/4#0,baro,1.0
rcaeval,SS,rcaeval::SS,user_cpu/4,0,rcaeval::SS|user_cpu/4#0,cd1min,1.0
rcaeval,SS,rcaeval::SS,user_cpu/4,0,rcaeval::SS|user_cpu/4#0,z_family,1.0
rcaeval,SS,rcaeval::SS,user_cpu/5,0,rcaeval::SS|user_cpu/5#0,alertcount,0.0
rcaeval,SS,rcaeval::SS,user_cpu/5,0,rcaeval::SS|user_cpu/5#0,baro,1.0
rcaeval,SS,rcaeval::SS,user_cpu/5,0,rcaeval::SS|user_cpu/5#0,cd1min,1.0
rcaeval,SS,rcaeval::SS,user_cpu/5,0,rcaeval::SS|user_cpu/5#0,z_family,1.0
rcaeval,SS,rcaeval::SS,user_delay/1,0,rcaeval::SS|user_delay/1#0,alertcount,0.0
rcaeval,SS,rcaeval::SS,user_delay/1,0,rcaeval::SS|user_delay/1#0,baro,1.0
rcaeval,SS,rcaeval::SS,user_delay/1,0,rcaeval::SS|user_delay/1#0,cd1min,1.0
rcaeval,SS,rcaeval::SS,user_delay/1,0,rcaeval::SS|user_delay/1#0,z_family,1.0
rcaeval,SS,rcaeval::SS,user_delay/2,0,rcaeval::SS|user_delay/2#0,alertcount,0.0
rcaeval,SS,rcaeval::SS,user_delay/2,0,rcaeval::SS|user_delay/2#0,baro,1.0
rcaeval,SS,rcaeval::SS,user_delay/2,0,rcaeval::SS|user_delay/2#0,cd1min,1.0
rcaeval,SS,rcaeval::SS,user_delay/2,0,rcaeval::SS|user_delay/2#0,z_family,1.0
rcaeval,SS,rcaeval::SS,user_delay/3,0,rcaeval::SS|user_delay/3#0,alertcount,0.0
rcaeval,SS,rcaeval::SS,user_delay/3,0,rcaeval::SS|user_delay/3#0,baro,1.0
rcaeval,SS,rcaeval::SS,user_delay/3,0,rcaeval::SS|user_delay/3#0,cd1min,1.0
rcaeval,SS,rcaeval::SS,user_delay/3,0,rcaeval::SS|user_delay/3#0,z_family,1.0
rcaeval,SS,rcaeval::SS,user_delay/4,0,rcaeval::SS|user_delay/4#0,alertcount,0.0
rcaeval,SS,rcaeval::SS,user_delay/4,0,rcaeval::SS|user_delay/4#0,baro,1.0
rcaeval,SS,rcaeval::SS,user_delay/4,0,rcaeval::SS|user_delay/4#0,cd1min,1.0
rcaeval,SS,rcaeval::SS,user_delay/4,0,rcaeval::SS|user_delay/4#0,z_family,1.0
rcaeval,SS,rcaeval::SS,user_delay/5,0,rcaeval::SS|user_delay/5#0,alertcount,0.0
rcaeval,SS,rcaeval::SS,user_delay/5,0,rcaeval::SS|user_delay/5#0,baro,1.0
rcaeval,SS,rcaeval::SS,user_delay/5,0,rcaeval::SS|user_delay/5#0,cd1min,1.0
rcaeval,SS,rcaeval::SS,user_delay/5,0,rcaeval::SS|user_delay/5#0,z_family,1.0
rcaeval,SS,rcaeval::SS,user_disk/1,0,rcaeval::SS|user_disk/1#0,alertcount,0.0
rcaeval,SS,rcaeval::SS,user_disk/1,0,rcaeval::SS|user_disk/1#0,baro,1.0
rcaeval,SS,rcaeval::SS,user_disk/1,0,rcaeval::SS|user_disk/1#0,cd1min,1.0
rcaeval,SS,rcaeval::SS,user_disk/1,0,rcaeval::SS|user_disk/1#0,z_family,1.0
rcaeval,SS,rcaeval::SS,user_disk/2,0,rcaeval::SS|user_disk/2#0,alertcount,0.0
rcaeval,SS,rcaeval::SS,user_disk/2,0,rcaeval::SS|user_disk/2#0,baro,1.0
rcaeval,SS,rcaeval::SS,user_disk/2,0,rcaeval::SS|user_disk/2#0,cd1min,1.0
rcaeval,SS,rcaeval::SS,user_disk/2,0,rcaeval::SS|user_disk/2#0,z_family,1.0
rcaeval,SS,rcaeval::SS,user_disk/3,0,rcaeval::SS|user_disk/3#0,alertcount,0.0
rcaeval,SS,rcaeval::SS,user_disk/3,0,rcaeval::SS|user_disk/3#0,baro,1.0
rcaeval,SS,rcaeval::SS,user_disk/3,0,rcaeval::SS|user_disk/3#0,cd1min,1.0
rcaeval,SS,rcaeval::SS,user_disk/3,0,rcaeval::SS|user_disk/3#0,z_family,1.0
rcaeval,SS,rcaeval::SS,user_disk/4,0,rcaeval::SS|user_disk/4#0,alertcount,0.0
rcaeval,SS,rcaeval::SS,user_disk/4,0,rcaeval::SS|user_disk/4#0,baro,1.0
rcaeval,SS,rcaeval::SS,user_disk/4,0,rcaeval::SS|user_disk/4#0,cd1min,1.0
rcaeval,SS,rcaeval::SS,user_disk/4,0,rcaeval::SS|user_disk/4#0,z_family,1.0
rcaeval,SS,rcaeval::SS,user_disk/5,0,rcaeval::SS|user_disk/5#0,alertcount,0.0
rcaeval,SS,rcaeval::SS,user_disk/5,0,rcaeval::SS|user_disk/5#0,baro,1.0
rcaeval,SS,rcaeval::SS,user_disk/5,0,rcaeval::SS|user_disk/5#0,cd1min,1.0
rcaeval,SS,rcaeval::SS,user_disk/5,0,rcaeval::SS|user_disk/5#0,z_family,1.0
rcaeval,SS,rcaeval::SS,user_loss/1,0,rcaeval::SS|user_loss/1#0,alertcount,0.0
rcaeval,SS,rcaeval::SS,user_loss/1,0,rcaeval::SS|user_loss/1#0,baro,1.0
rcaeval,SS,rcaeval::SS,user_loss/1,0,rcaeval::SS|user_loss/1#0,cd1min,1.0
rcaeval,SS,rcaeval::SS,user_loss/1,0,rcaeval::SS|user_loss/1#0,z_family,1.0
rcaeval,SS,rcaeval::SS,user_loss/2,0,rcaeval::SS|user_loss/2#0,alertcount,1.0
rcaeval,SS,rcaeval::SS,user_loss/2,0,rcaeval::SS|user_loss/2#0,baro,1.0
rcaeval,SS,rcaeval::SS,user_loss/2,0,rcaeval::SS|user_loss/2#0,cd1min,1.0
rcaeval,SS,rcaeval::SS,user_loss/2,0,rcaeval::SS|user_loss/2#0,z_family,1.0
rcaeval,SS,rcaeval::SS,user_loss/3,0,rcaeval::SS|user_loss/3#0,alertcount,0.0
rcaeval,SS,rcaeval::SS,user_loss/3,0,rcaeval::SS|user_loss/3#0,baro,1.0
rcaeval,SS,rcaeval::SS,user_loss/3,0,rcaeval::SS|user_loss/3#0,cd1min,1.0
rcaeval,SS,rcaeval::SS,user_loss/3,0,rcaeval::SS|user_loss/3#0,z_family,1.0
rcaeval,SS,rcaeval::SS,user_loss/4,0,rcaeval::SS|user_loss/4#0,alertcount,0.0
rcaeval,SS,rcaeval::SS,user_loss/4,0,rcaeval::SS|user_loss/4#0,baro,1.0
rcaeval,SS,rcaeval::SS,user_loss/4,0,rcaeval::SS|user_loss/4#0,cd1min,1.0
rcaeval,SS,rcaeval::SS,user_loss/4,0,rcaeval::SS|user_loss/4#0,z_family,1.0
rcaeval,SS,rcaeval::SS,user_loss/5,0,rcaeval::SS|user_loss/5#0,alertcount,0.0
rcaeval,SS,rcaeval::SS,user_loss/5,0,rcaeval::SS|user_loss/5#0,baro,1.0
rcaeval,SS,rcaeval::SS,user_loss/5,0,rcaeval::SS|user_loss/5#0,cd1min,1.0
rcaeval,SS,rcaeval::SS,user_loss/5,0,rcaeval::SS|user_loss/5#0,z_family,1.0
rcaeval,SS,rcaeval::SS,user_mem/1,0,rcaeval::SS|user_mem/1#0,alertcount,0.0
rcaeval,SS,rcaeval::SS,user_mem/1,0,rcaeval::SS|user_mem/1#0,baro,1.0
rcaeval,SS,rcaeval::SS,user_mem/1,0,rcaeval::SS|user_mem/1#0,cd1min,1.0
rcaeval,SS,rcaeval::SS,user_mem/1,0,rcaeval::SS|user_mem/1#0,z_family,1.0
rcaeval,SS,rcaeval::SS,user_mem/2,0,rcaeval::SS|user_mem/2#0,alertcount,0.0
rcaeval,SS,rcaeval::SS,user_mem/2,0,rcaeval::SS|user_mem/2#0,baro,1.0
rcaeval,SS,rcaeval::SS,user_mem/2,0,rcaeval::SS|user_mem/2#0,cd1min,1.0
rcaeval,SS,rcaeval::SS,user_mem/2,0,rcaeval::SS|user_mem/2#0,z_family,1.0
rcaeval,SS,rcaeval::SS,user_mem/3,0,rcaeval::SS|user_mem/3#0,alertcount,0.0
rcaeval,SS,rcaeval::SS,user_mem/3,0,rcaeval::SS|user_mem/3#0,baro,1.0
rcaeval,SS,rcaeval::SS,user_mem/3,0,rcaeval::SS|user_mem/3#0,cd1min,1.0
rcaeval,SS,rcaeval::SS,user_mem/3,0,rcaeval::SS|user_mem/3#0,z_family,1.0
rcaeval,SS,rcaeval::SS,user_mem/4,0,rcaeval::SS|user_mem/4#0,alertcount,0.0
rcaeval,SS,rcaeval::SS,user_mem/4,0,rcaeval::SS|user_mem/4#0,baro,1.0
rcaeval,SS,rcaeval::SS,user_mem/4,0,rcaeval::SS|user_mem/4#0,cd1min,1.0
rcaeval,SS,rcaeval::SS,user_mem/4,0,rcaeval::SS|user_mem/4#0,z_family,1.0
rcaeval,SS,rcaeval::SS,user_mem/5,0,rcaeval::SS|user_mem/5#0,alertcount,0.0
rcaeval,SS,rcaeval::SS,user_mem/5,0,rcaeval::SS|user_mem/5#0,baro,1.0
rcaeval,SS,rcaeval::SS,user_mem/5,0,rcaeval::SS|user_mem/5#0,cd1min,1.0
rcaeval,SS,rcaeval::SS,user_mem/5,0,rcaeval::SS|user_mem/5#0,z_family,1.0
rcaeval,TT,rcaeval::TT,ts-auth-service_cpu/1,0,rcaeval::TT|ts-auth-service_cpu/1#0,alertcount,1.0
rcaeval,TT,rcaeval::TT,ts-auth-service_cpu/1,0,rcaeval::TT|ts-auth-service_cpu/1#0,baro,0.0
rcaeval,TT,rcaeval::TT,ts-auth-service_cpu/1,0,rcaeval::TT|ts-auth-service_cpu/1#0,cd1min,0.0
rcaeval,TT,rcaeval::TT,ts-auth-service_cpu/1,0,rcaeval::TT|ts-auth-service_cpu/1#0,z_family,0.0
rcaeval,TT,rcaeval::TT,ts-auth-service_cpu/2,0,rcaeval::TT|ts-auth-service_cpu/2#0,alertcount,1.0
rcaeval,TT,rcaeval::TT,ts-auth-service_cpu/2,0,rcaeval::TT|ts-auth-service_cpu/2#0,baro,0.0
rcaeval,TT,rcaeval::TT,ts-auth-service_cpu/2,0,rcaeval::TT|ts-auth-service_cpu/2#0,cd1min,0.0
rcaeval,TT,rcaeval::TT,ts-auth-service_cpu/2,0,rcaeval::TT|ts-auth-service_cpu/2#0,z_family,0.0
rcaeval,TT,rcaeval::TT,ts-auth-service_cpu/3,0,rcaeval::TT|ts-auth-service_cpu/3#0,alertcount,0.0
rcaeval,TT,rcaeval::TT,ts-auth-service_cpu/3,0,rcaeval::TT|ts-auth-service_cpu/3#0,baro,0.0
rcaeval,TT,rcaeval::TT,ts-auth-service_cpu/3,0,rcaeval::TT|ts-auth-service_cpu/3#0,cd1min,0.0
rcaeval,TT,rcaeval::TT,ts-auth-service_cpu/3,0,rcaeval::TT|ts-auth-service_cpu/3#0,z_family,0.0
rcaeval,TT,rcaeval::TT,ts-auth-service_cpu/4,0,rcaeval::TT|ts-auth-service_cpu/4#0,alertcount,0.0
rcaeval,TT,rcaeval::TT,ts-auth-service_cpu/4,0,rcaeval::TT|ts-auth-service_cpu/4#0,baro,1.0
rcaeval,TT,rcaeval::TT,ts-auth-service_cpu/4,0,rcaeval::TT|ts-auth-service_cpu/4#0,cd1min,0.0
rcaeval,TT,rcaeval::TT,ts-auth-service_cpu/4,0,rcaeval::TT|ts-auth-service_cpu/4#0,z_family,0.0
rcaeval,TT,rcaeval::TT,ts-auth-service_cpu/5,0,rcaeval::TT|ts-auth-service_cpu/5#0,alertcount,0.0
rcaeval,TT,rcaeval::TT,ts-auth-service_cpu/5,0,rcaeval::TT|ts-auth-service_cpu/5#0,baro,1.0
rcaeval,TT,rcaeval::TT,ts-auth-service_cpu/5,0,rcaeval::TT|ts-auth-service_cpu/5#0,cd1min,0.0
rcaeval,TT,rcaeval::TT,ts-auth-service_cpu/5,0,rcaeval::TT|ts-auth-service_cpu/5#0,z_family,1.0
rcaeval,TT,rcaeval::TT,ts-auth-service_delay/1,0,rcaeval::TT|ts-auth-service_delay/1#0,alertcount,0.0
rcaeval,TT,rcaeval::TT,ts-auth-service_delay/1,0,rcaeval::TT|ts-auth-service_delay/1#0,baro,0.0
rcaeval,TT,rcaeval::TT,ts-auth-service_delay/1,0,rcaeval::TT|ts-auth-service_delay/1#0,cd1min,0.0
rcaeval,TT,rcaeval::TT,ts-auth-service_delay/1,0,rcaeval::TT|ts-auth-service_delay/1#0,z_family,0.0
rcaeval,TT,rcaeval::TT,ts-auth-service_delay/2,0,rcaeval::TT|ts-auth-service_delay/2#0,alertcount,0.0
rcaeval,TT,rcaeval::TT,ts-auth-service_delay/2,0,rcaeval::TT|ts-auth-service_delay/2#0,baro,0.0
rcaeval,TT,rcaeval::TT,ts-auth-service_delay/2,0,rcaeval::TT|ts-auth-service_delay/2#0,cd1min,0.0
rcaeval,TT,rcaeval::TT,ts-auth-service_delay/2,0,rcaeval::TT|ts-auth-service_delay/2#0,z_family,0.0
rcaeval,TT,rcaeval::TT,ts-auth-service_delay/3,0,rcaeval::TT|ts-auth-service_delay/3#0,alertcount,0.0
rcaeval,TT,rcaeval::TT,ts-auth-service_delay/3,0,rcaeval::TT|ts-auth-service_delay/3#0,baro,0.0
rcaeval,TT,rcaeval::TT,ts-auth-service_delay/3,0,rcaeval::TT|ts-auth-service_delay/3#0,cd1min,0.0
rcaeval,TT,rcaeval::TT,ts-auth-service_delay/3,0,rcaeval::TT|ts-auth-service_delay/3#0,z_family,0.0
rcaeval,TT,rcaeval::TT,ts-auth-service_delay/4,0,rcaeval::TT|ts-auth-service_delay/4#0,alertcount,1.0
rcaeval,TT,rcaeval::TT,ts-auth-service_delay/4,0,rcaeval::TT|ts-auth-service_delay/4#0,baro,0.0
rcaeval,TT,rcaeval::TT,ts-auth-service_delay/4,0,rcaeval::TT|ts-auth-service_delay/4#0,cd1min,0.0
rcaeval,TT,rcaeval::TT,ts-auth-service_delay/4,0,rcaeval::TT|ts-auth-service_delay/4#0,z_family,1.0
rcaeval,TT,rcaeval::TT,ts-auth-service_delay/5,0,rcaeval::TT|ts-auth-service_delay/5#0,alertcount,0.0
rcaeval,TT,rcaeval::TT,ts-auth-service_delay/5,0,rcaeval::TT|ts-auth-service_delay/5#0,baro,0.0
rcaeval,TT,rcaeval::TT,ts-auth-service_delay/5,0,rcaeval::TT|ts-auth-service_delay/5#0,cd1min,0.0
rcaeval,TT,rcaeval::TT,ts-auth-service_delay/5,0,rcaeval::TT|ts-auth-service_delay/5#0,z_family,0.0
rcaeval,TT,rcaeval::TT,ts-auth-service_disk/1,0,rcaeval::TT|ts-auth-service_disk/1#0,alertcount,1.0
rcaeval,TT,rcaeval::TT,ts-auth-service_disk/1,0,rcaeval::TT|ts-auth-service_disk/1#0,baro,1.0
rcaeval,TT,rcaeval::TT,ts-auth-service_disk/1,0,rcaeval::TT|ts-auth-service_disk/1#0,cd1min,0.0
rcaeval,TT,rcaeval::TT,ts-auth-service_disk/1,0,rcaeval::TT|ts-auth-service_disk/1#0,z_family,0.0
rcaeval,TT,rcaeval::TT,ts-auth-service_disk/2,0,rcaeval::TT|ts-auth-service_disk/2#0,alertcount,0.0
rcaeval,TT,rcaeval::TT,ts-auth-service_disk/2,0,rcaeval::TT|ts-auth-service_disk/2#0,baro,1.0
rcaeval,TT,rcaeval::TT,ts-auth-service_disk/2,0,rcaeval::TT|ts-auth-service_disk/2#0,cd1min,0.0
rcaeval,TT,rcaeval::TT,ts-auth-service_disk/2,0,rcaeval::TT|ts-auth-service_disk/2#0,z_family,0.0
rcaeval,TT,rcaeval::TT,ts-auth-service_disk/3,0,rcaeval::TT|ts-auth-service_disk/3#0,alertcount,0.0
rcaeval,TT,rcaeval::TT,ts-auth-service_disk/3,0,rcaeval::TT|ts-auth-service_disk/3#0,baro,1.0
rcaeval,TT,rcaeval::TT,ts-auth-service_disk/3,0,rcaeval::TT|ts-auth-service_disk/3#0,cd1min,0.0
rcaeval,TT,rcaeval::TT,ts-auth-service_disk/3,0,rcaeval::TT|ts-auth-service_disk/3#0,z_family,1.0
rcaeval,TT,rcaeval::TT,ts-auth-service_disk/4,0,rcaeval::TT|ts-auth-service_disk/4#0,alertcount,0.0
rcaeval,TT,rcaeval::TT,ts-auth-service_disk/4,0,rcaeval::TT|ts-auth-service_disk/4#0,baro,0.0
rcaeval,TT,rcaeval::TT,ts-auth-service_disk/4,0,rcaeval::TT|ts-auth-service_disk/4#0,cd1min,0.0
rcaeval,TT,rcaeval::TT,ts-auth-service_disk/4,0,rcaeval::TT|ts-auth-service_disk/4#0,z_family,1.0
rcaeval,TT,rcaeval::TT,ts-auth-service_disk/5,0,rcaeval::TT|ts-auth-service_disk/5#0,alertcount,0.0
rcaeval,TT,rcaeval::TT,ts-auth-service_disk/5,0,rcaeval::TT|ts-auth-service_disk/5#0,baro,1.0
rcaeval,TT,rcaeval::TT,ts-auth-service_disk/5,0,rcaeval::TT|ts-auth-service_disk/5#0,cd1min,0.0
rcaeval,TT,rcaeval::TT,ts-auth-service_disk/5,0,rcaeval::TT|ts-auth-service_disk/5#0,z_family,1.0
rcaeval,TT,rcaeval::TT,ts-auth-service_loss/1,0,rcaeval::TT|ts-auth-service_loss/1#0,alertcount,0.0
rcaeval,TT,rcaeval::TT,ts-auth-service_loss/1,0,rcaeval::TT|ts-auth-service_loss/1#0,baro,0.0
rcaeval,TT,rcaeval::TT,ts-auth-service_loss/1,0,rcaeval::TT|ts-auth-service_loss/1#0,cd1min,0.0
rcaeval,TT,rcaeval::TT,ts-auth-service_loss/1,0,rcaeval::TT|ts-auth-service_loss/1#0,z_family,0.0
rcaeval,TT,rcaeval::TT,ts-auth-service_loss/2,0,rcaeval::TT|ts-auth-service_loss/2#0,alertcount,1.0
rcaeval,TT,rcaeval::TT,ts-auth-service_loss/2,0,rcaeval::TT|ts-auth-service_loss/2#0,baro,0.0
rcaeval,TT,rcaeval::TT,ts-auth-service_loss/2,0,rcaeval::TT|ts-auth-service_loss/2#0,cd1min,0.0
rcaeval,TT,rcaeval::TT,ts-auth-service_loss/2,0,rcaeval::TT|ts-auth-service_loss/2#0,z_family,0.0
rcaeval,TT,rcaeval::TT,ts-auth-service_loss/3,0,rcaeval::TT|ts-auth-service_loss/3#0,alertcount,0.0
rcaeval,TT,rcaeval::TT,ts-auth-service_loss/3,0,rcaeval::TT|ts-auth-service_loss/3#0,baro,1.0
rcaeval,TT,rcaeval::TT,ts-auth-service_loss/3,0,rcaeval::TT|ts-auth-service_loss/3#0,cd1min,0.0
rcaeval,TT,rcaeval::TT,ts-auth-service_loss/3,0,rcaeval::TT|ts-auth-service_loss/3#0,z_family,0.0
rcaeval,TT,rcaeval::TT,ts-auth-service_loss/4,0,rcaeval::TT|ts-auth-service_loss/4#0,alertcount,1.0
rcaeval,TT,rcaeval::TT,ts-auth-service_loss/4,0,rcaeval::TT|ts-auth-service_loss/4#0,baro,0.0
rcaeval,TT,rcaeval::TT,ts-auth-service_loss/4,0,rcaeval::TT|ts-auth-service_loss/4#0,cd1min,0.0
rcaeval,TT,rcaeval::TT,ts-auth-service_loss/4,0,rcaeval::TT|ts-auth-service_loss/4#0,z_family,0.0
rcaeval,TT,rcaeval::TT,ts-auth-service_loss/5,0,rcaeval::TT|ts-auth-service_loss/5#0,alertcount,0.0
rcaeval,TT,rcaeval::TT,ts-auth-service_loss/5,0,rcaeval::TT|ts-auth-service_loss/5#0,baro,0.0
rcaeval,TT,rcaeval::TT,ts-auth-service_loss/5,0,rcaeval::TT|ts-auth-service_loss/5#0,cd1min,0.0
rcaeval,TT,rcaeval::TT,ts-auth-service_loss/5,0,rcaeval::TT|ts-auth-service_loss/5#0,z_family,0.0
rcaeval,TT,rcaeval::TT,ts-auth-service_mem/1,0,rcaeval::TT|ts-auth-service_mem/1#0,alertcount,0.0
rcaeval,TT,rcaeval::TT,ts-auth-service_mem/1,0,rcaeval::TT|ts-auth-service_mem/1#0,baro,1.0
rcaeval,TT,rcaeval::TT,ts-auth-service_mem/1,0,rcaeval::TT|ts-auth-service_mem/1#0,cd1min,0.0
rcaeval,TT,rcaeval::TT,ts-auth-service_mem/1,0,rcaeval::TT|ts-auth-service_mem/1#0,z_family,1.0
rcaeval,TT,rcaeval::TT,ts-auth-service_mem/2,0,rcaeval::TT|ts-auth-service_mem/2#0,alertcount,1.0
rcaeval,TT,rcaeval::TT,ts-auth-service_mem/2,0,rcaeval::TT|ts-auth-service_mem/2#0,baro,1.0
rcaeval,TT,rcaeval::TT,ts-auth-service_mem/2,0,rcaeval::TT|ts-auth-service_mem/2#0,cd1min,0.0
rcaeval,TT,rcaeval::TT,ts-auth-service_mem/2,0,rcaeval::TT|ts-auth-service_mem/2#0,z_family,1.0
rcaeval,TT,rcaeval::TT,ts-auth-service_mem/3,0,rcaeval::TT|ts-auth-service_mem/3#0,alertcount,0.0
rcaeval,TT,rcaeval::TT,ts-auth-service_mem/3,0,rcaeval::TT|ts-auth-service_mem/3#0,baro,1.0
rcaeval,TT,rcaeval::TT,ts-auth-service_mem/3,0,rcaeval::TT|ts-auth-service_mem/3#0,cd1min,0.0
rcaeval,TT,rcaeval::TT,ts-auth-service_mem/3,0,rcaeval::TT|ts-auth-service_mem/3#0,z_family,1.0
rcaeval,TT,rcaeval::TT,ts-auth-service_mem/4,0,rcaeval::TT|ts-auth-service_mem/4#0,alertcount,0.0
rcaeval,TT,rcaeval::TT,ts-auth-service_mem/4,0,rcaeval::TT|ts-auth-service_mem/4#0,baro,1.0
rcaeval,TT,rcaeval::TT,ts-auth-service_mem/4,0,rcaeval::TT|ts-auth-service_mem/4#0,cd1min,0.0
rcaeval,TT,rcaeval::TT,ts-auth-service_mem/4,0,rcaeval::TT|ts-auth-service_mem/4#0,z_family,1.0
rcaeval,TT,rcaeval::TT,ts-auth-service_mem/5,0,rcaeval::TT|ts-auth-service_mem/5#0,alertcount,0.0
rcaeval,TT,rcaeval::TT,ts-auth-service_mem/5,0,rcaeval::TT|ts-auth-service_mem/5#0,baro,1.0
rcaeval,TT,rcaeval::TT,ts-auth-service_mem/5,0,rcaeval::TT|ts-auth-service_mem/5#0,cd1min,0.0
rcaeval,TT,rcaeval::TT,ts-auth-service_mem/5,0,rcaeval::TT|ts-auth-service_mem/5#0,z_family,1.0
rcaeval,TT,rcaeval::TT,ts-order-service_cpu/1,0,rcaeval::TT|ts-order-service_cpu/1#0,alertcount,0.0
rcaeval,TT,rcaeval::TT,ts-order-service_cpu/1,0,rcaeval::TT|ts-order-service_cpu/1#0,baro,1.0
rcaeval,TT,rcaeval::TT,ts-order-service_cpu/1,0,rcaeval::TT|ts-order-service_cpu/1#0,cd1min,0.0
rcaeval,TT,rcaeval::TT,ts-order-service_cpu/1,0,rcaeval::TT|ts-order-service_cpu/1#0,z_family,0.0
rcaeval,TT,rcaeval::TT,ts-order-service_cpu/2,0,rcaeval::TT|ts-order-service_cpu/2#0,alertcount,0.0
rcaeval,TT,rcaeval::TT,ts-order-service_cpu/2,0,rcaeval::TT|ts-order-service_cpu/2#0,baro,0.0
rcaeval,TT,rcaeval::TT,ts-order-service_cpu/2,0,rcaeval::TT|ts-order-service_cpu/2#0,cd1min,1.0
rcaeval,TT,rcaeval::TT,ts-order-service_cpu/2,0,rcaeval::TT|ts-order-service_cpu/2#0,z_family,0.0
rcaeval,TT,rcaeval::TT,ts-order-service_cpu/3,0,rcaeval::TT|ts-order-service_cpu/3#0,alertcount,0.0
rcaeval,TT,rcaeval::TT,ts-order-service_cpu/3,0,rcaeval::TT|ts-order-service_cpu/3#0,baro,1.0
rcaeval,TT,rcaeval::TT,ts-order-service_cpu/3,0,rcaeval::TT|ts-order-service_cpu/3#0,cd1min,1.0
rcaeval,TT,rcaeval::TT,ts-order-service_cpu/3,0,rcaeval::TT|ts-order-service_cpu/3#0,z_family,1.0
rcaeval,TT,rcaeval::TT,ts-order-service_cpu/4,0,rcaeval::TT|ts-order-service_cpu/4#0,alertcount,0.0
rcaeval,TT,rcaeval::TT,ts-order-service_cpu/4,0,rcaeval::TT|ts-order-service_cpu/4#0,baro,1.0
rcaeval,TT,rcaeval::TT,ts-order-service_cpu/4,0,rcaeval::TT|ts-order-service_cpu/4#0,cd1min,1.0
rcaeval,TT,rcaeval::TT,ts-order-service_cpu/4,0,rcaeval::TT|ts-order-service_cpu/4#0,z_family,1.0
rcaeval,TT,rcaeval::TT,ts-order-service_cpu/5,0,rcaeval::TT|ts-order-service_cpu/5#0,alertcount,0.0
rcaeval,TT,rcaeval::TT,ts-order-service_cpu/5,0,rcaeval::TT|ts-order-service_cpu/5#0,baro,1.0
rcaeval,TT,rcaeval::TT,ts-order-service_cpu/5,0,rcaeval::TT|ts-order-service_cpu/5#0,cd1min,1.0
rcaeval,TT,rcaeval::TT,ts-order-service_cpu/5,0,rcaeval::TT|ts-order-service_cpu/5#0,z_family,1.0
rcaeval,TT,rcaeval::TT,ts-order-service_delay/1,0,rcaeval::TT|ts-order-service_delay/1#0,alertcount,0.0
rcaeval,TT,rcaeval::TT,ts-order-service_delay/1,0,rcaeval::TT|ts-order-service_delay/1#0,baro,0.0
rcaeval,TT,rcaeval::TT,ts-order-service_delay/1,0,rcaeval::TT|ts-order-service_delay/1#0,cd1min,1.0
rcaeval,TT,rcaeval::TT,ts-order-service_delay/1,0,rcaeval::TT|ts-order-service_delay/1#0,z_family,0.0
rcaeval,TT,rcaeval::TT,ts-order-service_delay/2,0,rcaeval::TT|ts-order-service_delay/2#0,alertcount,0.0
rcaeval,TT,rcaeval::TT,ts-order-service_delay/2,0,rcaeval::TT|ts-order-service_delay/2#0,baro,0.0
rcaeval,TT,rcaeval::TT,ts-order-service_delay/2,0,rcaeval::TT|ts-order-service_delay/2#0,cd1min,0.0
rcaeval,TT,rcaeval::TT,ts-order-service_delay/2,0,rcaeval::TT|ts-order-service_delay/2#0,z_family,0.0
rcaeval,TT,rcaeval::TT,ts-order-service_delay/3,0,rcaeval::TT|ts-order-service_delay/3#0,alertcount,0.0
rcaeval,TT,rcaeval::TT,ts-order-service_delay/3,0,rcaeval::TT|ts-order-service_delay/3#0,baro,0.0
rcaeval,TT,rcaeval::TT,ts-order-service_delay/3,0,rcaeval::TT|ts-order-service_delay/3#0,cd1min,1.0
rcaeval,TT,rcaeval::TT,ts-order-service_delay/3,0,rcaeval::TT|ts-order-service_delay/3#0,z_family,1.0
rcaeval,TT,rcaeval::TT,ts-order-service_delay/4,0,rcaeval::TT|ts-order-service_delay/4#0,alertcount,0.0
rcaeval,TT,rcaeval::TT,ts-order-service_delay/4,0,rcaeval::TT|ts-order-service_delay/4#0,baro,1.0
rcaeval,TT,rcaeval::TT,ts-order-service_delay/4,0,rcaeval::TT|ts-order-service_delay/4#0,cd1min,0.0
rcaeval,TT,rcaeval::TT,ts-order-service_delay/4,0,rcaeval::TT|ts-order-service_delay/4#0,z_family,1.0
rcaeval,TT,rcaeval::TT,ts-order-service_delay/5,0,rcaeval::TT|ts-order-service_delay/5#0,alertcount,1.0
rcaeval,TT,rcaeval::TT,ts-order-service_delay/5,0,rcaeval::TT|ts-order-service_delay/5#0,baro,0.0
rcaeval,TT,rcaeval::TT,ts-order-service_delay/5,0,rcaeval::TT|ts-order-service_delay/5#0,cd1min,0.0
rcaeval,TT,rcaeval::TT,ts-order-service_delay/5,0,rcaeval::TT|ts-order-service_delay/5#0,z_family,1.0
rcaeval,TT,rcaeval::TT,ts-order-service_disk/1,0,rcaeval::TT|ts-order-service_disk/1#0,alertcount,0.0
rcaeval,TT,rcaeval::TT,ts-order-service_disk/1,0,rcaeval::TT|ts-order-service_disk/1#0,baro,0.0
rcaeval,TT,rcaeval::TT,ts-order-service_disk/1,0,rcaeval::TT|ts-order-service_disk/1#0,cd1min,0.0
rcaeval,TT,rcaeval::TT,ts-order-service_disk/1,0,rcaeval::TT|ts-order-service_disk/1#0,z_family,0.0
rcaeval,TT,rcaeval::TT,ts-order-service_disk/2,0,rcaeval::TT|ts-order-service_disk/2#0,alertcount,0.0
rcaeval,TT,rcaeval::TT,ts-order-service_disk/2,0,rcaeval::TT|ts-order-service_disk/2#0,baro,0.0
rcaeval,TT,rcaeval::TT,ts-order-service_disk/2,0,rcaeval::TT|ts-order-service_disk/2#0,cd1min,0.0
rcaeval,TT,rcaeval::TT,ts-order-service_disk/2,0,rcaeval::TT|ts-order-service_disk/2#0,z_family,0.0
rcaeval,TT,rcaeval::TT,ts-order-service_disk/3,0,rcaeval::TT|ts-order-service_disk/3#0,alertcount,0.0
rcaeval,TT,rcaeval::TT,ts-order-service_disk/3,0,rcaeval::TT|ts-order-service_disk/3#0,baro,1.0
rcaeval,TT,rcaeval::TT,ts-order-service_disk/3,0,rcaeval::TT|ts-order-service_disk/3#0,cd1min,0.0
rcaeval,TT,rcaeval::TT,ts-order-service_disk/3,0,rcaeval::TT|ts-order-service_disk/3#0,z_family,0.0
rcaeval,TT,rcaeval::TT,ts-order-service_disk/4,0,rcaeval::TT|ts-order-service_disk/4#0,alertcount,0.0
rcaeval,TT,rcaeval::TT,ts-order-service_disk/4,0,rcaeval::TT|ts-order-service_disk/4#0,baro,0.0
rcaeval,TT,rcaeval::TT,ts-order-service_disk/4,0,rcaeval::TT|ts-order-service_disk/4#0,cd1min,0.0
rcaeval,TT,rcaeval::TT,ts-order-service_disk/4,0,rcaeval::TT|ts-order-service_disk/4#0,z_family,0.0
rcaeval,TT,rcaeval::TT,ts-order-service_disk/5,0,rcaeval::TT|ts-order-service_disk/5#0,alertcount,0.0
rcaeval,TT,rcaeval::TT,ts-order-service_disk/5,0,rcaeval::TT|ts-order-service_disk/5#0,baro,1.0
rcaeval,TT,rcaeval::TT,ts-order-service_disk/5,0,rcaeval::TT|ts-order-service_disk/5#0,cd1min,0.0
rcaeval,TT,rcaeval::TT,ts-order-service_disk/5,0,rcaeval::TT|ts-order-service_disk/5#0,z_family,0.0
rcaeval,TT,rcaeval::TT,ts-order-service_loss/1,0,rcaeval::TT|ts-order-service_loss/1#0,alertcount,0.0
rcaeval,TT,rcaeval::TT,ts-order-service_loss/1,0,rcaeval::TT|ts-order-service_loss/1#0,baro,0.0
rcaeval,TT,rcaeval::TT,ts-order-service_loss/1,0,rcaeval::TT|ts-order-service_loss/1#0,cd1min,0.0
rcaeval,TT,rcaeval::TT,ts-order-service_loss/1,0,rcaeval::TT|ts-order-service_loss/1#0,z_family,0.0
rcaeval,TT,rcaeval::TT,ts-order-service_loss/2,0,rcaeval::TT|ts-order-service_loss/2#0,alertcount,0.0
rcaeval,TT,rcaeval::TT,ts-order-service_loss/2,0,rcaeval::TT|ts-order-service_loss/2#0,baro,1.0
rcaeval,TT,rcaeval::TT,ts-order-service_loss/2,0,rcaeval::TT|ts-order-service_loss/2#0,cd1min,1.0
rcaeval,TT,rcaeval::TT,ts-order-service_loss/2,0,rcaeval::TT|ts-order-service_loss/2#0,z_family,1.0
rcaeval,TT,rcaeval::TT,ts-order-service_loss/3,0,rcaeval::TT|ts-order-service_loss/3#0,alertcount,0.0
rcaeval,TT,rcaeval::TT,ts-order-service_loss/3,0,rcaeval::TT|ts-order-service_loss/3#0,baro,1.0
rcaeval,TT,rcaeval::TT,ts-order-service_loss/3,0,rcaeval::TT|ts-order-service_loss/3#0,cd1min,1.0
rcaeval,TT,rcaeval::TT,ts-order-service_loss/3,0,rcaeval::TT|ts-order-service_loss/3#0,z_family,1.0
rcaeval,TT,rcaeval::TT,ts-order-service_loss/4,0,rcaeval::TT|ts-order-service_loss/4#0,alertcount,0.0
rcaeval,TT,rcaeval::TT,ts-order-service_loss/4,0,rcaeval::TT|ts-order-service_loss/4#0,baro,1.0
rcaeval,TT,rcaeval::TT,ts-order-service_loss/4,0,rcaeval::TT|ts-order-service_loss/4#0,cd1min,1.0
rcaeval,TT,rcaeval::TT,ts-order-service_loss/4,0,rcaeval::TT|ts-order-service_loss/4#0,z_family,1.0
rcaeval,TT,rcaeval::TT,ts-order-service_loss/5,0,rcaeval::TT|ts-order-service_loss/5#0,alertcount,0.0
rcaeval,TT,rcaeval::TT,ts-order-service_loss/5,0,rcaeval::TT|ts-order-service_loss/5#0,baro,1.0
rcaeval,TT,rcaeval::TT,ts-order-service_loss/5,0,rcaeval::TT|ts-order-service_loss/5#0,cd1min,1.0
rcaeval,TT,rcaeval::TT,ts-order-service_loss/5,0,rcaeval::TT|ts-order-service_loss/5#0,z_family,0.0
rcaeval,TT,rcaeval::TT,ts-order-service_mem/1,0,rcaeval::TT|ts-order-service_mem/1#0,alertcount,1.0
rcaeval,TT,rcaeval::TT,ts-order-service_mem/1,0,rcaeval::TT|ts-order-service_mem/1#0,baro,1.0
rcaeval,TT,rcaeval::TT,ts-order-service_mem/1,0,rcaeval::TT|ts-order-service_mem/1#0,cd1min,1.0
rcaeval,TT,rcaeval::TT,ts-order-service_mem/1,0,rcaeval::TT|ts-order-service_mem/1#0,z_family,0.0
rcaeval,TT,rcaeval::TT,ts-order-service_mem/2,0,rcaeval::TT|ts-order-service_mem/2#0,alertcount,0.0
rcaeval,TT,rcaeval::TT,ts-order-service_mem/2,0,rcaeval::TT|ts-order-service_mem/2#0,baro,1.0
rcaeval,TT,rcaeval::TT,ts-order-service_mem/2,0,rcaeval::TT|ts-order-service_mem/2#0,cd1min,1.0
rcaeval,TT,rcaeval::TT,ts-order-service_mem/2,0,rcaeval::TT|ts-order-service_mem/2#0,z_family,1.0
rcaeval,TT,rcaeval::TT,ts-order-service_mem/3,0,rcaeval::TT|ts-order-service_mem/3#0,alertcount,0.0
rcaeval,TT,rcaeval::TT,ts-order-service_mem/3,0,rcaeval::TT|ts-order-service_mem/3#0,baro,1.0
rcaeval,TT,rcaeval::TT,ts-order-service_mem/3,0,rcaeval::TT|ts-order-service_mem/3#0,cd1min,1.0
rcaeval,TT,rcaeval::TT,ts-order-service_mem/3,0,rcaeval::TT|ts-order-service_mem/3#0,z_family,1.0
rcaeval,TT,rcaeval::TT,ts-order-service_mem/4,0,rcaeval::TT|ts-order-service_mem/4#0,alertcount,0.0
rcaeval,TT,rcaeval::TT,ts-order-service_mem/4,0,rcaeval::TT|ts-order-service_mem/4#0,baro,0.0
rcaeval,TT,rcaeval::TT,ts-order-service_mem/4,0,rcaeval::TT|ts-order-service_mem/4#0,cd1min,1.0
rcaeval,TT,rcaeval::TT,ts-order-service_mem/4,0,rcaeval::TT|ts-order-service_mem/4#0,z_family,0.0
rcaeval,TT,rcaeval::TT,ts-order-service_mem/5,0,rcaeval::TT|ts-order-service_mem/5#0,alertcount,0.0
rcaeval,TT,rcaeval::TT,ts-order-service_mem/5,0,rcaeval::TT|ts-order-service_mem/5#0,baro,0.0
rcaeval,TT,rcaeval::TT,ts-order-service_mem/5,0,rcaeval::TT|ts-order-service_mem/5#0,cd1min,1.0
rcaeval,TT,rcaeval::TT,ts-order-service_mem/5,0,rcaeval::TT|ts-order-service_mem/5#0,z_family,1.0
rcaeval,TT,rcaeval::TT,ts-route-service_cpu/1,0,rcaeval::TT|ts-route-service_cpu/1#0,alertcount,0.0
rcaeval,TT,rcaeval::TT,ts-route-service_cpu/1,0,rcaeval::TT|ts-route-service_cpu/1#0,baro,1.0
rcaeval,TT,rcaeval::TT,ts-route-service_cpu/1,0,rcaeval::TT|ts-route-service_cpu/1#0,cd1min,0.0
rcaeval,TT,rcaeval::TT,ts-route-service_cpu/1,0,rcaeval::TT|ts-route-service_cpu/1#0,z_family,0.0
rcaeval,TT,rcaeval::TT,ts-route-service_cpu/2,0,rcaeval::TT|ts-route-service_cpu/2#0,alertcount,0.0
rcaeval,TT,rcaeval::TT,ts-route-service_cpu/2,0,rcaeval::TT|ts-route-service_cpu/2#0,baro,0.0
rcaeval,TT,rcaeval::TT,ts-route-service_cpu/2,0,rcaeval::TT|ts-route-service_cpu/2#0,cd1min,0.0
rcaeval,TT,rcaeval::TT,ts-route-service_cpu/2,0,rcaeval::TT|ts-route-service_cpu/2#0,z_family,0.0
rcaeval,TT,rcaeval::TT,ts-route-service_cpu/3,0,rcaeval::TT|ts-route-service_cpu/3#0,alertcount,0.0
rcaeval,TT,rcaeval::TT,ts-route-service_cpu/3,0,rcaeval::TT|ts-route-service_cpu/3#0,baro,1.0
rcaeval,TT,rcaeval::TT,ts-route-service_cpu/3,0,rcaeval::TT|ts-route-service_cpu/3#0,cd1min,0.0
rcaeval,TT,rcaeval::TT,ts-route-service_cpu/3,0,rcaeval::TT|ts-route-service_cpu/3#0,z_family,0.0
rcaeval,TT,rcaeval::TT,ts-route-service_cpu/4,0,rcaeval::TT|ts-route-service_cpu/4#0,alertcount,0.0
rcaeval,TT,rcaeval::TT,ts-route-service_cpu/4,0,rcaeval::TT|ts-route-service_cpu/4#0,baro,1.0
rcaeval,TT,rcaeval::TT,ts-route-service_cpu/4,0,rcaeval::TT|ts-route-service_cpu/4#0,cd1min,0.0
rcaeval,TT,rcaeval::TT,ts-route-service_cpu/4,0,rcaeval::TT|ts-route-service_cpu/4#0,z_family,0.0
rcaeval,TT,rcaeval::TT,ts-route-service_cpu/5,0,rcaeval::TT|ts-route-service_cpu/5#0,alertcount,0.0
rcaeval,TT,rcaeval::TT,ts-route-service_cpu/5,0,rcaeval::TT|ts-route-service_cpu/5#0,baro,1.0
rcaeval,TT,rcaeval::TT,ts-route-service_cpu/5,0,rcaeval::TT|ts-route-service_cpu/5#0,cd1min,0.0
rcaeval,TT,rcaeval::TT,ts-route-service_cpu/5,0,rcaeval::TT|ts-route-service_cpu/5#0,z_family,1.0
rcaeval,TT,rcaeval::TT,ts-route-service_delay/1,0,rcaeval::TT|ts-route-service_delay/1#0,alertcount,0.0
rcaeval,TT,rcaeval::TT,ts-route-service_delay/1,0,rcaeval::TT|ts-route-service_delay/1#0,baro,0.0
rcaeval,TT,rcaeval::TT,ts-route-service_delay/1,0,rcaeval::TT|ts-route-service_delay/1#0,cd1min,1.0
rcaeval,TT,rcaeval::TT,ts-route-service_delay/1,0,rcaeval::TT|ts-route-service_delay/1#0,z_family,0.0
rcaeval,TT,rcaeval::TT,ts-route-service_delay/2,0,rcaeval::TT|ts-route-service_delay/2#0,alertcount,0.0
rcaeval,TT,rcaeval::TT,ts-route-service_delay/2,0,rcaeval::TT|ts-route-service_delay/2#0,baro,1.0
rcaeval,TT,rcaeval::TT,ts-route-service_delay/2,0,rcaeval::TT|ts-route-service_delay/2#0,cd1min,1.0
rcaeval,TT,rcaeval::TT,ts-route-service_delay/2,0,rcaeval::TT|ts-route-service_delay/2#0,z_family,0.0
rcaeval,TT,rcaeval::TT,ts-route-service_delay/3,0,rcaeval::TT|ts-route-service_delay/3#0,alertcount,0.0
rcaeval,TT,rcaeval::TT,ts-route-service_delay/3,0,rcaeval::TT|ts-route-service_delay/3#0,baro,0.0
rcaeval,TT,rcaeval::TT,ts-route-service_delay/3,0,rcaeval::TT|ts-route-service_delay/3#0,cd1min,1.0
rcaeval,TT,rcaeval::TT,ts-route-service_delay/3,0,rcaeval::TT|ts-route-service_delay/3#0,z_family,0.0
rcaeval,TT,rcaeval::TT,ts-route-service_delay/4,0,rcaeval::TT|ts-route-service_delay/4#0,alertcount,0.0
rcaeval,TT,rcaeval::TT,ts-route-service_delay/4,0,rcaeval::TT|ts-route-service_delay/4#0,baro,0.0
rcaeval,TT,rcaeval::TT,ts-route-service_delay/4,0,rcaeval::TT|ts-route-service_delay/4#0,cd1min,0.0
rcaeval,TT,rcaeval::TT,ts-route-service_delay/4,0,rcaeval::TT|ts-route-service_delay/4#0,z_family,0.0
rcaeval,TT,rcaeval::TT,ts-route-service_delay/5,0,rcaeval::TT|ts-route-service_delay/5#0,alertcount,0.0
rcaeval,TT,rcaeval::TT,ts-route-service_delay/5,0,rcaeval::TT|ts-route-service_delay/5#0,baro,0.0
rcaeval,TT,rcaeval::TT,ts-route-service_delay/5,0,rcaeval::TT|ts-route-service_delay/5#0,cd1min,0.0
rcaeval,TT,rcaeval::TT,ts-route-service_delay/5,0,rcaeval::TT|ts-route-service_delay/5#0,z_family,0.0
rcaeval,TT,rcaeval::TT,ts-route-service_disk/1,0,rcaeval::TT|ts-route-service_disk/1#0,alertcount,0.0
rcaeval,TT,rcaeval::TT,ts-route-service_disk/1,0,rcaeval::TT|ts-route-service_disk/1#0,baro,1.0
rcaeval,TT,rcaeval::TT,ts-route-service_disk/1,0,rcaeval::TT|ts-route-service_disk/1#0,cd1min,0.0
rcaeval,TT,rcaeval::TT,ts-route-service_disk/1,0,rcaeval::TT|ts-route-service_disk/1#0,z_family,0.0
rcaeval,TT,rcaeval::TT,ts-route-service_disk/2,0,rcaeval::TT|ts-route-service_disk/2#0,alertcount,0.0
rcaeval,TT,rcaeval::TT,ts-route-service_disk/2,0,rcaeval::TT|ts-route-service_disk/2#0,baro,1.0
rcaeval,TT,rcaeval::TT,ts-route-service_disk/2,0,rcaeval::TT|ts-route-service_disk/2#0,cd1min,0.0
rcaeval,TT,rcaeval::TT,ts-route-service_disk/2,0,rcaeval::TT|ts-route-service_disk/2#0,z_family,0.0
rcaeval,TT,rcaeval::TT,ts-route-service_disk/3,0,rcaeval::TT|ts-route-service_disk/3#0,alertcount,0.0
rcaeval,TT,rcaeval::TT,ts-route-service_disk/3,0,rcaeval::TT|ts-route-service_disk/3#0,baro,1.0
rcaeval,TT,rcaeval::TT,ts-route-service_disk/3,0,rcaeval::TT|ts-route-service_disk/3#0,cd1min,0.0
rcaeval,TT,rcaeval::TT,ts-route-service_disk/3,0,rcaeval::TT|ts-route-service_disk/3#0,z_family,0.0
rcaeval,TT,rcaeval::TT,ts-route-service_disk/4,0,rcaeval::TT|ts-route-service_disk/4#0,alertcount,0.0
rcaeval,TT,rcaeval::TT,ts-route-service_disk/4,0,rcaeval::TT|ts-route-service_disk/4#0,baro,1.0
rcaeval,TT,rcaeval::TT,ts-route-service_disk/4,0,rcaeval::TT|ts-route-service_disk/4#0,cd1min,0.0
rcaeval,TT,rcaeval::TT,ts-route-service_disk/4,0,rcaeval::TT|ts-route-service_disk/4#0,z_family,0.0
rcaeval,TT,rcaeval::TT,ts-route-service_disk/5,0,rcaeval::TT|ts-route-service_disk/5#0,alertcount,0.0
rcaeval,TT,rcaeval::TT,ts-route-service_disk/5,0,rcaeval::TT|ts-route-service_disk/5#0,baro,1.0
rcaeval,TT,rcaeval::TT,ts-route-service_disk/5,0,rcaeval::TT|ts-route-service_disk/5#0,cd1min,0.0
rcaeval,TT,rcaeval::TT,ts-route-service_disk/5,0,rcaeval::TT|ts-route-service_disk/5#0,z_family,1.0
rcaeval,TT,rcaeval::TT,ts-route-service_loss/1,0,rcaeval::TT|ts-route-service_loss/1#0,alertcount,0.0
rcaeval,TT,rcaeval::TT,ts-route-service_loss/1,0,rcaeval::TT|ts-route-service_loss/1#0,baro,0.0
rcaeval,TT,rcaeval::TT,ts-route-service_loss/1,0,rcaeval::TT|ts-route-service_loss/1#0,cd1min,1.0
rcaeval,TT,rcaeval::TT,ts-route-service_loss/1,0,rcaeval::TT|ts-route-service_loss/1#0,z_family,0.0
rcaeval,TT,rcaeval::TT,ts-route-service_loss/2,0,rcaeval::TT|ts-route-service_loss/2#0,alertcount,0.0
rcaeval,TT,rcaeval::TT,ts-route-service_loss/2,0,rcaeval::TT|ts-route-service_loss/2#0,baro,0.0
rcaeval,TT,rcaeval::TT,ts-route-service_loss/2,0,rcaeval::TT|ts-route-service_loss/2#0,cd1min,1.0
rcaeval,TT,rcaeval::TT,ts-route-service_loss/2,0,rcaeval::TT|ts-route-service_loss/2#0,z_family,0.0
rcaeval,TT,rcaeval::TT,ts-route-service_loss/3,0,rcaeval::TT|ts-route-service_loss/3#0,alertcount,0.0
rcaeval,TT,rcaeval::TT,ts-route-service_loss/3,0,rcaeval::TT|ts-route-service_loss/3#0,baro,0.0
rcaeval,TT,rcaeval::TT,ts-route-service_loss/3,0,rcaeval::TT|ts-route-service_loss/3#0,cd1min,1.0
rcaeval,TT,rcaeval::TT,ts-route-service_loss/3,0,rcaeval::TT|ts-route-service_loss/3#0,z_family,0.0
rcaeval,TT,rcaeval::TT,ts-route-service_loss/4,0,rcaeval::TT|ts-route-service_loss/4#0,alertcount,0.0
rcaeval,TT,rcaeval::TT,ts-route-service_loss/4,0,rcaeval::TT|ts-route-service_loss/4#0,baro,0.0
rcaeval,TT,rcaeval::TT,ts-route-service_loss/4,0,rcaeval::TT|ts-route-service_loss/4#0,cd1min,1.0
rcaeval,TT,rcaeval::TT,ts-route-service_loss/4,0,rcaeval::TT|ts-route-service_loss/4#0,z_family,0.0
rcaeval,TT,rcaeval::TT,ts-route-service_loss/5,0,rcaeval::TT|ts-route-service_loss/5#0,alertcount,0.0
rcaeval,TT,rcaeval::TT,ts-route-service_loss/5,0,rcaeval::TT|ts-route-service_loss/5#0,baro,0.0
rcaeval,TT,rcaeval::TT,ts-route-service_loss/5,0,rcaeval::TT|ts-route-service_loss/5#0,cd1min,1.0
rcaeval,TT,rcaeval::TT,ts-route-service_loss/5,0,rcaeval::TT|ts-route-service_loss/5#0,z_family,0.0
rcaeval,TT,rcaeval::TT,ts-route-service_mem/1,0,rcaeval::TT|ts-route-service_mem/1#0,alertcount,0.0
rcaeval,TT,rcaeval::TT,ts-route-service_mem/1,0,rcaeval::TT|ts-route-service_mem/1#0,baro,1.0
rcaeval,TT,rcaeval::TT,ts-route-service_mem/1,0,rcaeval::TT|ts-route-service_mem/1#0,cd1min,1.0
rcaeval,TT,rcaeval::TT,ts-route-service_mem/1,0,rcaeval::TT|ts-route-service_mem/1#0,z_family,1.0
rcaeval,TT,rcaeval::TT,ts-route-service_mem/2,0,rcaeval::TT|ts-route-service_mem/2#0,alertcount,0.0
rcaeval,TT,rcaeval::TT,ts-route-service_mem/2,0,rcaeval::TT|ts-route-service_mem/2#0,baro,1.0
rcaeval,TT,rcaeval::TT,ts-route-service_mem/2,0,rcaeval::TT|ts-route-service_mem/2#0,cd1min,1.0
rcaeval,TT,rcaeval::TT,ts-route-service_mem/2,0,rcaeval::TT|ts-route-service_mem/2#0,z_family,1.0
rcaeval,TT,rcaeval::TT,ts-route-service_mem/3,0,rcaeval::TT|ts-route-service_mem/3#0,alertcount,0.0
rcaeval,TT,rcaeval::TT,ts-route-service_mem/3,0,rcaeval::TT|ts-route-service_mem/3#0,baro,1.0
rcaeval,TT,rcaeval::TT,ts-route-service_mem/3,0,rcaeval::TT|ts-route-service_mem/3#0,cd1min,0.0
rcaeval,TT,rcaeval::TT,ts-route-service_mem/3,0,rcaeval::TT|ts-route-service_mem/3#0,z_family,1.0
rcaeval,TT,rcaeval::TT,ts-route-service_mem/4,0,rcaeval::TT|ts-route-service_mem/4#0,alertcount,0.0
rcaeval,TT,rcaeval::TT,ts-route-service_mem/4,0,rcaeval::TT|ts-route-service_mem/4#0,baro,0.0
rcaeval,TT,rcaeval::TT,ts-route-service_mem/4,0,rcaeval::TT|ts-route-service_mem/4#0,cd1min,0.0
rcaeval,TT,rcaeval::TT,ts-route-service_mem/4,0,rcaeval::TT|ts-route-service_mem/4#0,z_family,1.0
rcaeval,TT,rcaeval::TT,ts-route-service_mem/5,0,rcaeval::TT|ts-route-service_mem/5#0,alertcount,0.0
rcaeval,TT,rcaeval::TT,ts-route-service_mem/5,0,rcaeval::TT|ts-route-service_mem/5#0,baro,1.0
rcaeval,TT,rcaeval::TT,ts-route-service_mem/5,0,rcaeval::TT|ts-route-service_mem/5#0,cd1min,1.0
rcaeval,TT,rcaeval::TT,ts-route-service_mem/5,0,rcaeval::TT|ts-route-service_mem/5#0,z_family,0.0
rcaeval,TT,rcaeval::TT,ts-train-service_cpu/1,0,rcaeval::TT|ts-train-service_cpu/1#0,alertcount,0.0
rcaeval,TT,rcaeval::TT,ts-train-service_cpu/1,0,rcaeval::TT|ts-train-service_cpu/1#0,baro,1.0
rcaeval,TT,rcaeval::TT,ts-train-service_cpu/1,0,rcaeval::TT|ts-train-service_cpu/1#0,cd1min,0.0
rcaeval,TT,rcaeval::TT,ts-train-service_cpu/1,0,rcaeval::TT|ts-train-service_cpu/1#0,z_family,1.0
rcaeval,TT,rcaeval::TT,ts-train-service_cpu/2,0,rcaeval::TT|ts-train-service_cpu/2#0,alertcount,0.0
rcaeval,TT,rcaeval::TT,ts-train-service_cpu/2,0,rcaeval::TT|ts-train-service_cpu/2#0,baro,1.0
rcaeval,TT,rcaeval::TT,ts-train-service_cpu/2,0,rcaeval::TT|ts-train-service_cpu/2#0,cd1min,0.0
rcaeval,TT,rcaeval::TT,ts-train-service_cpu/2,0,rcaeval::TT|ts-train-service_cpu/2#0,z_family,1.0
rcaeval,TT,rcaeval::TT,ts-train-service_cpu/3,0,rcaeval::TT|ts-train-service_cpu/3#0,alertcount,0.0
rcaeval,TT,rcaeval::TT,ts-train-service_cpu/3,0,rcaeval::TT|ts-train-service_cpu/3#0,baro,0.0
rcaeval,TT,rcaeval::TT,ts-train-service_cpu/3,0,rcaeval::TT|ts-train-service_cpu/3#0,cd1min,0.0
rcaeval,TT,rcaeval::TT,ts-train-service_cpu/3,0,rcaeval::TT|ts-train-service_cpu/3#0,z_family,1.0
rcaeval,TT,rcaeval::TT,ts-train-service_cpu/4,0,rcaeval::TT|ts-train-service_cpu/4#0,alertcount,0.0
rcaeval,TT,rcaeval::TT,ts-train-service_cpu/4,0,rcaeval::TT|ts-train-service_cpu/4#0,baro,1.0
rcaeval,TT,rcaeval::TT,ts-train-service_cpu/4,0,rcaeval::TT|ts-train-service_cpu/4#0,cd1min,1.0
rcaeval,TT,rcaeval::TT,ts-train-service_cpu/4,0,rcaeval::TT|ts-train-service_cpu/4#0,z_family,0.0
rcaeval,TT,rcaeval::TT,ts-train-service_cpu/5,0,rcaeval::TT|ts-train-service_cpu/5#0,alertcount,0.0
rcaeval,TT,rcaeval::TT,ts-train-service_cpu/5,0,rcaeval::TT|ts-train-service_cpu/5#0,baro,1.0
rcaeval,TT,rcaeval::TT,ts-train-service_cpu/5,0,rcaeval::TT|ts-train-service_cpu/5#0,cd1min,0.0
rcaeval,TT,rcaeval::TT,ts-train-service_cpu/5,0,rcaeval::TT|ts-train-service_cpu/5#0,z_family,1.0
rcaeval,TT,rcaeval::TT,ts-train-service_delay/1,0,rcaeval::TT|ts-train-service_delay/1#0,alertcount,0.0
rcaeval,TT,rcaeval::TT,ts-train-service_delay/1,0,rcaeval::TT|ts-train-service_delay/1#0,baro,1.0
rcaeval,TT,rcaeval::TT,ts-train-service_delay/1,0,rcaeval::TT|ts-train-service_delay/1#0,cd1min,1.0
rcaeval,TT,rcaeval::TT,ts-train-service_delay/1,0,rcaeval::TT|ts-train-service_delay/1#0,z_family,0.0
rcaeval,TT,rcaeval::TT,ts-train-service_delay/2,0,rcaeval::TT|ts-train-service_delay/2#0,alertcount,0.0
rcaeval,TT,rcaeval::TT,ts-train-service_delay/2,0,rcaeval::TT|ts-train-service_delay/2#0,baro,1.0
rcaeval,TT,rcaeval::TT,ts-train-service_delay/2,0,rcaeval::TT|ts-train-service_delay/2#0,cd1min,1.0
rcaeval,TT,rcaeval::TT,ts-train-service_delay/2,0,rcaeval::TT|ts-train-service_delay/2#0,z_family,0.0
rcaeval,TT,rcaeval::TT,ts-train-service_delay/3,0,rcaeval::TT|ts-train-service_delay/3#0,alertcount,0.0
rcaeval,TT,rcaeval::TT,ts-train-service_delay/3,0,rcaeval::TT|ts-train-service_delay/3#0,baro,1.0
rcaeval,TT,rcaeval::TT,ts-train-service_delay/3,0,rcaeval::TT|ts-train-service_delay/3#0,cd1min,0.0
rcaeval,TT,rcaeval::TT,ts-train-service_delay/3,0,rcaeval::TT|ts-train-service_delay/3#0,z_family,1.0
rcaeval,TT,rcaeval::TT,ts-train-service_delay/4,0,rcaeval::TT|ts-train-service_delay/4#0,alertcount,0.0
rcaeval,TT,rcaeval::TT,ts-train-service_delay/4,0,rcaeval::TT|ts-train-service_delay/4#0,baro,0.0
rcaeval,TT,rcaeval::TT,ts-train-service_delay/4,0,rcaeval::TT|ts-train-service_delay/4#0,cd1min,0.0
rcaeval,TT,rcaeval::TT,ts-train-service_delay/4,0,rcaeval::TT|ts-train-service_delay/4#0,z_family,0.0
rcaeval,TT,rcaeval::TT,ts-train-service_delay/5,0,rcaeval::TT|ts-train-service_delay/5#0,alertcount,0.0
rcaeval,TT,rcaeval::TT,ts-train-service_delay/5,0,rcaeval::TT|ts-train-service_delay/5#0,baro,0.0
rcaeval,TT,rcaeval::TT,ts-train-service_delay/5,0,rcaeval::TT|ts-train-service_delay/5#0,cd1min,1.0
rcaeval,TT,rcaeval::TT,ts-train-service_delay/5,0,rcaeval::TT|ts-train-service_delay/5#0,z_family,0.0
rcaeval,TT,rcaeval::TT,ts-train-service_disk/1,0,rcaeval::TT|ts-train-service_disk/1#0,alertcount,0.0
rcaeval,TT,rcaeval::TT,ts-train-service_disk/1,0,rcaeval::TT|ts-train-service_disk/1#0,baro,1.0
rcaeval,TT,rcaeval::TT,ts-train-service_disk/1,0,rcaeval::TT|ts-train-service_disk/1#0,cd1min,0.0
rcaeval,TT,rcaeval::TT,ts-train-service_disk/1,0,rcaeval::TT|ts-train-service_disk/1#0,z_family,0.0
rcaeval,TT,rcaeval::TT,ts-train-service_disk/2,0,rcaeval::TT|ts-train-service_disk/2#0,alertcount,0.0
rcaeval,TT,rcaeval::TT,ts-train-service_disk/2,0,rcaeval::TT|ts-train-service_disk/2#0,baro,0.0
rcaeval,TT,rcaeval::TT,ts-train-service_disk/2,0,rcaeval::TT|ts-train-service_disk/2#0,cd1min,0.0
rcaeval,TT,rcaeval::TT,ts-train-service_disk/2,0,rcaeval::TT|ts-train-service_disk/2#0,z_family,0.0
rcaeval,TT,rcaeval::TT,ts-train-service_disk/3,0,rcaeval::TT|ts-train-service_disk/3#0,alertcount,0.0
rcaeval,TT,rcaeval::TT,ts-train-service_disk/3,0,rcaeval::TT|ts-train-service_disk/3#0,baro,1.0
rcaeval,TT,rcaeval::TT,ts-train-service_disk/3,0,rcaeval::TT|ts-train-service_disk/3#0,cd1min,0.0
rcaeval,TT,rcaeval::TT,ts-train-service_disk/3,0,rcaeval::TT|ts-train-service_disk/3#0,z_family,1.0
rcaeval,TT,rcaeval::TT,ts-train-service_disk/4,0,rcaeval::TT|ts-train-service_disk/4#0,alertcount,0.0
rcaeval,TT,rcaeval::TT,ts-train-service_disk/4,0,rcaeval::TT|ts-train-service_disk/4#0,baro,1.0
rcaeval,TT,rcaeval::TT,ts-train-service_disk/4,0,rcaeval::TT|ts-train-service_disk/4#0,cd1min,0.0
rcaeval,TT,rcaeval::TT,ts-train-service_disk/4,0,rcaeval::TT|ts-train-service_disk/4#0,z_family,0.0
rcaeval,TT,rcaeval::TT,ts-train-service_disk/5,0,rcaeval::TT|ts-train-service_disk/5#0,alertcount,0.0
rcaeval,TT,rcaeval::TT,ts-train-service_disk/5,0,rcaeval::TT|ts-train-service_disk/5#0,baro,1.0
rcaeval,TT,rcaeval::TT,ts-train-service_disk/5,0,rcaeval::TT|ts-train-service_disk/5#0,cd1min,0.0
rcaeval,TT,rcaeval::TT,ts-train-service_disk/5,0,rcaeval::TT|ts-train-service_disk/5#0,z_family,0.0
rcaeval,TT,rcaeval::TT,ts-train-service_loss/1,0,rcaeval::TT|ts-train-service_loss/1#0,alertcount,0.0
rcaeval,TT,rcaeval::TT,ts-train-service_loss/1,0,rcaeval::TT|ts-train-service_loss/1#0,baro,0.0
rcaeval,TT,rcaeval::TT,ts-train-service_loss/1,0,rcaeval::TT|ts-train-service_loss/1#0,cd1min,1.0
rcaeval,TT,rcaeval::TT,ts-train-service_loss/1,0,rcaeval::TT|ts-train-service_loss/1#0,z_family,1.0
rcaeval,TT,rcaeval::TT,ts-train-service_loss/2,0,rcaeval::TT|ts-train-service_loss/2#0,alertcount,0.0
rcaeval,TT,rcaeval::TT,ts-train-service_loss/2,0,rcaeval::TT|ts-train-service_loss/2#0,baro,1.0
rcaeval,TT,rcaeval::TT,ts-train-service_loss/2,0,rcaeval::TT|ts-train-service_loss/2#0,cd1min,1.0
rcaeval,TT,rcaeval::TT,ts-train-service_loss/2,0,rcaeval::TT|ts-train-service_loss/2#0,z_family,1.0
rcaeval,TT,rcaeval::TT,ts-train-service_loss/3,0,rcaeval::TT|ts-train-service_loss/3#0,alertcount,0.0
rcaeval,TT,rcaeval::TT,ts-train-service_loss/3,0,rcaeval::TT|ts-train-service_loss/3#0,baro,1.0
rcaeval,TT,rcaeval::TT,ts-train-service_loss/3,0,rcaeval::TT|ts-train-service_loss/3#0,cd1min,1.0
rcaeval,TT,rcaeval::TT,ts-train-service_loss/3,0,rcaeval::TT|ts-train-service_loss/3#0,z_family,1.0
rcaeval,TT,rcaeval::TT,ts-train-service_loss/4,0,rcaeval::TT|ts-train-service_loss/4#0,alertcount,0.0
rcaeval,TT,rcaeval::TT,ts-train-service_loss/4,0,rcaeval::TT|ts-train-service_loss/4#0,baro,1.0
rcaeval,TT,rcaeval::TT,ts-train-service_loss/4,0,rcaeval::TT|ts-train-service_loss/4#0,cd1min,1.0
rcaeval,TT,rcaeval::TT,ts-train-service_loss/4,0,rcaeval::TT|ts-train-service_loss/4#0,z_family,1.0
rcaeval,TT,rcaeval::TT,ts-train-service_loss/5,0,rcaeval::TT|ts-train-service_loss/5#0,alertcount,0.0
rcaeval,TT,rcaeval::TT,ts-train-service_loss/5,0,rcaeval::TT|ts-train-service_loss/5#0,baro,0.0
rcaeval,TT,rcaeval::TT,ts-train-service_loss/5,0,rcaeval::TT|ts-train-service_loss/5#0,cd1min,1.0
rcaeval,TT,rcaeval::TT,ts-train-service_loss/5,0,rcaeval::TT|ts-train-service_loss/5#0,z_family,0.0
rcaeval,TT,rcaeval::TT,ts-train-service_mem/1,0,rcaeval::TT|ts-train-service_mem/1#0,alertcount,0.0
rcaeval,TT,rcaeval::TT,ts-train-service_mem/1,0,rcaeval::TT|ts-train-service_mem/1#0,baro,1.0
rcaeval,TT,rcaeval::TT,ts-train-service_mem/1,0,rcaeval::TT|ts-train-service_mem/1#0,cd1min,0.0
rcaeval,TT,rcaeval::TT,ts-train-service_mem/1,0,rcaeval::TT|ts-train-service_mem/1#0,z_family,1.0
rcaeval,TT,rcaeval::TT,ts-train-service_mem/2,0,rcaeval::TT|ts-train-service_mem/2#0,alertcount,0.0
rcaeval,TT,rcaeval::TT,ts-train-service_mem/2,0,rcaeval::TT|ts-train-service_mem/2#0,baro,1.0
rcaeval,TT,rcaeval::TT,ts-train-service_mem/2,0,rcaeval::TT|ts-train-service_mem/2#0,cd1min,0.0
rcaeval,TT,rcaeval::TT,ts-train-service_mem/2,0,rcaeval::TT|ts-train-service_mem/2#0,z_family,0.0
rcaeval,TT,rcaeval::TT,ts-train-service_mem/3,0,rcaeval::TT|ts-train-service_mem/3#0,alertcount,0.0
rcaeval,TT,rcaeval::TT,ts-train-service_mem/3,0,rcaeval::TT|ts-train-service_mem/3#0,baro,1.0
rcaeval,TT,rcaeval::TT,ts-train-service_mem/3,0,rcaeval::TT|ts-train-service_mem/3#0,cd1min,0.0
rcaeval,TT,rcaeval::TT,ts-train-service_mem/3,0,rcaeval::TT|ts-train-service_mem/3#0,z_family,1.0
rcaeval,TT,rcaeval::TT,ts-train-service_mem/4,0,rcaeval::TT|ts-train-service_mem/4#0,alertcount,0.0
rcaeval,TT,rcaeval::TT,ts-train-service_mem/4,0,rcaeval::TT|ts-train-service_mem/4#0,baro,1.0
rcaeval,TT,rcaeval::TT,ts-train-service_mem/4,0,rcaeval::TT|ts-train-service_mem/4#0,cd1min,0.0
rcaeval,TT,rcaeval::TT,ts-train-service_mem/4,0,rcaeval::TT|ts-train-service_mem/4#0,z_family,1.0
rcaeval,TT,rcaeval::TT,ts-train-service_mem/5,0,rcaeval::TT|ts-train-service_mem/5#0,alertcount,0.0
rcaeval,TT,rcaeval::TT,ts-train-service_mem/5,0,rcaeval::TT|ts-train-service_mem/5#0,baro,1.0
rcaeval,TT,rcaeval::TT,ts-train-service_mem/5,0,rcaeval::TT|ts-train-service_mem/5#0,cd1min,1.0
rcaeval,TT,rcaeval::TT,ts-train-service_mem/5,0,rcaeval::TT|ts-train-service_mem/5#0,z_family,1.0
rcaeval,TT,rcaeval::TT,ts-travel-service_cpu/1,0,rcaeval::TT|ts-travel-service_cpu/1#0,alertcount,0.0
rcaeval,TT,rcaeval::TT,ts-travel-service_cpu/1,0,rcaeval::TT|ts-travel-service_cpu/1#0,baro,0.0
rcaeval,TT,rcaeval::TT,ts-travel-service_cpu/1,0,rcaeval::TT|ts-travel-service_cpu/1#0,cd1min,0.0
rcaeval,TT,rcaeval::TT,ts-travel-service_cpu/1,0,rcaeval::TT|ts-travel-service_cpu/1#0,z_family,0.0
rcaeval,TT,rcaeval::TT,ts-travel-service_cpu/2,0,rcaeval::TT|ts-travel-service_cpu/2#0,alertcount,0.0
rcaeval,TT,rcaeval::TT,ts-travel-service_cpu/2,0,rcaeval::TT|ts-travel-service_cpu/2#0,baro,1.0
rcaeval,TT,rcaeval::TT,ts-travel-service_cpu/2,0,rcaeval::TT|ts-travel-service_cpu/2#0,cd1min,0.0
rcaeval,TT,rcaeval::TT,ts-travel-service_cpu/2,0,rcaeval::TT|ts-travel-service_cpu/2#0,z_family,0.0
rcaeval,TT,rcaeval::TT,ts-travel-service_cpu/3,0,rcaeval::TT|ts-travel-service_cpu/3#0,alertcount,0.0
rcaeval,TT,rcaeval::TT,ts-travel-service_cpu/3,0,rcaeval::TT|ts-travel-service_cpu/3#0,baro,1.0
rcaeval,TT,rcaeval::TT,ts-travel-service_cpu/3,0,rcaeval::TT|ts-travel-service_cpu/3#0,cd1min,0.0
rcaeval,TT,rcaeval::TT,ts-travel-service_cpu/3,0,rcaeval::TT|ts-travel-service_cpu/3#0,z_family,0.0
rcaeval,TT,rcaeval::TT,ts-travel-service_cpu/4,0,rcaeval::TT|ts-travel-service_cpu/4#0,alertcount,0.0
rcaeval,TT,rcaeval::TT,ts-travel-service_cpu/4,0,rcaeval::TT|ts-travel-service_cpu/4#0,baro,1.0
rcaeval,TT,rcaeval::TT,ts-travel-service_cpu/4,0,rcaeval::TT|ts-travel-service_cpu/4#0,cd1min,1.0
rcaeval,TT,rcaeval::TT,ts-travel-service_cpu/4,0,rcaeval::TT|ts-travel-service_cpu/4#0,z_family,1.0
rcaeval,TT,rcaeval::TT,ts-travel-service_cpu/5,0,rcaeval::TT|ts-travel-service_cpu/5#0,alertcount,0.0
rcaeval,TT,rcaeval::TT,ts-travel-service_cpu/5,0,rcaeval::TT|ts-travel-service_cpu/5#0,baro,0.0
rcaeval,TT,rcaeval::TT,ts-travel-service_cpu/5,0,rcaeval::TT|ts-travel-service_cpu/5#0,cd1min,0.0
rcaeval,TT,rcaeval::TT,ts-travel-service_cpu/5,0,rcaeval::TT|ts-travel-service_cpu/5#0,z_family,0.0
rcaeval,TT,rcaeval::TT,ts-travel-service_delay/1,0,rcaeval::TT|ts-travel-service_delay/1#0,alertcount,0.0
rcaeval,TT,rcaeval::TT,ts-travel-service_delay/1,0,rcaeval::TT|ts-travel-service_delay/1#0,baro,0.0
rcaeval,TT,rcaeval::TT,ts-travel-service_delay/1,0,rcaeval::TT|ts-travel-service_delay/1#0,cd1min,1.0
rcaeval,TT,rcaeval::TT,ts-travel-service_delay/1,0,rcaeval::TT|ts-travel-service_delay/1#0,z_family,0.0
rcaeval,TT,rcaeval::TT,ts-travel-service_delay/2,0,rcaeval::TT|ts-travel-service_delay/2#0,alertcount,0.0
rcaeval,TT,rcaeval::TT,ts-travel-service_delay/2,0,rcaeval::TT|ts-travel-service_delay/2#0,baro,0.0
rcaeval,TT,rcaeval::TT,ts-travel-service_delay/2,0,rcaeval::TT|ts-travel-service_delay/2#0,cd1min,0.0
rcaeval,TT,rcaeval::TT,ts-travel-service_delay/2,0,rcaeval::TT|ts-travel-service_delay/2#0,z_family,0.0
rcaeval,TT,rcaeval::TT,ts-travel-service_delay/3,0,rcaeval::TT|ts-travel-service_delay/3#0,alertcount,0.0
rcaeval,TT,rcaeval::TT,ts-travel-service_delay/3,0,rcaeval::TT|ts-travel-service_delay/3#0,baro,1.0
rcaeval,TT,rcaeval::TT,ts-travel-service_delay/3,0,rcaeval::TT|ts-travel-service_delay/3#0,cd1min,0.0
rcaeval,TT,rcaeval::TT,ts-travel-service_delay/3,0,rcaeval::TT|ts-travel-service_delay/3#0,z_family,1.0
rcaeval,TT,rcaeval::TT,ts-travel-service_delay/4,0,rcaeval::TT|ts-travel-service_delay/4#0,alertcount,0.0
rcaeval,TT,rcaeval::TT,ts-travel-service_delay/4,0,rcaeval::TT|ts-travel-service_delay/4#0,baro,1.0
rcaeval,TT,rcaeval::TT,ts-travel-service_delay/4,0,rcaeval::TT|ts-travel-service_delay/4#0,cd1min,0.0
rcaeval,TT,rcaeval::TT,ts-travel-service_delay/4,0,rcaeval::TT|ts-travel-service_delay/4#0,z_family,1.0
rcaeval,TT,rcaeval::TT,ts-travel-service_delay/5,0,rcaeval::TT|ts-travel-service_delay/5#0,alertcount,0.0
rcaeval,TT,rcaeval::TT,ts-travel-service_delay/5,0,rcaeval::TT|ts-travel-service_delay/5#0,baro,0.0
rcaeval,TT,rcaeval::TT,ts-travel-service_delay/5,0,rcaeval::TT|ts-travel-service_delay/5#0,cd1min,0.0
rcaeval,TT,rcaeval::TT,ts-travel-service_delay/5,0,rcaeval::TT|ts-travel-service_delay/5#0,z_family,0.0
rcaeval,TT,rcaeval::TT,ts-travel-service_disk/1,0,rcaeval::TT|ts-travel-service_disk/1#0,alertcount,0.0
rcaeval,TT,rcaeval::TT,ts-travel-service_disk/1,0,rcaeval::TT|ts-travel-service_disk/1#0,baro,1.0
rcaeval,TT,rcaeval::TT,ts-travel-service_disk/1,0,rcaeval::TT|ts-travel-service_disk/1#0,cd1min,0.0
rcaeval,TT,rcaeval::TT,ts-travel-service_disk/1,0,rcaeval::TT|ts-travel-service_disk/1#0,z_family,1.0
rcaeval,TT,rcaeval::TT,ts-travel-service_disk/2,0,rcaeval::TT|ts-travel-service_disk/2#0,alertcount,0.0
rcaeval,TT,rcaeval::TT,ts-travel-service_disk/2,0,rcaeval::TT|ts-travel-service_disk/2#0,baro,1.0
rcaeval,TT,rcaeval::TT,ts-travel-service_disk/2,0,rcaeval::TT|ts-travel-service_disk/2#0,cd1min,0.0
rcaeval,TT,rcaeval::TT,ts-travel-service_disk/2,0,rcaeval::TT|ts-travel-service_disk/2#0,z_family,1.0
rcaeval,TT,rcaeval::TT,ts-travel-service_disk/3,0,rcaeval::TT|ts-travel-service_disk/3#0,alertcount,0.0
rcaeval,TT,rcaeval::TT,ts-travel-service_disk/3,0,rcaeval::TT|ts-travel-service_disk/3#0,baro,1.0
rcaeval,TT,rcaeval::TT,ts-travel-service_disk/3,0,rcaeval::TT|ts-travel-service_disk/3#0,cd1min,0.0
rcaeval,TT,rcaeval::TT,ts-travel-service_disk/3,0,rcaeval::TT|ts-travel-service_disk/3#0,z_family,0.0
rcaeval,TT,rcaeval::TT,ts-travel-service_disk/4,0,rcaeval::TT|ts-travel-service_disk/4#0,alertcount,0.0
rcaeval,TT,rcaeval::TT,ts-travel-service_disk/4,0,rcaeval::TT|ts-travel-service_disk/4#0,baro,1.0
rcaeval,TT,rcaeval::TT,ts-travel-service_disk/4,0,rcaeval::TT|ts-travel-service_disk/4#0,cd1min,0.0
rcaeval,TT,rcaeval::TT,ts-travel-service_disk/4,0,rcaeval::TT|ts-travel-service_disk/4#0,z_family,1.0
rcaeval,TT,rcaeval::TT,ts-travel-service_disk/5,0,rcaeval::TT|ts-travel-service_disk/5#0,alertcount,0.0
rcaeval,TT,rcaeval::TT,ts-travel-service_disk/5,0,rcaeval::TT|ts-travel-service_disk/5#0,baro,0.0
rcaeval,TT,rcaeval::TT,ts-travel-service_disk/5,0,rcaeval::TT|ts-travel-service_disk/5#0,cd1min,0.0
rcaeval,TT,rcaeval::TT,ts-travel-service_disk/5,0,rcaeval::TT|ts-travel-service_disk/5#0,z_family,0.0
rcaeval,TT,rcaeval::TT,ts-travel-service_loss/1,0,rcaeval::TT|ts-travel-service_loss/1#0,alertcount,0.0
rcaeval,TT,rcaeval::TT,ts-travel-service_loss/1,0,rcaeval::TT|ts-travel-service_loss/1#0,baro,0.0
rcaeval,TT,rcaeval::TT,ts-travel-service_loss/1,0,rcaeval::TT|ts-travel-service_loss/1#0,cd1min,0.0
rcaeval,TT,rcaeval::TT,ts-travel-service_loss/1,0,rcaeval::TT|ts-travel-service_loss/1#0,z_family,0.0
rcaeval,TT,rcaeval::TT,ts-travel-service_loss/2,0,rcaeval::TT|ts-travel-service_loss/2#0,alertcount,0.0
rcaeval,TT,rcaeval::TT,ts-travel-service_loss/2,0,rcaeval::TT|ts-travel-service_loss/2#0,baro,0.0
rcaeval,TT,rcaeval::TT,ts-travel-service_loss/2,0,rcaeval::TT|ts-travel-service_loss/2#0,cd1min,0.0
rcaeval,TT,rcaeval::TT,ts-travel-service_loss/2,0,rcaeval::TT|ts-travel-service_loss/2#0,z_family,0.0
rcaeval,TT,rcaeval::TT,ts-travel-service_loss/3,0,rcaeval::TT|ts-travel-service_loss/3#0,alertcount,0.0
rcaeval,TT,rcaeval::TT,ts-travel-service_loss/3,0,rcaeval::TT|ts-travel-service_loss/3#0,baro,1.0
rcaeval,TT,rcaeval::TT,ts-travel-service_loss/3,0,rcaeval::TT|ts-travel-service_loss/3#0,cd1min,0.0
rcaeval,TT,rcaeval::TT,ts-travel-service_loss/3,0,rcaeval::TT|ts-travel-service_loss/3#0,z_family,1.0
rcaeval,TT,rcaeval::TT,ts-travel-service_loss/4,0,rcaeval::TT|ts-travel-service_loss/4#0,alertcount,0.0
rcaeval,TT,rcaeval::TT,ts-travel-service_loss/4,0,rcaeval::TT|ts-travel-service_loss/4#0,baro,1.0
rcaeval,TT,rcaeval::TT,ts-travel-service_loss/4,0,rcaeval::TT|ts-travel-service_loss/4#0,cd1min,0.0
rcaeval,TT,rcaeval::TT,ts-travel-service_loss/4,0,rcaeval::TT|ts-travel-service_loss/4#0,z_family,1.0
rcaeval,TT,rcaeval::TT,ts-travel-service_loss/5,0,rcaeval::TT|ts-travel-service_loss/5#0,alertcount,0.0
rcaeval,TT,rcaeval::TT,ts-travel-service_loss/5,0,rcaeval::TT|ts-travel-service_loss/5#0,baro,0.0
rcaeval,TT,rcaeval::TT,ts-travel-service_loss/5,0,rcaeval::TT|ts-travel-service_loss/5#0,cd1min,0.0
rcaeval,TT,rcaeval::TT,ts-travel-service_loss/5,0,rcaeval::TT|ts-travel-service_loss/5#0,z_family,1.0
rcaeval,TT,rcaeval::TT,ts-travel-service_mem/1,0,rcaeval::TT|ts-travel-service_mem/1#0,alertcount,0.0
rcaeval,TT,rcaeval::TT,ts-travel-service_mem/1,0,rcaeval::TT|ts-travel-service_mem/1#0,baro,0.0
rcaeval,TT,rcaeval::TT,ts-travel-service_mem/1,0,rcaeval::TT|ts-travel-service_mem/1#0,cd1min,0.0
rcaeval,TT,rcaeval::TT,ts-travel-service_mem/1,0,rcaeval::TT|ts-travel-service_mem/1#0,z_family,1.0
rcaeval,TT,rcaeval::TT,ts-travel-service_mem/2,0,rcaeval::TT|ts-travel-service_mem/2#0,alertcount,0.0
rcaeval,TT,rcaeval::TT,ts-travel-service_mem/2,0,rcaeval::TT|ts-travel-service_mem/2#0,baro,1.0
rcaeval,TT,rcaeval::TT,ts-travel-service_mem/2,0,rcaeval::TT|ts-travel-service_mem/2#0,cd1min,0.0
rcaeval,TT,rcaeval::TT,ts-travel-service_mem/2,0,rcaeval::TT|ts-travel-service_mem/2#0,z_family,1.0
rcaeval,TT,rcaeval::TT,ts-travel-service_mem/3,0,rcaeval::TT|ts-travel-service_mem/3#0,alertcount,0.0
rcaeval,TT,rcaeval::TT,ts-travel-service_mem/3,0,rcaeval::TT|ts-travel-service_mem/3#0,baro,1.0
rcaeval,TT,rcaeval::TT,ts-travel-service_mem/3,0,rcaeval::TT|ts-travel-service_mem/3#0,cd1min,0.0
rcaeval,TT,rcaeval::TT,ts-travel-service_mem/3,0,rcaeval::TT|ts-travel-service_mem/3#0,z_family,1.0
rcaeval,TT,rcaeval::TT,ts-travel-service_mem/4,0,rcaeval::TT|ts-travel-service_mem/4#0,alertcount,0.0
rcaeval,TT,rcaeval::TT,ts-travel-service_mem/4,0,rcaeval::TT|ts-travel-service_mem/4#0,baro,1.0
rcaeval,TT,rcaeval::TT,ts-travel-service_mem/4,0,rcaeval::TT|ts-travel-service_mem/4#0,cd1min,0.0
rcaeval,TT,rcaeval::TT,ts-travel-service_mem/4,0,rcaeval::TT|ts-travel-service_mem/4#0,z_family,1.0
rcaeval,TT,rcaeval::TT,ts-travel-service_mem/5,0,rcaeval::TT|ts-travel-service_mem/5#0,alertcount,0.0
rcaeval,TT,rcaeval::TT,ts-travel-service_mem/5,0,rcaeval::TT|ts-travel-service_mem/5#0,baro,1.0
rcaeval,TT,rcaeval::TT,ts-travel-service_mem/5,0,rcaeval::TT|ts-travel-service_mem/5#0,cd1min,0.0
rcaeval,TT,rcaeval::TT,ts-travel-service_mem/5,0,rcaeval::TT|ts-travel-service_mem/5#0,z_family,1.0
