family,layer,variant,a,b,k,pooled_cw,pooled_cw_lo,pooled_cw_hi,n_rev_cw,rev_cw,n_rev_ci_cw,rev_ci_cw,pooled_se,pooled_se_lo,pooled_se_hi,n_rev_se,rev_se,n_rev_ci_se,rev_ci_se,sd_sub_delta,n_pos,n_neg,lrt,lrt_df,lrt_p,wald,wald_df,wald_p,separation,re_delta,re_pi_lo,re_pi_hi,tau2,I2,pi_crosses_0,lrt_p_holm,wald_p_holm
RE1,L1,mean,baro,causalrca,3,0.4053333333333333,0.3573333333333333,0.45333333333333337,0,,0,,0.4053333333333333,0.3573333333333333,0.45333333333333337,0,,0,,0.27647302460336587,3,0,41.331295100863485,2,1.0593105281841986e-09,65.8445935786851,2,5.035332720759825e-15,False,,,,,,,9.533794753657787e-09,3.524732904531878e-14
RE1,L1,mean,baro,circa,3,0.14666666666666667,0.09599999999999999,0.2,0,,0,,0.14666666666666667,0.09599999999999999,0.2,0,,0,,0.0840317400351399,3,0,3.1746849522568255,2,0.20446826965924636,4.345544961080039,2,0.11386150010617992,False,,,,,,,0.20446826965924636,0.11386150010617992
RE1,L1,mean,baro,e_diagnosis,3,0.6559999999999999,0.608,0.704,0,,0,,0.6559999999999999,0.608,0.704,0,,0,,0.08313843876330605,3,0,8.025242469262594,2,0.018085925594937824,3633.5737883984016,2,0.0,True,,,,,,,0.05425777678481347,0.0
RE1,L1,mean,baro,rcd,3,0.37511111111111106,0.3191111111111111,0.4302222222222222,0,,0,,0.37511111111111106,0.3191111111111111,0.4302222222222222,0,,0,,0.15641161271655182,3,0,18.065070689707,2,0.00011945923854128626,24.339989086373436,2,5.1836840745188116e-06,False,,,,,,,0.0007167554312477176,2.0734736298075246e-05
RE1,L1,mean,causalrca,circa,3,-0.2586666666666666,-0.3084444444444444,-0.2071111111111111,0,,0,,-0.2586666666666666,-0.3084444444444444,-0.2071111111111111,0,,0,,0.24295953023771943,0,3,30.128157644519206,2,2.8691528974889025e-07,46.04708255916892,2,1.0023123196530331e-10,False,,,,,,,2.295322317991122e-06,6.013873917918199e-10
RE1,L1,mean,causalrca,e_diagnosis,3,0.25066666666666665,0.21066666666666664,0.2906666666666667,0,,0,,0.25066666666666665,0.21066666666666664,0.2906666666666667,0,,0,,0.29332121187076354,3,0,46.46699507402536,2,8.124945161114283e-11,4005.557184272864,2,0.0,True,,,,,,,8.124945161114283e-10,0.0
RE1,L1,mean,causalrca,rcd,3,-0.030222222222222223,-0.07733333333333331,0.016888888888888884,2,RE1::OB;RE1::TT,0,,-0.030222222222222223,-0.07733333333333331,0.016888888888888884,2,RE1::OB;RE1::TT,0,,0.15913842099580175,2,1,16.24373632643244,2,0.000296973347211793,26.369732716071326,2,1.8788205255472774e-06,False,,,,,,,0.0014848667360589651,9.394102627736387e-06
RE1,L1,mean,circa,e_diagnosis,3,0.5093333333333334,0.46126666666666666,0.5599999999999999,0,,0,,0.5093333333333334,0.46126666666666666,0.5599999999999999,0,,0,,0.1620534891118773,3,0,10.924514529914404,2,0.004243965170794395,3920.444905363812,2,0.0,True,,,,,,,0.01697586068317758,0.0
RE1,L1,mean,circa,rcd,3,0.22844444444444442,0.1671111111111111,0.28624444444444413,0,,0,,0.22844444444444442,0.1671111111111111,0.28624444444444413,0,,0,,0.09254268284498862,3,0,7.101558484323277,2,0.028702264922742193,8.400374765369389,2,0.014992767172282477,False,,,,,,,0.05740452984548439,0.029985534344564954
RE1,L1,mean,e_diagnosis,rcd,3,-0.28088888888888885,-0.3288888888888889,-0.23377777777777778,0,,0,,-0.28088888888888885,-0.3288888888888889,-0.23377777777777778,0,,0,,0.21290512580159404,0,3,18.431251264089155,2,9.947286823441814e-05,13.20010558440583,2,0.0013602962226180678,True,,,,,,,0.000696310077640927,0.004080888667854204
RE1,L1,seed0,baro,causalrca,3,0.36266666666666664,0.30666666666666664,0.41866666666666663,0,,0,,0.36266666666666664,0.30666666666666664,0.41866666666666663,0,,0,,0.2500986472041249,3,0,32.56299446320804,2,8.492500780388212e-08,41.05274901111098,2,1.217611717344619e-09,False,,,,,,,5.095500468232927e-07,7.305670304067714e-09
RE1,L1,seed0,baro,rcd,3,0.3893333333333333,0.33326666666666666,0.4453333333333333,0,,0,,0.3893333333333333,0.33326666666666666,0.4453333333333333,0,,0,,0.15724291186992606,3,0,19.790365849663544,2,5.0416960339028094e-05,23.38978784802553,2,8.336276334148046e-06,False,,,,,,,0.00020166784135611238,3.3345105336592185e-05
RE1,L1,seed0,causalrca,circa,3,-0.21599999999999997,-0.2746666666666666,-0.1572666666666676,0,,0,,-0.21599999999999997,-0.2746666666666666,-0.1572666666666676,0,,0,,0.21211317733700563,0,3,21.778927462992442,2,1.8653743064644956e-05,26.22034550319638,2,2.024530468703246e-06,False,,,,,,,9.326871532322478e-05,1.012265234351623e-05
RE1,L1,seed0,causalrca,e_diagnosis,3,0.29333333333333333,0.24266666666666667,0.344,0,,0,,0.29333333333333333,0.24266666666666667,0.344,0,,0,,0.2735641302022861,3,0,39.10169870632615,2,3.22978799260909e-09,3097.908666822579,2,0.0,True,,,,,,,2.260851594826363e-08,0.0
RE1,L1,seed0,causalrca,rcd,3,0.026666666666666665,-0.029333333333333333,0.08266666666666667,1,RE1::SS,1,RE1::SS,0.026666666666666665,-0.029333333333333333,0.08266666666666667,1,RE1::SS,1,RE1::SS,0.1275826529483273,2,1,11.531838720832866,2,0.003132514130042785,13.248287226789637,2,0.0013279171546841239,False,,,,,,,0.00626502826008557,0.003983751464052372
RE1,L1,seed0,circa,rcd,3,0.24266666666666664,0.1813333333333333,0.304,0,,0,,0.24266666666666664,0.1813333333333333,0.304,0,,0,,0.0927218061371398,3,0,8.322144891023754,2,0.015590828636765974,8.84971611930047,2,0.01197591104517211,False,,,,,,,0.015590828636765974,0.01197591104517211
RE1,L1,seed0,e_diagnosis,rcd,3,-0.26666666666666666,-0.3173333333333333,-0.21866666666666665,0,,0,,-0.26666666666666666,-0.3173333333333333,-0.21866666666666665,0,,0,,0.21411523377222214,0,3,18.100719306079895,2,0.00011734882446723383,13.006234108037681,2,0.0014987601879431856,True,,,,,,,0.0003520464734017015,0.003983751464052372
RE1,L1,seed1,baro,causalrca,3,0.4053333333333333,0.34933333333333333,0.45866666666666667,0,,0,,0.4053333333333333,0.34933333333333333,0.45866666666666667,0,,0,,0.26800995006404765,3,0,40.517556257890874,2,1.5911988393568777e-09,47.14644120660839,2,5.784693744333128e-11,False,,,,,,,9.547193036141266e-09,3.4708162465998767e-10
RE1,L1,seed1,baro,rcd,3,0.37066666666666664,0.31199999999999994,0.4293333333333333,0,,0,,0.37066666666666664,0.31199999999999994,0.4293333333333333,0,,0,,0.17569670837364407,3,0,22.079259129938805,2,1.6052763139651205e-05,24.584586478985813,2,4.586959188983549e-06,False,,,,,,,4.8158289418953615e-05,1.4481087580633835e-05
RE1,L1,seed1,causalrca,circa,3,-0.25866666666666666,-0.31466666666666665,-0.20266666666666666,0,,0,,-0.25866666666666666,-0.31466666666666665,-0.20266666666666666,0,,0,,0.2541600545588023,0,3,33.821287771757625,2,4.526897645629191e-08,39.66164074189595,2,2.4410919654007283e-09,False,,,,,,,2.2634488228145955e-07,1.2205459827003642e-08
RE1,L1,seed1,causalrca,e_diagnosis,3,0.2506666666666667,0.2053333333333333,0.29866666666666664,0,,0,,0.2506666666666667,0.2053333333333333,0.29866666666666664,0,,0,,0.26657331699428083,3,0,49.03764726309714,2,2.2470358906900856e-11,3541.6196834575962,2,0.0,True,,,,,,,1.57292512348306e-10,0.0
RE1,L1,seed1,causalrca,rcd,3,-0.03466666666666667,-0.09066666666666667,0.02133333333333333,1,RE1::TT,1,RE1::TT,-0.03466666666666667,-0.09066666666666667,0.02133333333333333,1,RE1::TT,1,RE1::TT,0.18248652918320665,1,1,24.957763546522074,2,3.806190364996631e-06,25.057922851574702,2,3.620271895158459e-06,False,,,,,,,1.5224761459986524e-05,1.4481087580633835e-05
RE1,L1,seed1,circa,rcd,3,0.22399999999999998,0.16,0.2853333333333333,0,,0,,0.22399999999999998,0.16,0.2853333333333333,0,,0,,0.10998181667894016,3,0,9.850128710921126,2,0.007262258898759644,10.142729807659189,2,0.006273851090786729,False,,,,,,,0.007262258898759644,0.006273851090786729
RE1,L1,seed1,e_diagnosis,rcd,3,-0.2853333333333333,-0.33599999999999997,-0.2373333333333333,0,,0,,-0.2853333333333333,-0.33599999999999997,-0.2373333333333333,0,,0,,0.23135542641860238,0,3,20.138999116037667,2,4.235180325262711e-05,14.239130241833399,2,0.000809118543355442,True,,,,,,,8.470360650525421e-05,0.001618237086710884
RE1,L1,seed2,baro,causalrca,3,0.44799999999999995,0.3973333333333333,0.4986666666666666,0,,0,,0.44799999999999995,0.3973333333333333,0.4986666666666666,0,,0,,0.32209315422715834,3,0,64.68649349677673,2,8.992806499463768e-15,81.24151285420714,2,2.283650471957128e-18,False,,,,,,,6.294964549624638e-14,1.3701902831742768e-17
RE1,L1,seed2,baro,rcd,3,0.3653333333333333,0.30666666666666664,0.42399999999999993,0,,0,,0.3653333333333333,0.30666666666666664,0.42399999999999993,0,,0,,0.13631336447074197,3,0,13.338926707877931,2,0.0012690796148758787,16.511212943359368,2,0.0002597979169444451,False,,,,,,,0.0025381592297517575,0.0007793937508333354
RE1,L1,seed2,causalrca,circa,3,-0.3013333333333333,-0.352,-0.248,0,,0,,-0.3013333333333333,-0.352,-0.248,0,,0,,0.27624144028970987,0,3,48.46930332485931,2,2.98555624667074e-11,58.767826296043594,2,1.7327210963853249e-13,False,,,,,,,1.4927781233353699e-10,8.663605481926624e-13
RE1,L1,seed2,causalrca,e_diagnosis,3,0.208,0.16533333333333333,0.25066666666666665,1,RE1::SS,0,,0.208,0.16533333333333333,0.25066666666666665,1,RE1::SS,0,,0.3478850384825424,2,1,54.804996326527544,2,1.2567724638756772e-12,1316.3334676662823,2,1.4515076329844475e-286,True,,,,,,,7.540634783254063e-12,1.0160553430891133e-285
RE1,L1,seed2,causalrca,rcd,3,-0.08266666666666665,-0.136,-0.02933333333333333,1,RE1::OB,0,,-0.08266666666666665,-0.136,-0.02933333333333333,1,RE1::OB,0,,0.20021321967675693,1,2,28.257192117942736,2,7.311873926330037e-07,30.574681485609702,2,2.2950506389096665e-07,False,,,,,,,2.9247495705320148e-06,9.180202555638666e-07
RE1,L1,seed2,circa,rcd,3,0.21866666666666662,0.15466666666666667,0.2826666666666666,0,,0,,0.21866666666666662,0.15466666666666667,0.2826666666666666,0,,0,,0.07603507962337734,3,0,4.142894168122666,2,0.12600331232767203,4.313733294798801,2,0.11568704202290254,False,,,,,,,0.12600331232767203,0.11568704202290254
RE1,L1,seed2,e_diagnosis,rcd,3,-0.29066666666666663,-0.3413333333333333,-0.24266666666666664,0,,0,,-0.29066666666666663,-0.3413333333333333,-0.24266666666666664,0,,0,,0.19338390143270287,0,3,17.19025088750459,2,0.00018500541856902863,10.521589384450174,2,0.0051911776905141215,True,,,,,,,0.0005550162557070859,0.010382355381028243
RE1,L2,mean,alertcount,baro,3,-0.44266666666666665,-0.5013333333333333,-0.3813333333333333,0,,0,,-0.44266666666666665,-0.5013333333333333,-0.3813333333333333,0,,0,,0.08775724091682313,0,3,13.054229636628975,2,0.0014632214251698583,11.862641793048073,2,0.002654972727354022,False,,,,,,,0.019021878527208158,0.021239781818832175
RE1,L2,mean,alertcount,causalrca,3,-0.03733333333333332,-0.088,0.011555555555555583,1,RE1::SS,1,RE1::SS,-0.03733333333333332,-0.088,0.011555555555555583,1,RE1::SS,1,RE1::SS,0.2164932639444778,1,2,29.928009633667443,2,3.171139014712665e-07,38.1542379293776,2,5.186955272112704e-09,False,,,,,,,6.976505832367863e-06,9.336519489802868e-08
RE1,L2,mean,alertcount,cd1min,3,-0.3733333333333333,-0.43199999999999994,-0.31466666666666665,0,,0,,-0.3733333333333333,-0.43199999999999994,-0.31466666666666665,0,,0,,0.16323398338989753,0,3,12.981631468837463,2,0.0015173107804765662,11.814801473906243,2,0.0027192457444782164,False,,,,,,,0.019021878527208158,0.021239781818832175
RE1,L2,mean,alertcount,circa,3,-0.296,-0.35733333333333334,-0.23199999999999998,0,,0,,-0.296,-0.35733333333333334,-0.23199999999999998,0,,0,,0.027712812921102028,0,3,5.023970100231736,2,0.08110707772293546,4.582944826761249,2,0.10111746547948758,False,,,,,,,0.4055353886146773,0.5055873273974378
RE1,L2,mean,alertcount,e_diagnosis,3,0.21333333333333332,0.16533333333333333,0.2613333333333333,0,,0,,0.21333333333333332,0.16533333333333333,0.2613333333333333,0,,0,,0.15683537016034785,3,0,10.484405116693438,2,0.005288595557973563,1492.832121547995,2,0.0,True,,,,,,,0.05288595557973563,0.0
RE1,L2,mean,alertcount,max_z,3,-0.2853333333333333,-0.3466666666666667,-0.22133333333333333,0,,0,,-0.2853333333333333,-0.3466666666666667,-0.22133333333333333,0,,0,,0.1501643544032116,0,3,23.633928121368854,2,7.378323887308191e-06,21.80585969093846,2,1.8404233367913903e-05,False,,,,,,,0.00014018815385885564,0.00022085080041496684
RE1,L2,mean,alertcount,rcd,3,-0.06755555555555556,-0.12266666666666666,-0.012444444444444444,0,,0,,-0.06755555555555556,-0.12266666666666666,-0.012444444444444444,0,,0,,0.07206581354207751,0,3,2.579192872586759,2,0.2753818948061204,3.0667651585085633,2,0.21580445564784212,False,,,,,,,0.8261456844183612,0.6474133669435264
RE1,L2,mean,baro,causalrca,3,0.4053333333333333,0.3573333333333333,0.45333333333333337,0,,0,,0.4053333333333333,0.3573333333333333,0.45333333333333337,0,,0,,0.27647302460336587,3,0,41.331295100863485,2,1.0593105281841986e-09,65.8445935786851,2,5.035332720759825e-15,False,,,,,,,2.6482763204604964e-08,1.0574198713595633e-13
RE1,L2,mean,baro,cd1min,3,0.06933333333333334,0.016,0.12,1,RE1::SS,1,RE1::SS,0.06933333333333334,0.016,0.12,1,RE1::SS,1,RE1::SS,0.18767347530573772,2,1,19.52064946739506,2,5.7695883295294514e-05,24.412485119140083,2,4.99915050197353e-06,False,,,,,,,0.0010385258993153013,7.498725752960295e-05
RE1,L2,mean,baro,circa,3,0.14666666666666667,0.09599999999999999,0.2,0,,0,,0.14666666666666667,0.09599999999999999,0.2,0,,0,,0.0840317400351399,3,0,3.1746849522568255,2,0.20446826965924636,4.345544961080039,2,0.11386150010617992,False,,,,,,,0.8178730786369854,0.5055873273974378
RE1,L2,mean,baro,e_diagnosis,3,0.6559999999999999,0.608,0.704,0,,0,,0.6559999999999999,0.608,0.704,0,,0,,0.08313843876330605,3,0,8.025242469262594,2,0.018085925594937824,3633.5737883984016,2,0.0,True,,,,,,,0.13144007796691426,0.0
RE1,L2,mean,baro,max_z,3,0.15733333333333333,0.10666666666666667,0.208,0,,0,,0.15733333333333333,0.10666666666666667,0.208,0,,0,,0.06661331198291626,3,0,1.642366772710261,2,0.4399107619650404,2.662913862987157,2,0.2640922166084791,False,,,,,,,0.8798215239300808,0.6474133669435264
RE1,L2,mean,baro,rcd,3,0.37511111111111106,0.3191111111111111,0.4302222222222222,0,,0,,0.37511111111111106,0.3191111111111111,0.4302222222222222,0,,0,,0.15641161271655182,3,0,18.065070689707,2,0.00011945923854128626,24.339989086373436,2,5.1836840745188116e-06,False,,,,,,,0.0019113478166605802,7.498725752960295e-05
RE1,L2,mean,causalrca,cd1min,3,-0.33599999999999997,-0.3831111111111112,-0.2897777777777778,0,,0,,-0.33599999999999997,-0.3831111111111112,-0.2897777777777778,0,,0,,0.36062168542670864,0,3,69.83942495717656,2,6.661338147750939e-16,68.96146035993215,2,1.0597639715118168e-15,False,,,,,,,1.865174681370263e-14,2.331480737325997e-14
RE1,L2,mean,causalrca,circa,3,-0.2586666666666666,-0.3084444444444444,-0.2071111111111111,0,,0,,-0.2586666666666666,-0.3084444444444444,-0.2071111111111111,0,,0,,0.24295953023771943,0,3,30.128157644519206,2,2.8691528974889025e-07,46.04708255916892,2,1.0023123196530331e-10,False,,,,,,,6.599051664224476e-06,2.0046246393060662e-09
RE1,L2,mean,causalrca,e_diagnosis,3,0.25066666666666665,0.21066666666666664,0.2906666666666667,0,,0,,0.25066666666666665,0.21066666666666664,0.2906666666666667,0,,0,,0.29332121187076354,3,0,46.46699507402536,2,8.124945161114283e-11,4005.557184272864,2,0.0,True,,,,,,,2.1124857418897136e-09,0.0
RE1,L2,mean,causalrca,max_z,3,-0.24799999999999994,-0.304,-0.192,1,RE1::OB,1,RE1::OB,-0.24799999999999994,-0.304,-0.192,1,RE1::OB,1,RE1::OB,0.3417601498127012,1,2,65.90535117495813,2,4.884981308350689e-15,83.67985040679133,2,6.747631561211591e-19,False,,,,,,,1.318944953254686e-13,1.551955259078666e-17
RE1,L2,mean,causalrca,rcd,3,-0.030222222222222223,-0.07733333333333331,0.016888888888888884,2,RE1::OB;RE1::TT,0,,-0.030222222222222223,-0.07733333333333331,0.016888888888888884,2,RE1::OB;RE1::TT,0,,0.15913842099580175,2,1,16.24373632643244,2,0.000296973347211793,26.369732716071326,2,1.8788205255472774e-06,False,,,,,,,0.004157626860965102,3.006112840875644e-05
RE1,L2,mean,cd1min,circa,3,0.07733333333333332,0.021333333333333336,0.13333333333333333,1,RE1::TT,0,,0.07733333333333332,0.021333333333333336,0.13333333333333333,1,RE1::TT,0,,0.13724916514621624,2,1,17.86244456014117,2,0.00013219634478345288,18.291445159375616,2,0.00010667512259123669,False,,,,,,,0.001982945171751793,0.0011734263485036036
RE1,L2,mean,cd1min,e_diagnosis,3,0.5866666666666667,0.5439999999999999,0.632,0,,0,,0.5866666666666667,0.5439999999999999,0.632,0,,0,,0.2692012877631408,3,0,1.1912894856010894,2,0.5512070644902284,2438.4095950737506,2,0.0,True,,,,,,,0.8798215239300808,0.0
RE1,L2,mean,cd1min,max_z,3,0.088,0.032,0.14666666666666667,1,RE1::TT,1,RE1::TT,0.088,0.032,0.14666666666666667,1,RE1::TT,1,RE1::TT,0.2019108714259834,2,1,28.076029616674987,2,8.005116042264504e-07,31.920577340264888,2,1.1709401589913192e-07,False,,,,,,,1.681074368875546e-05,1.9905982702852425e-06
RE1,L2,mean,cd1min,rcd,3,0.3057777777777778,0.24977777777777777,0.3617777777777778,0,,0,,0.3057777777777778,0.24977777777777777,0.3617777777777778,0,,0,,0.20170532228237573,3,0,24.51354801170737,2,4.75281251910431e-06,23.22430123900571,2,9.055387989038347e-06,False,,,,,,,9.50562503820862e-05,0.00011772004385749852
RE1,L2,mean,circa,e_diagnosis,3,0.5093333333333334,0.46126666666666666,0.5599999999999999,0,,0,,0.5093333333333334,0.46126666666666666,0.5599999999999999,0,,0,,0.1620534891118773,3,0,10.924514529914404,2,0.004243965170794395,3920.444905363812,2,0.0,True,,,,,,,0.04668361687873834,0.0
RE1,L2,mean,circa,max_z,3,0.010666666666666672,-0.050666666666666665,0.072,2,RE1::SS;RE1::TT,0,,0.010666666666666672,-0.050666666666666665,0.072,2,RE1::SS;RE1::TT,0,,0.13910188112794641,1,2,10.188298584613335,2,0.006132521399549118,12.757275707632692,2,0.0016974335352050757,False,,,,,,,0.05519269259594206,0.015276901816845682
RE1,L2,mean,circa,rcd,3,0.22844444444444442,0.1671111111111111,0.28624444444444413,0,,0,,0.22844444444444442,0.1671111111111111,0.28624444444444413,0,,0,,0.09254268284498862,3,0,7.101558484323277,2,0.028702264922742193,8.400374765369389,2,0.014992767172282477,False,,,,,,,0.17221358953645316,0.08995660303369486
RE1,L2,mean,e_diagnosis,max_z,3,-0.4986666666666666,-0.5519999999999999,-0.44266666666666665,0,,0,,-0.4986666666666666,-0.5519999999999999,-0.44266666666666665,0,,0,,0.09097985124923723,0,3,8.217291507516393,2,0.016430009745864282,0.8437830960602863,2,0.6558051588981717,True,,,,,,,0.13144007796691426,0.6558051588981717
RE1,L2,mean,e_diagnosis,rcd,3,-0.28088888888888885,-0.3288888888888889,-0.23377777777777778,0,,0,,-0.28088888888888885,-0.3288888888888889,-0.23377777777777778,0,,0,,0.21290512580159404,0,3,18.431251264089155,2,9.947286823441814e-05,13.20010558440583,2,0.0013602962226180678,True,,,,,,,0.0016910387599851084,0.013602962226180678
RE1,L2,mean,max_z,rcd,3,0.2177777777777778,0.1582222222222222,0.27466666666666667,1,RE1::OB,0,,0.2177777777777778,0.1582222222222222,0.27466666666666667,1,RE1::OB,0,,0.2211297591242987,2,1,33.3211164627794,2,5.813149539513063e-08,39.63635271707133,2,2.472153117493329e-09,False,,,,,,,1.395155889483135e-06,4.697090923237325e-08
RE1,L2,seed0,alertcount,causalrca,3,-0.08,-0.13866666666666666,-0.021333333333333336,1,RE1::SS,1,RE1::SS,-0.08,-0.13866666666666666,-0.021333333333333336,1,RE1::SS,1,RE1::SS,0.1860752535938081,1,2,22.108411228262526,2,1.5820474314365285e-05,22.51781487434384,2,1.2891950454065692e-05,False,,,,,,,0.000110743320200557,7.735170272439415e-05
RE1,L2,seed0,alertcount,rcd,3,-0.05333333333333334,-0.11199999999999999,0.0053333333333333306,0,,0,,-0.05333333333333334,-0.11199999999999999,0.0053333333333333306,0,,0,,0.07259017380701974,0,2,2.341318667916653,2,0.3101623732482981,2.5058825269868152,2,0.2856633488273054,False,,,,,,,0.3101623732482981,0.2856633488273054
RE1,L2,seed0,baro,causalrca,3,0.36266666666666664,0.30666666666666664,0.41866666666666663,0,,0,,0.36266666666666664,0.30666666666666664,0.41866666666666663,0,,0,,0.2500986472041249,3,0,32.56299446320804,2,8.492500780388212e-08,41.05274901111098,2,1.217611717344619e-09,False,,,,,,,7.643250702349391e-07,1.217611717344619e-08
RE1,L2,seed0,baro,rcd,3,0.3893333333333333,0.33326666666666666,0.4453333333333333,0,,0,,0.3893333333333333,0.33326666666666666,0.4453333333333333,0,,0,,0.15724291186992606,3,0,19.790365849663544,2,5.0416960339028094e-05,23.38978784802553,2,8.336276334148046e-06,False,,,,,,,0.00025208480169514047,5.8353934339036325e-05
RE1,L2,seed0,causalrca,cd1min,3,-0.29333333333333333,-0.34933333333333333,-0.24,0,,0,,-0.29333333333333333,-0.34933333333333333,-0.24,0,,0,,0.3283250421964998,0,3,59.328534759704894,2,1.3089529460330596e-13,52.36402809204456,2,4.258883641302276e-12,False,,,,,,,1.7016388298429774e-12,4.6847720054325036e-11
RE1,L2,seed0,causalrca,circa,3,-0.21599999999999997,-0.2746666666666666,-0.1572666666666676,0,,0,,-0.21599999999999997,-0.2746666666666666,-0.1572666666666676,0,,0,,0.21211317733700563,0,3,21.778927462992442,2,1.8653743064644956e-05,26.22034550319638,2,2.024530468703246e-06,False,,,,,,,0.00011192245838786974,1.6196243749625968e-05
RE1,L2,seed0,causalrca,e_diagnosis,3,0.29333333333333333,0.24266666666666667,0.344,0,,0,,0.29333333333333333,0.24266666666666667,0.344,0,,0,,0.2735641302022861,3,0,39.10169870632615,2,3.22978799260909e-09,3097.908666822579,2,0.0,True,,,,,,,3.552766791869999e-08,0.0
RE1,L2,seed0,causalrca,max_z,3,-0.2053333333333333,-0.26666666666666666,-0.144,1,RE1::OB,1,RE1::OB,-0.2053333333333333,-0.26666666666666666,-0.144,1,RE1::OB,1,RE1::OB,0.31610968560506547,1,2,54.42510778005567,2,1.5196732761069143e-12,57.26072437082208,2,3.6812192804422004e-13,False,,,,,,,1.823607931328297e-11,4.41746313653064e-12
RE1,L2,seed0,causalrca,rcd,3,0.026666666666666665,-0.029333333333333333,0.08266666666666667,1,RE1::SS,1,RE1::SS,0.026666666666666665,-0.029333333333333333,0.08266666666666667,1,RE1::SS,1,RE1::SS,0.1275826529483273,2,1,11.531838720832866,2,0.003132514130042785,13.248287226789637,2,0.0013279171546841239,False,,,,,,,0.009397542390128355,0.0053116686187364955
RE1,L2,seed0,cd1min,rcd,3,0.31999999999999995,0.2613333333333333,0.3786666666666666,0,,0,,0.31999999999999995,0.2613333333333333,0.3786666666666666,0,,0,,0.20095770699328755,3,0,24.11523073138244,2,5.800216197449082e-06,22.368578118317735,2,1.389072704995132e-05,False,,,,,,,4.6401729579592654e-05,7.735170272439415e-05
RE1,L2,seed0,circa,rcd,3,0.24266666666666664,0.1813333333333333,0.304,0,,0,,0.24266666666666664,0.1813333333333333,0.304,0,,0,,0.0927218061371398,3,0,8.322144891023754,2,0.015590828636765974,8.84971611930047,2,0.01197591104517211,False,,,,,,,0.03118165727353195,0.02395182209034422
RE1,L2,seed0,e_diagnosis,rcd,3,-0.26666666666666666,-0.3173333333333333,-0.21866666666666665,0,,0,,-0.26666666666666666,-0.3173333333333333,-0.21866666666666665,0,,0,,0.21411523377222214,0,3,18.100719306079895,2,0.00011734882446723383,13.006234108037681,2,0.0014987601879431856,True,,,,,,,0.0004693952978689353,0.0053116686187364955
RE1,L2,seed0,max_z,rcd,3,0.23199999999999998,0.17066666666666663,0.29066666666666663,1,RE1::OB,0,,0.23199999999999998,0.17066666666666663,0.29066666666666663,1,RE1::OB,0,,0.22184679398179274,2,1,35.402519576249915,2,2.053243952637729e-08,37.32169342253398,2,7.864973173861342e-09,False,,,,,,,2.0532439526377289e-07,7.078475856475207e-08
RE1,L2,seed1,alertcount,causalrca,3,-0.03733333333333333,-0.09333333333333335,0.01866666666666666,1,RE1::SS,1,RE1::SS,-0.03733333333333333,-0.09333333333333335,0.01866666666666666,1,RE1::SS,1,RE1::SS,0.2264626532859962,1,2,38.23998818457699,2,4.96926400028741e-09,36.01692202411145,2,1.5101662315647152e-08,False,,,,,,,3.975411200229928e-08,1.0571163620953007e-07
RE1,L2,seed1,alertcount,rcd,3,-0.072,-0.128,-0.015999999999999993,0,,0,,-0.072,-0.128,-0.015999999999999993,0,,0,,0.09086253353280438,0,3,3.5322255166018977,2,0.1709964029123623,4.014158432054017,2,0.1343805987264685,False,,,,,,,0.1709964029123623,0.1343805987264685
RE1,L2,seed1,baro,causalrca,3,0.4053333333333333,0.34933333333333333,0.45866666666666667,0,,0,,0.4053333333333333,0.34933333333333333,0.45866666666666667,0,,0,,0.26800995006404765,3,0,40.517556257890874,2,1.5911988393568777e-09,47.14644120660839,2,5.784693744333128e-11,False,,,,,,,1.5911988393568777e-08,5.784693744333128e-10
RE1,L2,seed1,baro,rcd,3,0.37066666666666664,0.31199999999999994,0.4293333333333333,0,,0,,0.37066666666666664,0.31199999999999994,0.4293333333333333,0,,0,,0.17569670837364407,3,0,22.079259129938805,2,1.6052763139651205e-05,24.584586478985813,2,4.586959188983549e-06,False,,,,,,,6.421105255860482e-05,2.2934795944917747e-05
RE1,L2,seed1,causalrca,cd1min,3,-0.336,-0.39199999999999996,-0.2826666666666666,0,,0,,-0.336,-0.39199999999999996,-0.2826666666666666,0,,0,,0.3835831070315793,0,3,83.10315268346653,2,0.0,69.64875787218679,2,7.515612712453533e-16,False,,,,,,,0.0,9.01873525494424e-15
RE1,L2,seed1,causalrca,circa,3,-0.25866666666666666,-0.31466666666666665,-0.20266666666666666,0,,0,,-0.25866666666666666,-0.31466666666666665,-0.20266666666666666,0,,0,,0.2541600545588023,0,3,33.821287771757625,2,4.526897645629191e-08,39.66164074189595,2,2.4410919654007283e-09,False,,,,,,,3.1688283519404337e-07,2.1969827688606554e-08
RE1,L2,seed1,causalrca,e_diagnosis,3,0.2506666666666667,0.2053333333333333,0.29866666666666664,0,,0,,0.2506666666666667,0.2053333333333333,0.29866666666666664,0,,0,,0.26657331699428083,3,0,49.03764726309714,2,2.2470358906900856e-11,3541.6196834575962,2,0.0,True,,,,,,,2.471739479759094e-10,0.0
RE1,L2,seed1,causalrca,max_z,3,-0.24799999999999994,-0.30933333333333335,-0.184,1,RE1::OB,0,,-0.24799999999999994,-0.30933333333333335,-0.184,1,RE1::OB,0,,0.3291686497830557,1,2,60.611188691000166,2,6.894484982922222e-14,60.4264423666825,2,7.560747935578072e-14,False,,,,,,,8.273381979506667e-13,8.316822729135879e-13
RE1,L2,seed1,causalrca,rcd,3,-0.03466666666666667,-0.09066666666666667,0.02133333333333333,1,RE1::TT,1,RE1::TT,-0.03466666666666667,-0.09066666666666667,0.02133333333333333,1,RE1::TT,1,RE1::TT,0.18248652918320665,1,1,24.957763546522074,2,3.806190364996631e-06,25.057922851574702,2,3.620271895158459e-06,False,,,,,,,1.9030951824983156e-05,2.172163137095075e-05
RE1,L2,seed1,cd1min,rcd,3,0.30133333333333334,0.24266666666666664,0.36,0,,0,,0.30133333333333334,0.24266666666666664,0.36,0,,0,,0.21110502915215767,3,0,27.156359447677687,2,1.267860499920559e-06,23.719313945393928,2,7.069951255054954e-06,False,,,,,,,7.607162999523354e-06,2.8279805020219815e-05
RE1,L2,seed1,circa,rcd,3,0.22399999999999998,0.16,0.2853333333333333,0,,0,,0.22399999999999998,0.16,0.2853333333333333,0,,0,,0.10998181667894016,3,0,9.850128710921126,2,0.007262258898759644,10.142729807659189,2,0.006273851090786729,False,,,,,,,0.014524517797519287,0.012547702181573459
RE1,L2,seed1,e_diagnosis,rcd,3,-0.2853333333333333,-0.33599999999999997,-0.2373333333333333,0,,0,,-0.2853333333333333,-0.33599999999999997,-0.2373333333333333,0,,0,,0.23135542641860238,0,3,20.138999116037667,2,4.235180325262711e-05,14.239130241833399,2,0.000809118543355442,True,,,,,,,0.00012705540975788132,0.002427355630066326
RE1,L2,seed1,max_z,rcd,3,0.21333333333333332,0.14933333333333332,0.2746666666666666,1,RE1::OB,0,,0.21333333333333332,0.14933333333333332,0.2746666666666666,1,RE1::OB,0,,0.2403109097259909,2,1,39.06283843570202,2,3.2931567472971324e-09,39.52225606003948,2,2.6172857485011695e-09,False,,,,,,,2.963841072567419e-08,2.1969827688606554e-08
RE1,L2,seed2,alertcount,causalrca,3,0.0053333333333333306,-0.04533333333333333,0.055999999999999994,1,RE1::OB,1,RE1::OB,0.0053333333333333306,-0.04533333333333333,0.055999999999999994,1,RE1::OB,1,RE1::OB,0.2520105817884109,2,1,38.43057374553371,2,4.517591301045343e-09,41.39738015651589,2,1.0248802317483784e-09,False,,,,,,,3.614073040836274e-08,8.199041853987028e-09
RE1,L2,seed2,alertcount,rcd,3,-0.07733333333333334,-0.136,-0.018666666666666665,0,,0,,-0.07733333333333334,-0.136,-0.018666666666666665,0,,0,,0.05326662494783515,0,3,2.4888802845744067,2,0.28810215920363347,2.5539590983408917,2,0.27887836801016486,False,,,,,,,0.28810215920363347,0.27887836801016486
RE1,L2,seed2,baro,causalrca,3,0.44799999999999995,0.3973333333333333,0.4986666666666666,0,,0,,0.44799999999999995,0.3973333333333333,0.4986666666666666,0,,0,,0.32209315422715834,3,0,64.68649349677673,2,8.992806499463768e-15,81.24151285420714,2,2.283650471957128e-18,False,,,,,,,9.892087149410145e-14,2.5120155191528407e-17
RE1,L2,seed2,baro,rcd,3,0.3653333333333333,0.30666666666666664,0.42399999999999993,0,,0,,0.3653333333333333,0.30666666666666664,0.42399999999999993,0,,0,,0.13631336447074197,3,0,13.338926707877931,2,0.0012690796148758787,16.511212943359368,2,0.0002597979169444451,False,,,,,,,0.003807238844627636,0.0010391916677777804
RE1,L2,seed2,causalrca,cd1min,3,-0.3786666666666666,-0.42666666666666664,-0.33066666666666666,0,,0,,-0.3786666666666666,-0.42666666666666664,-0.33066666666666666,0,,0,,0.37950142731396064,0,3,78.35087892087142,2,0.0,73.85211342751647,2,9.187922658623672e-17,False,,,,,,,0.0,9.187922658623672e-16
RE1,L2,seed2,causalrca,circa,3,-0.3013333333333333,-0.352,-0.248,0,,0,,-0.3013333333333333,-0.352,-0.248,0,,0,,0.27624144028970987,0,3,48.46930332485931,2,2.98555624667074e-11,58.767826296043594,2,1.7327210963853249e-13,False,,,,,,,2.6870006220036657e-10,1.5594489867467923e-12
RE1,L2,seed2,causalrca,e_diagnosis,3,0.208,0.16533333333333333,0.25066666666666665,1,RE1::SS,0,,0.208,0.16533333333333333,0.25066666666666665,1,RE1::SS,0,,0.3478850384825424,2,1,54.804996326527544,2,1.2567724638756772e-12,1316.3334676662823,2,1.4515076329844475e-286,True,,,,,,,1.2567724638756772e-11,1.8869599228797816e-285
RE1,L2,seed2,causalrca,max_z,3,-0.29066666666666663,-0.3466666666666667,-0.23466666666666663,1,RE1::OB,1,RE1::OB,-0.29066666666666663,-0.3466666666666667,-0.23466666666666663,1,RE1::OB,1,RE1::OB,0.38850139424889246,1,2,98.3863599696208,2,0.0,96.87839093059664,2,9.185963207085526e-22,False,,,,,,,0.0,1.1023155848502633e-20
RE1,L2,seed2,causalrca,rcd,3,-0.08266666666666665,-0.136,-0.02933333333333333,1,RE1::OB,0,,-0.08266666666666665,-0.136,-0.02933333333333333,1,RE1::OB,0,,0.20021321967675693,1,2,28.257192117942736,2,7.311873926330037e-07,30.574681485609702,2,2.2950506389096665e-07,False,,,,,,,5.118311748431026e-06,1.6065354472367666e-06
RE1,L2,seed2,cd1min,rcd,3,0.296,0.23466666666666666,0.3573333333333333,0,,0,,0.296,0.23466666666666666,0.3573333333333333,0,,0,,0.19464840096954303,3,0,23.08436001239386,2,9.711692303904229e-06,21.19672758796907,2,2.4956810826903472e-05,False,,,,,,,4.8558461519521146e-05,0.00012478405413451736
RE1,L2,seed2,circa,rcd,3,0.21866666666666662,0.15466666666666667,0.2826666666666666,0,,0,,0.21866666666666662,0.15466666666666667,0.2826666666666666,0,,0,,0.07603507962337734,3,0,4.142894168122666,2,0.12600331232767203,4.313733294798801,2,0.11568704202290254,False,,,,,,,0.25200662465534407,0.2313740840458051
RE1,L2,seed2,e_diagnosis,rcd,3,-0.29066666666666663,-0.3413333333333333,-0.24266666666666664,0,,0,,-0.29066666666666663,-0.3413333333333333,-0.24266666666666664,0,,0,,0.19338390143270287,0,3,17.19025088750459,2,0.00018500541856902863,10.521589384450174,2,0.0051911776905141215,True,,,,,,,0.0007400216742761145,0.015573533071542365
RE1,L2,seed2,max_z,rcd,3,0.20800000000000002,0.14400000000000002,0.2693333333333333,1,RE1::OB,0,,0.20800000000000002,0.14400000000000002,0.2693333333333333,1,RE1::OB,0,,0.20127593000654598,2,1,26.61815153498401,2,1.6593646539053708e-06,28.942987982056792,2,5.189314771922348e-07,False,,,,,,,9.956187923432225e-06,3.1135888631534088e-06
openrca,L1,mean,baro,e_diagnosis,4,0.09,0.05919328358208954,0.12235895522388059,0,,0,,0.08575914404223228,0.05447717894850248,0.11834134952057747,0,,0,,0.05533107209540897,4,0,1.9284548361526959,3,0.5873881335547066,4.4222364720713205,3,0.21933238575019656,False,0.07879120885101182,-0.1532735433351469,0.3108559610371705,0.002131572933592579,74.02661543631415,True,1.0,0.4386647715003931
openrca,L1,mean,baro,rcd,4,0.038,0.01000945273631841,0.06590074626865672,1,openrca::tel,0,,0.02683585164835165,0.0018900816095669085,0.05110799161010559,1,openrca::tel,0,,0.03613131296195947,3,1,1.5219444782412666,3,0.6772148962124257,6.862670676805273,3,0.0764061510711349,False,0.024030546901817322,-0.10925253020901868,0.15731362401265334,0.0006437117917133068,49.424505490284936,True,1.0,0.22921845321340467
openrca,L1,mean,e_diagnosis,rcd,4,-0.052000000000000005,-0.07756218905472637,-0.02848731343283582,0,,0,,-0.058923292393880625,-0.08852186579760109,-0.031382410287833076,0,,0,,0.061194535017553044,0,4,1.8919417418068747,3,0.5951345654364331,3.763622011919372,3,0.2881459505725838,False,-0.049819304613098817,-0.2806810333898553,0.18104242416365762,0.002152552146154072,62.84258721626627,True,1.0,0.4386647715003931
openrca,L1,seed0,baro,rcd,4,0.03429850746268656,0.006387313432835821,0.062179850746268646,0,,0,,0.02453855580693816,0.0006726830155138995,0.048662331663434595,0,,0,,0.031561160883538976,2,0,1.1781041003553696,3,0.758260499862009,5.656727305004832,3,0.129559375791691,False,0.01898515038332566,-0.08869261530572681,0.12666291607237812,0.00039678458212664665,42.47196141944673,True,1.0,0.259118751583382
openrca,L1,seed0,e_diagnosis,rcd,4,-0.05570149253731342,-0.08176119402985074,-0.030805970149253733,0,,0,,-0.06122058823529412,-0.09182688536953243,-0.032339944583602696,0,,0,,0.05327440606339175,0,4,1.399431272164179,3,0.7056680495964114,2.9864716971163885,3,0.3937156808788822,False,-0.051888106157973464,-0.23521885273308177,0.13144264041713485,0.0012974877666741206,51.497158213699464,True,1.0,0.3937156808788822
openrca,L1,seed1,baro,rcd,4,0.03997014925373134,0.009461940298507462,0.07077686567164178,1,openrca::tel,0,,0.026685022085757383,-0.0039896580747683695,0.05704462602348631,1,openrca::tel,0,,0.04695221121126198,3,1,2.3896157253071237,3,0.4955705794438975,7.141889424196854,3,0.06751018116509448,False,0.031252638252367904,-0.12801559153379538,0.1905208680385312,0.0009226172455993182,44.57549036450693,True,0.6861452011939291,0.13502036233018896
openrca,L1,seed1,e_diagnosis,rcd,4,-0.050029850746268645,-0.07806044776119402,-0.023850746268656714,1,openrca::mkt1,0,,-0.05907412195647489,-0.093861547551713,-0.026026072640594703,1,openrca::mkt1,0,,0.07930369925608773,1,3,3.3330247485168343,3,0.34307260059696454,5.37112668566512,3,0.14655310319077575,False,-0.04676191503881521,-0.3537234398784338,0.26019960980080337,0.0038773320993149524,70.31510761961574,True,0.6861452011939291,0.14655310319077575
openrca,L1,seed2,baro,rcd,4,0.03973134328358209,0.010149253731343283,0.06916641791044771,1,openrca::mkt1,0,,0.029283977052359404,0.0019280563186813199,0.05707334727160093,1,openrca::mkt1,0,,0.03496111778174284,3,1,1.5398258494361698,3,0.6731095135717118,4.46866871558319,3,0.21510205005294986,False,0.027544608413868125,-0.09187580363741274,0.14696502046514898,0.00046771987825748867,39.51169245180311,True,1.0,0.4302041001058997
openrca,L1,seed2,e_diagnosis,rcd,4,-0.050268656716417906,-0.0773731343283582,-0.024925373134328355,0,,0,,-0.05647516698987287,-0.08776070654223228,-0.027230192509696195,0,,0,,0.05112294721906905,0,4,1.321695404085176,3,0.723987848474018,2.5767510429506784,3,0.4615799750497991,False,-0.04613020744584835,-0.20615612309297937,0.11389570820128266,0.0009532323615487077,40.3373579095018,True,1.0,0.4615799750497991
openrca,L2,mean,alertcount,baro,4,0.052985074626865664,0.019164179104477614,0.0857910447761194,0,,0,,0.06203526987718164,0.030099424625619483,0.09425171602294762,0,,0,,0.03645366421695783,4,0,2.523303551593415,3,0.4710943270331618,5.951614080698757,3,0.11398818257098052,False,0.05950896036156128,-0.0523174147304656,0.17133533545358814,0.0003280165224051565,24.770548643945485,True,1.0,1.0
openrca,L2,mean,alertcount,cd1min,4,0.012358208955223878,-0.03170223880597015,0.055641791044776116,1,openrca::mkt1,0,,0.018271102671837965,-0.029201084087481143,0.06443037801659121,1,openrca::mkt1,0,,0.04151786738973159,3,1,0.9074907546040549,3,0.8236197515066958,1.569184806653535,3,0.666396963704446,False,0.004857377070163155,-0.08701794998923887,0.09673270412956517,0.0,0.0,True,1.0,1.0
openrca,L2,mean,alertcount,e_diagnosis,4,0.14298507462686566,0.11086194029850746,0.17704477611940295,0,,0,,0.14779441391941392,0.11285088646035338,0.18534095056291747,0,,0,,0.03751162651379245,4,0,0.1987450231080743,3,0.9777916392781018,0.5232692921739555,3,0.913750304276872,False,0.13462418049412317,0.06437860743763099,0.20486975355061535,0.0,0.0,False,1.0,1.0
openrca,L2,mean,alertcount,max_z,4,0.015611940298507461,-0.018658208955223878,0.050208955223880594,2,openrca::mkt1;openrca::mkt2,0,,0.008776273971126914,-0.02814886709491489,0.046419334464555054,2,openrca::mkt1;openrca::mkt2,0,,0.02659929029726661,2,2,0.9035585637401482,3,0.8245689618132885,2.828937180758025,3,0.4187584688045364,False,0.011454398784454516,-0.059557834217162695,0.08246663178607173,0.0,0.0,True,1.0,1.0
openrca,L2,mean,alertcount,rcd,4,0.09098507462686567,0.05702487562189054,0.12427885572139302,0,,0,,0.0888711215255333,0.05490739087301589,0.12246749230140774,0,,0,,0.03347301109336693,4,0,2.116694615779352,3,0.5485427194935459,6.913454468842625,3,0.07470803260542248,False,0.08731139046388936,0.016935362373732388,0.15768741855404633,0.0,0.0,False,1.0,0.8217883586596473
openrca,L2,mean,baro,cd1min,4,-0.040626865671641796,-0.08140373134328359,-0.000805970149253732,1,openrca::tel,0,,-0.04376416720534368,-0.08654483947425125,-0.002622813644688648,1,openrca::tel,0,,0.06052074091382344,1,3,4.245794325231259,3,0.23611681101675797,8.793989732896769,3,0.03215908441305535,False,-0.05041541920714358,-0.2701993973498189,0.16936855893553177,0.0017497161316902795,51.771556162724295,True,1.0,0.41806809736971956
openrca,L2,mean,baro,e_diagnosis,4,0.09,0.05919328358208954,0.12235895522388059,0,,0,,0.08575914404223228,0.05447717894850248,0.11834134952057747,0,,0,,0.05533107209540897,4,0,1.9284548361526959,3,0.5873881335547066,4.4222364720713205,3,0.21933238575019656,False,0.07879120885101182,-0.1532735433351469,0.3108559610371705,0.002131572933592579,74.02661543631415,True,1.0,1.0
openrca,L2,mean,baro,max_z,4,-0.03737313432835821,-0.07194104477611941,-0.0027753731343283673,1,openrca::bank,0,,-0.053258995906054735,-0.08954958824876105,-0.01755559584410688,1,openrca::bank,0,,0.06255472747300495,1,3,5.835827200619349,3,0.11987658300843473,14.304411487457225,3,0.002518760395767307,False,-0.05173562187278141,-0.3242604520510592,0.22078920830549637,0.0029461451588959444,75.75690421558447,True,1.0,0.0377814059365096
openrca,L2,mean,baro,rcd,4,0.038,0.01000945273631841,0.06590074626865672,1,openrca::tel,0,,0.02683585164835165,0.0018900816095669085,0.05110799161010559,1,openrca::tel,0,,0.03613131296195947,3,1,1.5219444782412666,3,0.6772148962124257,6.862670676805273,3,0.0764061510711349,False,0.024030546901817322,-0.10925253020901868,0.15731362401265334,0.0006437117917133068,49.424505490284936,True,1.0,0.8217883586596473
openrca,L2,mean,cd1min,e_diagnosis,4,0.13062686567164178,0.0949828358208955,0.16838880597014924,0,,0,,0.12952331124757596,0.09008554796918766,0.1711842288838612,0,,0,,0.01360964237054874,4,0,0.09354733887772682,3,0.9926003623000087,0.12985912045097722,3,0.9880278746264347,False,0.13024587116193792,0.050097543420346266,0.21039419890352956,0.0,0.0,False,1.0,1.0
openrca,L2,mean,cd1min,max_z,4,0.0032537313432835814,-0.03898582089552239,0.04653731343283581,2,openrca::mkt2;openrca::tel,0,,-0.009494828700711055,-0.05494051120448179,0.03682506093783665,2,openrca::bank;openrca::mkt1,0,,0.044136023800124664,2,2,1.5495477310247452,3,0.6708828437180128,2.6421052419544226,3,0.4501557227499601,False,0.003770237566332146,-0.08829192713266742,0.09583240226533171,0.0,0.0,True,1.0,1.0
openrca,L2,mean,cd1min,rcd,4,0.07862686567164179,0.04620820895522388,0.11225870646766167,1,openrca::tel,0,,0.07060001885369532,0.03303117783972564,0.10971597166110032,1,openrca::tel,0,,0.0699324992902986,3,1,4.85194657423142,3,0.18296495014081005,9.73204801444189,3,0.02098668417606248,False,0.08262960592142682,-0.15348914948987388,0.31874836133272755,0.0021452307501854573,47.90754190573276,True,1.0,0.2938135784648747
openrca,L2,mean,e_diagnosis,max_z,4,-0.12737313432835823,-0.15976119402985073,-0.09626716417910448,0,,0,,-0.13901813994828702,-0.17703944664404223,-0.10298657313887094,0,,0,,0.04099669825907568,0,4,0.3098928068374107,3,0.9581572990424939,0.5113018981851005,3,0.9164015100022039,False,-0.12477392712344,-0.22961590647194854,-0.019931947774931458,0.00027537302240144553,20.669980690387828,False,1.0,1.0
openrca,L2,mean,e_diagnosis,rcd,4,-0.052000000000000005,-0.07756218905472637,-0.02848731343283582,0,,0,,-0.058923292393880625,-0.08852186579760109,-0.031382410287833076,0,,0,,0.061194535017553044,0,4,1.8919417418068747,3,0.5951345654364331,3.763622011919372,3,0.2881459505725838,False,-0.049819304613098817,-0.2806810333898553,0.18104242416365762,0.002152552146154072,62.84258721626627,True,1.0,1.0
openrca,L2,mean,max_z,rcd,4,0.07537313432835821,0.041481592039801,0.1087863184079602,0,,0,,0.08009484755440638,0.043238890572254544,0.11620094324588809,0,,0,,0.04898282434928215,4,0,3.5229314518240358,3,0.31780014456111716,8.076226465530135,3,0.044462325009278617,False,0.07737594999332621,-0.09648013974478932,0.25123203973144176,0.0010536948923829306,48.59690510423963,True,1.0,0.5335479001113435
openrca,L2,seed0,alertcount,rcd,4,0.08728358208955223,0.05462686567164179,0.12113432835820895,0,,0,,0.08657382568411981,0.05397534239657402,0.12043224991919844,0,,0,,0.026839428790516436,4,0,1.4100344857932328,3,0.7031842868501117,4.719416617948301,3,0.19353412895139852,False,0.0822443674216916,0.013926771079303513,0.15056196376407968,0.0,0.0,False,1.0,0.4239501668946908
openrca,L2,seed0,baro,rcd,4,0.03429850746268656,0.006387313432835821,0.062179850746268646,0,,0,,0.02453855580693816,0.0006726830155138995,0.048662331663434595,0,,0,,0.031561160883538976,2,0,1.1781041003553696,3,0.758260499862009,5.656727305004832,3,0.129559375791691,False,0.01898515038332566,-0.08869261530572681,0.12666291607237812,0.00039678458212664665,42.47196141944673,True,1.0,0.4239501668946908
openrca,L2,seed0,cd1min,rcd,4,0.07492537313432834,0.04104402985074626,0.10925373134328357,1,openrca::tel,0,,0.06830272301228184,0.02914269385638871,0.10783560217356168,1,openrca::tel,0,,0.061956769123062944,3,1,3.73013206721032,3,0.2921182063900898,6.976363134254273,3,0.07265498791797738,False,0.08011087382162689,-0.10051211398573766,0.2607338616289914,0.0011474014458130385,33.902832208448075,True,1.0,0.3632749395898869
openrca,L2,seed0,e_diagnosis,rcd,4,-0.05570149253731342,-0.08176119402985074,-0.030805970149253733,0,,0,,-0.06122058823529412,-0.09182688536953243,-0.032339944583602696,0,,0,,0.05327440606339175,0,4,1.399431272164179,3,0.7056680495964114,2.9864716971163885,3,0.3937156808788822,False,-0.051888106157973464,-0.23521885273308177,0.13144264041713485,0.0012974877666741206,51.497158213699464,True,1.0,0.4239501668946908
openrca,L2,seed0,max_z,rcd,4,0.07167164179104477,0.03814850746268657,0.10504477611940298,0,,0,,0.0777975517129929,0.040469579899267395,0.11431403219941821,0,,0,,0.04421019329498994,4,0,2.8259663295196447,3,0.41924321591861324,6.1184480867208855,3,0.1059875417236727,False,0.07411139023443795,-0.07739158066092229,0.2256143611297982,0.0007416266282808784,42.40624426556921,True,1.0,0.4239501668946908
openrca,L2,seed1,alertcount,rcd,4,0.092955223880597,0.057670895522388056,0.12901492537313433,0,,0,,0.08872029196293903,0.05032445256948933,0.12710800339366513,0,,0,,0.04917767879856596,4,0,4.223943755998107,3,0.2382755677491024,9.199174744618215,3,0.02675667574941128,False,0.09431814524894355,-0.015806504735973434,0.20444279523386055,0.00026889303849930485,11.879559338184318,True,0.7148267032473072,0.08027002724823384
openrca,L2,seed1,baro,rcd,4,0.03997014925373134,0.009461940298507462,0.07077686567164178,1,openrca::tel,0,,0.026685022085757383,-0.0039896580747683695,0.05704462602348631,1,openrca::tel,0,,0.04695221121126198,3,1,2.3896157253071237,3,0.4955705794438975,7.141889424196854,3,0.06751018116509448,False,0.031252638252367904,-0.12801559153379538,0.1905208680385312,0.0009226172455993182,44.57549036450693,True,0.7148267032473072,0.13502036233018896
openrca,L2,seed1,cd1min,rcd,4,0.08059701492537313,0.045791044776119394,0.11648059701492532,1,openrca::tel,0,,0.07044918929110106,0.02947430510665805,0.11270434712346475,1,openrca::tel,0,,0.08767036807518096,3,1,7.867485455437304,3,0.048831260080809735,13.504063597657012,3,0.0036641640651055712,False,0.08215331688713418,-0.2512027584938797,0.41550939226814804,0.004488869307693258,61.972962283847885,True,0.24415630040404868,0.018320820325527856
openrca,L2,seed1,e_diagnosis,rcd,4,-0.050029850746268645,-0.07806044776119402,-0.023850746268656714,1,openrca::mkt1,0,,-0.05907412195647489,-0.093861547551713,-0.026026072640594703,1,openrca::mkt1,0,,0.07930369925608773,1,3,3.3330247485168343,3,0.34307260059696454,5.37112668566512,3,0.14655310319077575,False,-0.04676191503881521,-0.3537234398784338,0.26019960980080337,0.0038773320993149524,70.31510761961574,True,0.7148267032473072,0.14655310319077575
openrca,L2,seed1,max_z,rcd,4,0.07734328358208956,0.04229850746268656,0.1122097014925373,0,,0,,0.07994401799181211,0.0400461740465417,0.119269223699095,0,,0,,0.06315400727913016,4,0,5.910215244160497,3,0.11606110095179556,10.643752297007413,3,0.013816788193844612,False,0.08123449987091964,-0.15781056320550907,0.3202795629473484,0.002174388066660079,61.3208935987382,True,0.46424440380718224,0.05526715277537845
openrca,L2,seed2,alertcount,rcd,4,0.09271641791044775,0.057940298507462684,0.12749328358208953,0,,0,,0.09131924692954105,0.05515062082525318,0.12735537902661062,0,,0,,0.027000181973112183,4,0,1.3858563705875895,3,0.7088534000956161,3.473035656901164,3,0.3242761815165824,False,0.0900901173543836,0.015461092122895884,0.16471914258587134,0.0,0.0,False,1.0,0.7521057382723549
openrca,L2,seed2,baro,rcd,4,0.03973134328358209,0.010149253731343283,0.06916641791044771,1,openrca::mkt1,0,,0.029283977052359404,0.0019280563186813199,0.05707334727160093,1,openrca::mkt1,0,,0.03496111778174284,3,1,1.5398258494361698,3,0.6731095135717118,4.46866871558319,3,0.21510205005294986,False,0.027544608413868125,-0.09187580363741274,0.14696502046514898,0.00046771987825748867,39.51169245180311,True,1.0,0.7521057382723549
openrca,L2,seed2,cd1min,rcd,4,0.08035820895522387,0.04579104477611941,0.1154328358208955,1,openrca::tel,0,,0.07304814425770308,0.0317407606792717,0.11489526132568412,1,openrca::tel,0,,0.06044344574711063,3,1,3.6166017255971497,3,0.3059511598641289,6.033500491379681,3,0.10999168012973144,False,0.08917110370570376,-0.05350327865667055,0.2318454860680781,0.0006357116040125485,21.925904350890036,True,1.0,0.5499584006486572
openrca,L2,seed2,e_diagnosis,rcd,4,-0.050268656716417906,-0.0773731343283582,-0.024925373134328355,0,,0,,-0.05647516698987287,-0.08776070654223228,-0.027230192509696195,0,,0,,0.05112294721906905,0,4,1.321695404085176,3,0.723987848474018,2.5767510429506784,3,0.4615799750497991,False,-0.04613020744584835,-0.20615612309297937,0.11389570820128266,0.0009532323615487077,40.3373579095018,True,1.0,0.7521057382723549
openrca,L2,seed2,max_z,rcd,4,0.07710447761194028,0.041790298507462686,0.11170149253731343,0,,0,,0.08254297295841413,0.04418680611667744,0.12087619821967248,0,,0,,0.041969785066549824,4,0,2.509198047334337,3,0.4736310834582542,4.787611786671897,3,0.18802643456808874,False,0.0773615250934025,-0.05084110229902902,0.205564152485834,0.000442218295829703,27.786431168593555,True,1.0,0.7521057382723549
petshop,L1,mean,baro,circa,4,-0.20588235294117646,-0.338235294117647,-0.08823529411764705,0,,0,,-0.24278846153846154,-0.4182692307692308,-0.057692307692307696,0,,0,,0.10631415570911529,0,4,0.5709516347989165,3,0.9030489206594907,0.718359167948579,3,0.8688774264765576,False,-0.17963351242894365,-0.44227526700070635,0.08300824214281904,0.0,0.0,True,1.0,1.0
petshop,L1,mean,baro,counterfactual_attribution,4,-0.044117647058823525,-0.1764705882352941,0.08823529411764705,1,petshop::temporal_traffic1,0,,-0.007211538461538464,-0.16346153846153846,0.1466346153846154,1,petshop::temporal_traffic1,0,,0.11414262117387096,1,1,1.7561222976447937,3,0.6245294363915728,1.6046913491270498,3,0.658326556175935,False,-0.05124304716851032,-0.34349515332918873,0.24100905899216812,0.0,0.0,True,1.0,1.0
petshop,L1,mean,baro,epsilon_diagnosis,4,0.16176470588235295,0.07352941176470587,0.2647058823529412,0,,0,,0.17067307692307693,0.03605769230769232,0.3125,0,,0,,0.054604887940387245,4,0,3.091177719103001,3,0.3777798860223547,197.90961288435628,3,1.1935074223024651e-42,True,0.16071359201541935,-0.04419728541021323,0.3656244694410519,0.0,0.0,True,1.0,9.548059378419721e-42
petshop,L1,mean,baro,rcd,4,-0.07352941176470588,-0.19117647058823528,0.04448529411764172,1,petshop::high_traffic,1,petshop::high_traffic,-0.1346153846153846,-0.3004807692307692,0.04086538461538461,1,petshop::high_traffic,1,petshop::high_traffic,0.21940501397595935,1,3,9.929090889792732,3,0.0191786060664072,1.7874804698773357,3,0.617663108271991,True,-0.06934579131749115,-0.9133248177620485,0.7746332351270662,0.026163742725825168,69.22945165447794,True,0.1726074545976648,1.0
petshop,L1,mean,circa,counterfactual_attribution,4,0.16176470588235292,6.938893903907228e-18,0.3088235294117647,1,petshop::high_traffic,0,,0.23557692307692307,0.055288461538461536,0.40384615384615385,1,petshop::high_traffic,0,,0.19493398973762782,3,1,4.485214571829147,3,0.21361291143317995,4.680689459091699,3,0.19672843940806292,False,0.18186436638354028,-0.49695856646594594,0.8606872992330266,0.014615664692900031,41.800058482361216,True,1.0,1.0
petshop,L1,mean,circa,epsilon_diagnosis,4,0.36764705882352944,0.25,0.4852941176470588,0,,0,,0.41346153846153844,0.27397836538461545,0.5504807692307692,0,,0,,0.11047235858726978,4,0,2.3458072094081928,3,0.503802303098694,333.4625853964202,3,5.679103826906072e-72,True,0.3562110759874858,0.10297917376771476,0.6094429782072568,0.0,0.0,False,1.0,5.111193444215465e-71
petshop,L1,mean,circa,rcd,4,0.13235294117647056,-0.014705882352941194,0.27941176470588236,1,petshop::temporal_traffic1,0,,0.10817307692307693,-0.0889423076923077,0.2980769230769231,1,petshop::temporal_traffic1,0,,0.18733556234503942,3,1,9.013342929838387,3,0.029114010014197333,-6.557365663379585,3,1.0,True,0.1854258932599634,-0.1526453939561786,0.5234971804761054,0.0008909221444097013,4.656276300284479,True,0.23291208011357867,1.0
petshop,L1,mean,counterfactual_attribution,epsilon_diagnosis,4,0.20588235294117646,0.11764705882352941,0.30882352941176466,0,,0,,0.1778846153846154,0.08653846153846154,0.28846153846153844,0,,0,,0.0876003228763875,4,0,3.652823092846802,3,0.30147563080719175,620.6192087105399,3,3.4143018047383216e-134,True,0.18668344754723953,-0.0190446672523987,0.3924115623468778,0.0,0.0,True,1.0,3.4143018047383215e-133
petshop,L1,mean,counterfactual_attribution,rcd,4,-0.029411764705882356,-0.16176470588235295,0.11764705882352938,1,petshop::high_traffic,1,petshop::high_traffic,-0.12740384615384615,-0.3004807692307692,0.057692307692307696,1,petshop::high_traffic,1,petshop::high_traffic,0.33284372943598034,1,3,19.84961620610079,3,0.00018236893164091939,-26.580322252922073,3,1.0,True,-0.07774370566982454,-1.4933225725447248,1.3378351612050758,0.08036288795745769,81.67559476076974,True,0.0018236893164091939,1.0
petshop,L1,mean,epsilon_diagnosis,rcd,4,-0.23529411764705882,-0.338235294117647,-0.1323529411764706,0,,0,,-0.30528846153846156,-0.4519230769230769,-0.1514423076923077,0,,0,,0.25829137694537785,0,3,3.4388367761035994,3,0.32878185369311097,0.03174130311874076,3,0.9985102130494035,True,,,,,,,1.0,1.0
petshop,L2,mean,alertcount,baro,4,-0.1323529411764706,-0.23529411764705882,-0.02941176470588236,0,,0,,-0.12980769230769232,-0.2620192307692308,-0.004807692307692318,0,,0,,0.10341196028783127,0,3,4.409722915223767,3,0.22048553870250764,1.252753163131444,3,0.7403816805641675,True,-0.1385083449838165,-0.35443918506835426,0.07742249510072122,0.0,0.0,True,1.0,1.0
petshop,L2,mean,alertcount,baseline,4,-0.5,-0.6176470588235293,-0.38235294117647056,0,,0,,-0.5432692307692307,-0.6754807692307692,-0.4014423076923077,0,,0,,0.1333502824532995,0,4,3.0351344507050584,3,0.3862397934152372,343.4581725698959,3,3.891718618737895e-74,True,-0.5128322879361655,-0.8698425322282838,-0.15582204364404728,0.002130886533044721,13.33564558329222,False,1.0,1.7901905646194316e-72
petshop,L2,mean,alertcount,cd1min,4,0.0,-0.07352941176470587,0.07352941176470587,0,,0,,0.0,-0.125,0.11538461538461539,0,,0,,0.10678417467280565,2,2,4.681614609352543,3,0.19665156186982913,1.3302064141825147,3,0.7219730669494162,True,-0.00435088468743984,-0.1419372220439341,0.13323545266905445,0.00022593972843569718,8.613817537643946,True,1.0,1.0
petshop,L2,mean,alertcount,circa,4,-0.3382352941176471,-0.4558823529411765,-0.2058823529411765,0,,0,,-0.37259615384615385,-0.5288461538461539,-0.20192307692307693,0,,0,,0.11029786415108822,0,4,3.983327465466914,3,0.26327009959961933,0.5755888459451485,3,0.9019972928882053,True,-0.3358013985364437,-0.6099433516162303,-0.061659445456657136,0.0,0.0,False,1.0,1.0
petshop,L2,mean,alertcount,counterfactual_attribution,4,-0.1764705882352941,-0.29411764705882354,-0.05882352941176471,0,,0,,-0.13701923076923078,-0.2908653846153846,0.009615384615384609,0,,0,,0.11057692307692307,0,3,4.358878978406665,3,0.22522868272778718,405.51624383547096,3,1.4134410904534999e-87,True,-0.1719441016802809,-0.3982751527890547,0.05438694942849287,0.0,0.0,True,1.0,7.067205452267499e-86
petshop,L2,mean,alertcount,epsilon_diagnosis,4,0.029411764705882353,-0.029411764705882353,0.08823529411764705,0,,0,,0.040865384615384616,-0.0625,0.14423076923076922,0,,0,,0.05894735306971,2,0,0.6037424892883898,3,0.895575083995246,408.37109456946536,3,3.403068487179384e-88,True,,,,,,,1.0,1.7355649284614857e-86
petshop,L2,mean,alertcount,max_z,4,-0.14705882352941177,-0.25,-0.04411764705882354,0,,0,,-0.1826923076923077,-0.3269230769230769,-0.038461538461538464,0,,0,,0.1428351279176743,0,4,4.873837556500959,3,0.18127193742595615,401.47706981307783,3,1.0597664046660756e-86,True,-0.13648205730661125,-0.5094042779120981,0.23644016329887554,0.0037496677979091224,29.218290731354564,True,1.0,5.192855382863771e-85
petshop,L2,mean,alertcount,random_walk,4,0.029411764705882353,-0.014705882352941176,0.08823529411764705,1,petshop::temporal_traffic1,0,,0.040865384615384616,-0.0625,0.1346153846153846,1,petshop::temporal_traffic1,0,,0.1559106274994055,2,1,4.780600299485087,3,0.18858588975066204,812.147374042781,3,1.0039907889071838e-175,True,,,,,,,1.0,5.421550260098793e-174
petshop,L2,mean,alertcount,ranked_correlation,4,-0.6029411764705882,-0.7205882352941175,-0.48529411764705876,0,,0,,-0.5673076923076923,-0.6923677884615383,-0.43990384615384615,0,,0,,0.22344134689658174,0,4,7.562076660316123,3,0.0559847077823461,4.490184195606936,3,0.2131675075762617,True,-0.5788200991831368,-1.3915276215852725,0.23388742321899902,0.02509468576636329,51.529067982623964,True,1.0,1.0
petshop,L2,mean,alertcount,rcd,4,-0.20588235294117646,-0.3088235294117647,-0.10294117647058822,1,petshop::high_traffic,0,,-0.2644230769230769,-0.4278846153846154,-0.09615384615384615,1,petshop::high_traffic,0,,0.287444789313275,1,3,11.43253083161963,3,0.009602833345312756,2.10894222009403,3,0.5501058107996326,True,-0.24798691847355675,-1.4941331610870474,0.9981593241399338,0.062478804303095783,87.9120932044236,True,0.508950167301576,1.0
petshop,L2,mean,baro,baseline,4,-0.36764705882352944,-0.5,-0.2352941176470588,0,,0,,-0.41346153846153844,-0.5552884615384616,-0.2692307692307692,0,,0,,0.16298951455245025,0,4,1.7813987471128314,3,0.6189911184442178,1.760322763970092,3,0.6236069684430774,False,-0.38867662355907856,-0.7689012359294819,-0.008452011188675224,0.0021560951374094217,8.869534963023773,False,1.0,1.0
petshop,L2,mean,baro,cd1min,4,0.1323529411764706,0.058823529411764705,0.22058823529411764,0,,0,,0.12980769230769232,0.04807692307692308,0.23082932692307606,0,,0,,0.016654334688162284,4,0,2.2515737072759094,3,0.5218615221885812,-1.2925485474376952,3,1.0,True,0.130636907100856,-0.05038138044532933,0.3116551946470413,0.0,0.0,True,1.0,1.0
petshop,L2,mean,baro,circa,4,-0.20588235294117646,-0.338235294117647,-0.08823529411764705,0,,0,,-0.24278846153846154,-0.4182692307692308,-0.057692307692307696,0,,0,,0.10631415570911529,0,4,0.5709516347989165,3,0.9030489206594907,0.718359167948579,3,0.8688774264765576,False,-0.17963351242894365,-0.44227526700070635,0.08300824214281904,0.0,0.0,True,1.0,1.0
petshop,L2,mean,baro,counterfactual_attribution,4,-0.044117647058823525,-0.1764705882352941,0.08823529411764705,1,petshop::temporal_traffic1,0,,-0.007211538461538464,-0.16346153846153846,0.1466346153846154,1,petshop::temporal_traffic1,0,,0.11414262117387096,1,1,1.7561222976447937,3,0.6245294363915728,1.6046913491270498,3,0.658326556175935,False,-0.05124304716851032,-0.34349515332918873,0.24100905899216812,0.0,0.0,True,1.0,1.0
petshop,L2,mean,baro,epsilon_diagnosis,4,0.16176470588235295,0.07352941176470587,0.2647058823529412,0,,0,,0.17067307692307693,0.03605769230769232,0.3125,0,,0,,0.054604887940387245,4,0,3.091177719103001,3,0.3777798860223547,197.90961288435628,3,1.1935074223024651e-42,True,0.16071359201541935,-0.04419728541021323,0.3656244694410519,0.0,0.0,True,1.0,5.1320819159006e-41
petshop,L2,mean,baro,max_z,4,-0.014705882352941176,-0.07352941176470588,0.044117647058823525,1,petshop::high_traffic,0,,-0.052884615384615384,-0.1466346153846154,0.019230769230769232,1,petshop::high_traffic,0,,0.09567186895255961,1,3,1.4349915143730243,3,0.6973534115376353,4.004188176682003,3,0.26101223753278974,False,-0.016800586140472057,-0.30560967397186545,0.2720085016909214,0.0026366298565063512,38.661184065083795,True,1.0,1.0
petshop,L2,mean,baro,random_walk,4,0.16176470588235295,0.07352941176470587,0.2647058823529412,0,,0,,0.17067307692307693,0.03605769230769232,0.3125,0,,0,,0.054604887940387245,4,0,3.091177719102987,3,0.3777798860223568,197.802203071354,3,1.2590186405821445e-42,True,0.16071359201541932,-0.04419728541021317,0.3656244694410518,0.0,0.0,True,1.0,5.205889747739921e-41
petshop,L2,mean,baro,ranked_correlation,4,-0.47058823529411764,-0.6029411764705882,-0.338235294117647,0,,0,,-0.4375,-0.5793269230769231,-0.2980769230769231,0,,0,,0.1398920054025333,0,4,1.5813041255717906,3,0.6636363742504703,2.3157742081861854,3,0.5095057249474417,False,-0.4490804490790633,-0.7488322445044214,-0.14932865365370518,0.0,0.0,False,1.0,1.0
petshop,L2,mean,baro,rcd,4,-0.07352941176470588,-0.19117647058823528,0.04448529411764172,1,petshop::high_traffic,1,petshop::high_traffic,-0.1346153846153846,-0.3004807692307692,0.04086538461538461,1,petshop::high_traffic,1,petshop::high_traffic,0.21940501397595935,1,3,9.929090889792732,3,0.0191786060664072,1.7874804698773357,3,0.617663108271991,True,-0.06934579131749115,-0.9133248177620485,0.7746332351270662,0.026163742725825168,69.22945165447794,True,0.9972875154531744,1.0
petshop,L2,mean,baseline,cd1min,4,0.5,0.38235294117647056,0.6176470588235293,0,,0,,0.5432692307692308,0.40625,0.6730769230769231,0,,0,,0.15253851326013837,4,0,1.5614427058178393,3,0.6681636760377436,-9.25520190343365,3,1.0,True,0.5123562251488815,0.08686789806243089,0.937844552235332,0.004670068844447287,22.771969950607325,False,1.0,1.0
petshop,L2,mean,baseline,circa,4,0.16176470588235295,0.02941176470588235,0.29411764705882354,0,,0,,0.17067307692307693,0.01682692307692308,0.3221153846153846,0,,0,,0.06299116668921009,4,0,0.481091981208408,3,0.9230253457538838,0.4533704629336949,3,0.9290095678132164,False,0.1452643695019338,-0.13741274131011308,0.4279414803139807,0.0,0.0,True,1.0,1.0
petshop,L2,mean,baseline,counterfactual_attribution,4,0.3235294117647059,0.1764705882352941,0.47058823529411764,0,,0,,0.40625,0.2548076923076923,0.5480769230769231,0,,0,,0.234790681674515,4,0,6.554754265930512,3,0.08752796283015796,6.363567159008685,3,0.09520118846762986,False,0.38530779710254487,-0.5375452865449926,1.3081608807500822,0.03190698868036155,58.86259199338032,True,1.0,1.0
petshop,L2,mean,baseline,epsilon_diagnosis,4,0.5294117647058824,0.4117647058823529,0.6470588235294117,0,,0,,0.5841346153846154,0.4495192307692308,0.7091346153846154,0,,0,,0.15170281826331877,4,0,1.3251027775132656,3,0.7231809800948166,197.83361318817495,3,1.2394975589856955e-42,True,0.5464565426863495,0.05677223795279385,1.036140847419905,0.0071772583999261735,33.82811739558122,False,1.0,5.205889747739921e-41
petshop,L2,mean,baseline,max_z,4,0.35294117647058826,0.22058823529411764,0.4852941176470588,0,,0,,0.3605769230769231,0.22115384615384615,0.5,0,,0,,0.10807509807748311,4,0,0.8994545349657983,3,0.8255594403283157,1.5372885944365207,3,0.6736912650995279,False,0.3516090215403765,0.05693130004305896,0.646286743037694,0.0,0.0,False,1.0,1.0
petshop,L2,mean,baseline,random_walk,4,0.5294117647058824,0.4117647058823529,0.6470588235294116,0,,0,,0.5841346153846154,0.4591346153846154,0.7043269230769231,0,,0,,0.20939693981137086,4,0,3.924405402843391,3,0.26974353135070184,357.8379322764636,3,2.995519583835084e-77,True,0.5824721171197746,-0.2876121820235621,1.4525564162631115,0.029587191542365332,69.13590829570117,True,1.0,1.4078942044024894e-75
petshop,L2,mean,baseline,ranked_correlation,4,-0.10294117647058822,-0.25,0.044117647058823525,1,petshop::temporal_traffic2,1,petshop::temporal_traffic2,-0.024038461538461536,-0.18509615384615385,0.13701923076923078,1,petshop::temporal_traffic2,1,petshop::temporal_traffic2,0.3020822706231732,1,2,7.9898857128162035,3,0.04622120065227042,8.190628835277643,3,0.042231968595602576,False,-0.03310018506306266,-1.2976820235855198,1.2314816534593946,0.06359124373745478,71.28158423707082,True,1.0,1.0
petshop,L2,mean,baseline,rcd,4,0.29411764705882354,0.14705882352941174,0.4411764705882353,0,,0,,0.27884615384615385,0.07932692307692307,0.4639423076923077,0,,0,,0.21615019615496622,3,0,9.170198939057087,3,0.027111531036763448,2.0927107139969454,3,0.5533888426136544,True,0.32144444993331034,0.005234776099894978,0.6376541237667257,0.0,0.0,False,1.0,1.0
petshop,L2,mean,cd1min,circa,4,-0.338235294117647,-0.47058823529411764,-0.20588235294117646,0,,0,,-0.37259615384615385,-0.5480769230769231,-0.1778846153846154,0,,0,,0.09595331653796606,0,4,1.5494173530469908,3,0.6709126797999488,0.12627340063143225,3,0.9885080392387969,True,-0.31588082650506577,-0.5948048109909293,-0.03695684201920224,0.0,0.0,False,1.0,1.0
petshop,L2,mean,cd1min,counterfactual_attribution,4,-0.17647058823529413,-0.27941176470588236,-0.07352941176470588,0,,0,,-0.13701923076923078,-0.26448317307692304,-0.024038461538461536,0,,0,,0.1271692930416072,0,3,5.042772766591838,3,0.16869177195376794,0.13715814780973012,3,0.9870326484075617,True,-0.17018126020884985,-0.4900926747407246,0.14973015432302486,0.002038199955509639,16.15903995023731,True,1.0,1.0
petshop,L2,mean,cd1min,epsilon_diagnosis,4,0.029411764705882353,-0.02941176470588235,0.08823529411764705,0,,0,,0.040865384615384616,-0.0625,0.15384615384615385,0,,0,,0.05894735306971,2,0,1.7213174535229783,3,0.6322048839368022,153.48549460383725,3,4.664707873488503e-33,True,,,,,,,1.0,1.725941913190746e-31
petshop,L2,mean,cd1min,max_z,4,-0.14705882352941177,-0.23529411764705882,-0.07352941176470587,0,,0,,-0.1826923076923077,-0.2980769230769231,-0.07932692307692307,0,,0,,0.0838249796834745,0,4,0.7969850879697162,3,0.8501880239276638,2.1162048229595043,3,0.5486413804316135,True,-0.12168068461453703,-0.2946474794703015,0.05128611024122744,0.0,0.0,True,1.0,1.0
petshop,L2,mean,cd1min,random_walk,4,0.029411764705882353,-0.02941176470588235,0.08823529411764705,0,,0,,0.040865384615384616,-0.0625,0.15384615384615385,0,,0,,0.05894735306971,2,0,1.7213174535229818,3,0.6322048839368015,172.82671450223748,3,3.1217111580541625e-37,True,,,,,,,1.0,1.1862502400605817e-35
petshop,L2,mean,cd1min,ranked_correlation,4,-0.6029411764705881,-0.7205882352941175,-0.4852941176470588,0,,0,,-0.5673076923076923,-0.7019230769230769,-0.4326923076923077,0,,0,,0.15040215649551367,0,4,4.682500170201152,3,0.19657800029847716,3.368569905732329,3,0.338212447097189,True,-0.6052755755988626,-1.0211084235914174,-0.18944272760630781,0.004429836481789253,25.29068694880186,False,1.0,1.0
petshop,L2,mean,cd1min,rcd,4,-0.20588235294117646,-0.30882352941176466,-0.10294117647058824,0,,0,,-0.2644230769230769,-0.3966346153846154,-0.13942307692307693,0,,0,,0.2061522914216154,0,3,0.48381617871741867,3,0.9224322663712161,0.9771641146091913,3,0.8067773297402546,True,,,,,,,1.0,1.0
petshop,L2,mean,circa,counterfactual_attribution,4,0.16176470588235292,6.938893903907228e-18,0.3088235294117647,1,petshop::high_traffic,0,,0.23557692307692307,0.055288461538461536,0.40384615384615385,1,petshop::high_traffic,0,,0.19493398973762782,3,1,4.485214571829147,3,0.21361291143317995,4.680689459091699,3,0.19672843940806292,False,0.18186436638354028,-0.49695856646594594,0.8606872992330266,0.014615664692900031,41.800058482361216,True,1.0,1.0
petshop,L2,mean,circa,epsilon_diagnosis,4,0.36764705882352944,0.25,0.4852941176470588,0,,0,,0.41346153846153844,0.27397836538461545,0.5504807692307692,0,,0,,0.11047235858726978,4,0,2.3458072094081928,3,0.503802303098694,333.4625853964202,3,5.679103826906072e-72,True,0.3562110759874858,0.10297917376771476,0.6094429782072568,0.0,0.0,False,1.0,2.5555967221077325e-70
petshop,L2,mean,circa,max_z,4,0.1911764705882353,0.058823529411764705,0.3235294117647059,0,,0,,0.18990384615384615,0.019230769230769232,0.3629807692307692,0,,0,,0.051106470253531974,4,0,0.5675255191380586,3,0.9038247217115923,0.6409958144450003,3,0.8869864660843616,False,0.19057559575031674,-0.09691850929559154,0.478069700796225,0.0,0.0,True,1.0,1.0
petshop,L2,mean,circa,random_walk,4,0.36764705882352944,0.2647058823529411,0.48529411764705876,0,,0,,0.41346153846153844,0.28125,0.5456730769230769,0,,0,,0.15040215649551367,4,0,3.2790276815797057,3,0.35057228373824545,397.08729418453464,3,9.463729236829447e-86,True,0.3613619408867287,0.057438712376978784,0.6652851693964785,0.0011757973750866155,6.65570789403414,False,1.0,4.542590033678134e-84
petshop,L2,mean,circa,ranked_correlation,4,-0.2647058823529412,-0.42647058823529416,-0.08823529411764706,1,petshop::temporal_traffic2,0,,-0.19471153846153846,-0.3990384615384615,0.007211538461538464,1,petshop::temporal_traffic2,0,,0.24253842799287384,1,3,5.038317684553874,3,0.16901274169450864,3.9705354737307643,3,0.2646633940739689,False,-0.27401396376359777,-0.9483875225174032,0.4003595949902077,0.012756854987344489,28.67703017434982,True,1.0,1.0
petshop,L2,mean,circa,rcd,4,0.13235294117647056,-0.014705882352941194,0.27941176470588236,1,petshop::temporal_traffic1,0,,0.10817307692307693,-0.0889423076923077,0.2980769230769231,1,petshop::temporal_traffic1,0,,0.18733556234503942,3,1,9.013342929838387,3,0.029114010014197333,-6.557365663379585,3,1.0,True,0.1854258932599634,-0.1526453939561786,0.5234971804761054,0.0008909221444097013,4.656276300284479,True,1.0,1.0
petshop,L2,mean,counterfactual_attribution,epsilon_diagnosis,4,0.20588235294117646,0.11764705882352941,0.30882352941176466,0,,0,,0.1778846153846154,0.08653846153846154,0.28846153846153844,0,,0,,0.0876003228763875,4,0,3.652823092846802,3,0.30147563080719175,620.6192087105399,3,3.4143018047383216e-134,True,0.18668344754723953,-0.0190446672523987,0.3924115623468778,0.0,0.0,True,1.0,1.8095799565113104e-132
petshop,L2,mean,counterfactual_attribution,max_z,4,0.029411764705882356,-0.10294117647058823,0.16176470588235295,3,petshop::low_traffic;petshop::temporal_traffic1;petshop::temporal_traffic2,0,,-0.04567307692307692,-0.21153846153846154,0.13221153846153846,1,petshop::high_traffic,1,petshop::high_traffic,0.20372743882302297,1,3,6.341052360204287,3,0.09614624752002143,5.189180150340491,3,0.15845713376995316,False,0.024076504753361677,-0.6810744360043159,0.7292274455110392,0.01661136157997646,47.98147778462595,True,1.0,1.0
petshop,L2,mean,counterfactual_attribution,random_walk,4,0.20588235294117646,0.10294117647058823,0.3088235294117647,0,,0,,0.1778846153846154,0.05288461538461539,0.3125,0,,0,,0.13450086704075184,3,0,4.9839605101480515,3,0.17297540924427945,191.30246901156917,3,3.1933731985742776e-41,True,0.20011186209963816,-0.02215326467413592,0.42237698887341224,0.0,0.0,True,1.0,1.2454155474439683e-39
petshop,L2,mean,counterfactual_attribution,ranked_correlation,4,-0.4264705882352941,-0.5588235294117647,-0.27941176470588236,0,,0,,-0.43028846153846156,-0.6057692307692308,-0.23557692307692307,0,,0,,0.1533194107605959,0,4,1.3963779566321932,3,0.706383977603138,0.9882710876916534,3,0.8040899775831594,False,-0.42383769217182743,-0.731404612461353,-0.11627077188230184,0.0,0.0,False,1.0,1.0
petshop,L2,mean,counterfactual_attribution,rcd,4,-0.029411764705882356,-0.16176470588235295,0.11764705882352938,1,petshop::high_traffic,1,petshop::high_traffic,-0.12740384615384615,-0.3004807692307692,0.057692307692307696,1,petshop::high_traffic,1,petshop::high_traffic,0.33284372943598034,1,3,19.84961620610079,3,0.00018236893164091939,-26.580322252922073,3,1.0,True,-0.07774370566982454,-1.4933225725447248,1.3378351612050758,0.08036288795745769,81.67559476076974,True,0.010030291240250566,1.0
petshop,L2,mean,epsilon_diagnosis,max_z,4,-0.1764705882352941,-0.27941176470588236,-0.08823529411764705,0,,0,,-0.22355769230769232,-0.3701923076923077,-0.06971153846153846,0,,0,,0.12397881690603486,0,4,2.4302187748750868,3,0.48803419773540024,0.6970524814319061,3,0.8738970153583162,True,-0.1424092509233543,-0.41960641305477764,0.13478791120806907,0.0016234833102388073,17.566117003655698,True,1.0,1.0
petshop,L2,mean,epsilon_diagnosis,random_walk,4,0.0,-0.044117647058823525,0.044117647058823525,0,,0,,0.0,-0.09375,0.09375,0,,0,,0.10206207261596575,1,1,2.9060209963215495,3,0.4063430009881458,1266.03111453585,3,3.454151654947788e-274,True,,,,,,,1.0,1.8997834102212834e-272
petshop,L2,mean,epsilon_diagnosis,ranked_correlation,4,-0.6323529411764705,-0.7499999999999999,-0.5147058823529411,0,,0,,-0.6081730769230769,-0.7572115384615384,-0.44471153846153844,0,,0,,0.17367684488642735,0,4,5.302368850497132,3,0.15094875381552653,0.06468675523856575,3,0.9957082983979418,True,-0.6590211801083704,-0.9155695705792966,-0.4024727896374443,0.0,0.0,False,1.0,1.0
petshop,L2,mean,epsilon_diagnosis,rcd,4,-0.23529411764705882,-0.338235294117647,-0.1323529411764706,0,,0,,-0.30528846153846156,-0.4519230769230769,-0.1514423076923077,0,,0,,0.25829137694537785,0,3,3.4388367761035994,3,0.32878185369311097,0.03174130311874076,3,0.9985102130494035,True,,,,,,,1.0,1.0
petshop,L2,mean,max_z,random_walk,4,0.1764705882352941,0.08823529411764705,0.27941176470588236,0,,0,,0.22355769230769232,0.07692307692307693,0.36778846153846156,0,,0,,0.12397881690603486,4,0,2.4302187748750725,3,0.4880341977354027,194.780557615461,3,5.660632041606914e-42,True,0.1424092509233543,-0.13478791120806896,0.4196064130547775,0.0016234833102388058,17.566117003655698,True,1.0,2.2642528166427657e-40
petshop,L2,mean,max_z,ranked_correlation,4,-0.4558823529411765,-0.5735294117647058,-0.3235294117647059,0,,0,,-0.38461538461538464,-0.5144230769230769,-0.2644230769230769,0,,0,,0.21600756981402883,0,4,5.997137919835637,3,0.11174955457332747,8.43327425811932,3,0.03785659936343717,False,-0.3906788506552407,-1.30707576217712,0.5257180608666387,0.03285553103571127,70.53789445476255,True,1.0,1.0
petshop,L2,mean,max_z,rcd,4,-0.058823529411764705,-0.16176470588235295,0.04411764705882354,1,petshop::high_traffic,0,,-0.08173076923076923,-0.23557692307692307,0.07211538461538461,1,petshop::high_traffic,0,,0.14760998640601866,1,2,4.6380085249420375,3,0.200305663510015,-21.83398895870702,3,1.0,True,-0.01591410049796445,-0.4441306246951813,0.4123024236992524,0.005371996652120109,39.74210752650995,True,1.0,1.0
petshop,L2,mean,random_walk,ranked_correlation,4,-0.6323529411764705,-0.7499999999999998,-0.5147058823529411,0,,0,,-0.6081730769230769,-0.7427884615384616,-0.46634615384615385,0,,0,,0.09659354593538229,0,4,3.113181465490527,3,0.3745018707249288,283.9624481965512,3,2.940558120855672e-61,True,-0.6424541759989242,-0.8962732247392283,-0.38863512725862004,0.0,0.0,False,1.0,1.2938455731764957e-59
petshop,L2,mean,random_walk,rcd,4,-0.23529411764705882,-0.3235294117647059,-0.14705882352941177,0,,0,,-0.30528846153846156,-0.4375,-0.18028846153846154,0,,0,,0.2141987443263987,0,3,1.6395338827031907,3,0.6504593660087066,3.4575641789669147,3,0.3263077540551216,True,,,,,,,1.0,1.0
petshop,L2,mean,ranked_correlation,rcd,4,0.39705882352941174,0.2647058823529412,0.5147058823529412,0,,0,,0.30288461538461536,0.13942307692307693,0.46634615384615385,0,,0,,0.289581160507223,4,0,17.989404168491603,3,0.00044206845193617283,427.33862914432706,3,2.6481013381929675e-92,True,0.34566753556301844,-0.9400518393451568,1.6313869104711936,0.0661150179049335,82.93918612765414,True,0.023871696404553333,1.377012695860343e-90
RE2,L1,mean,baro,causalrca,3,0.1049382716049383,0.046913580246913604,0.16296296296296295,2,RE2::OB;RE2::SS,1,RE2::SS,0.1049382716049383,0.046913580246913604,0.16296296296296295,2,RE2::OB;RE2::SS,1,RE2::SS,0.3069906441591996,1,2,35.39983506063669,2,2.0560017799375885e-08,40.662843100791754,2,1.4797072831371064e-09,False,,,,,,,4.112003559875177e-07,2.8114438379605022e-08
RE2,L1,mean,baro,circa,3,-0.37037037037037035,-0.43333333333333335,-0.30740740740740735,1,RE2::TT,1,RE2::TT,-0.37037037037037035,-0.43333333333333335,-0.30740740740740735,1,RE2::TT,1,RE2::TT,0.43692716760833117,1,2,83.72319212345553,2,0.0,93.79766698343445,2,4.286426753004083e-21,False,,,,,,,0.0,9.430138856608983e-20
RE2,L1,mean,baro,e_diagnosis,3,0.22962962962962963,0.17407407407407408,0.28518518518518515,1,RE2::SS,0,,0.22962962962962963,0.17407407407407408,0.28518518518518515,1,RE2::SS,0,,0.3914728966436685,2,1,68.50179231020297,2,1.3322676295501878e-15,2628.416480467114,2,0.0,True,,,,,,,3.3306690738754696e-14,0.0
RE2,L1,mean,baro,microrank,2,0.34444444444444444,0.26666666666666666,0.42222222222222217,0,,0,,0.34444444444444444,0.26666666666666666,0.42222222222222217,0,,0,,0.282842712474619,2,0,1.8848352285517649,1,0.16978560862396164,1436.3332124073106,1,0.0,True,,,,,,,1.0,0.0
RE2,L1,mean,baro,mmbaro,3,-0.014814814814814815,-0.040740740740740744,0.007407407407407408,0,,0,,-0.014814814814814815,-0.040740740740740744,0.007407407407407408,0,,0,,0.012830005981991684,0,2,0.05524807564410139,2,0.9727540167804164,0.31382850141698104,2,0.854777352227563,False,,,,,,,1.0,1.0
RE2,L1,mean,baro,simplerca_author,3,-0.21111111111111114,-0.2703703703703703,-0.15555555555555553,0,,0,,-0.21111111111111114,-0.2703703703703703,-0.15555555555555553,0,,0,,0.098757715747951,0,3,4.015615307568851,2,0.1342827464684584,6.527611560556442,2,0.0382425778651988,False,,,,,,,1.0,0.4206683565171868
RE2,L1,mean,baro,tracerca,2,0.08888888888888889,0.0,0.17222222222222222,0,,0,,0.08888888888888889,0.0,0.17222222222222222,0,,0,,0.06285393610547088,2,0,0.06457580726527112,1,0.79940462673355,0.05918723554373066,1,0.8077851898872289,False,,,,,,,1.0,1.0
RE2,L1,mean,causalrca,circa,3,-0.47530864197530864,-0.5382716049382716,-0.41234567901234565,0,,0,,-0.47530864197530864,-0.5382716049382716,-0.41234567901234565,0,,0,,0.14695507246838532,0,3,8.6966999935795,2,0.012928126441805965,11.361879724605677,2,0.0034103516756920416,False,,,,,,,0.15153638645607348,0.044334571783996544
RE2,L1,mean,causalrca,e_diagnosis,3,0.12469135802469133,0.07777777777777777,0.17160493827160492,1,RE2::SS,0,,0.12469135802469133,0.07777777777777777,0.17160493827160492,1,RE2::SS,0,,0.11560856650478486,2,1,22.228478079695606,2,1.4898663606932594e-05,3373.315614068764,2,0.0,True,,,,,,,0.0002628378975586543,0.0
RE2,L1,mean,causalrca,microrank,2,0.14629629629629626,0.08888888888888888,0.2037037037037037,0,,0,,0.14629629629629626,0.08888888888888888,0.2037037037037037,0,,0,,0.08642416214502248,2,0,12.911404055718663,1,0.00032658621969361423,2628.638392236031,1,0.0,True,,,,,,,0.004245620856016985,0.0
RE2,L1,mean,causalrca,mmbaro,3,-0.11975308641975307,-0.17901234567901234,-0.06172839506172839,2,RE2::OB;RE2::SS,1,RE2::SS,-0.11975308641975307,-0.17901234567901234,-0.06172839506172839,2,RE2::OB;RE2::SS,1,RE2::SS,0.3139275805571668,2,1,35.94309233128041,2,1.566955520893032e-08,39.80503884817545,2,2.272195200448413e-09,False,,,,,,,3.290606593875367e-07,4.0899513608071436e-08
RE2,L1,mean,causalrca,simplerca_author,3,-0.31604938271604943,-0.37530864197530867,-0.25555555555555554,0,,0,,-0.31604938271604943,-0.37530864197530867,-0.25555555555555554,0,,0,,0.25297498299443244,0,3,17.634727978412343,2,0.0001481383402743841,24.436750122246643,2,4.938864748732012e-06,False,,,,,,,0.0022220751041157616,7.408297123098018e-05
RE2,L1,mean,causalrca,tracerca,2,-0.10925925925925928,-0.18333333333333335,-0.0351851851851852,1,RE2::OB,1,RE2::OB,-0.10925925925925928,-0.18333333333333335,-0.0351851851851852,1,RE2::OB,1,RE2::OB,0.3064129385141706,1,1,19.149851759268188,1,1.2084688829183676e-05,21.77522564699792,1,3.0653283237727838e-06,False,,,,,,,0.00022960908775448985,4.904525318036454e-05
RE2,L1,mean,circa,e_diagnosis,3,0.6,0.537037037037037,0.6629629629629629,0,,0,,0.6,0.537037037037037,0.6629629629629629,0,,0,,0.04843221048378528,3,0,8.743672316060952,2,0.01262803220467279,2696.5986551580286,2,0.0,True,,,,,,,0.15153638645607348,0.0
RE2,L1,mean,circa,microrank,2,0.5444444444444444,0.4666666666666667,0.6222222222222222,0,,0,,0.5444444444444444,0.4666666666666667,0.6222222222222222,0,,0,,0.17284832429004493,2,0,18.788813889696883,1,1.4602105419925238e-05,2786.7029656017626,1,0.0,True,,,,,,,0.0002628378975586543,0.0
RE2,L1,mean,circa,mmbaro,3,0.3555555555555555,0.28888888888888886,0.42222222222222217,1,RE2::TT,1,RE2::TT,0.3555555555555555,0.28888888888888886,0.42222222222222217,1,RE2::TT,1,RE2::TT,0.4456926915584795,2,1,85.87013295184056,2,0.0,89.91371630414072,2,2.988715533993968e-20,False,,,,,,,0.0,6.276302621387332e-19
RE2,L1,mean,circa,simplerca_author,3,0.15925925925925924,0.0888888888888889,0.2296296296296296,1,RE2::TT,1,RE2::TT,0.15925925925925924,0.0888888888888889,0.2296296296296296,1,RE2::TT,1,RE2::TT,0.3960192870557753,2,1,60.55421235368419,2,7.09432512735475e-14,64.59474955208832,2,9.406506388873239e-15,False,,,,,,,1.70263803056514e-12,1.881301277774648e-13
RE2,L1,mean,circa,tracerca,2,0.28888888888888886,0.1888888888888889,0.38888888888888884,0,,0,,0.28888888888888886,0.1888888888888889,0.38888888888888884,0,,0,,0.3928371006591931,2,0,35.07398916500165,1,3.1741242967342487e-09,30.353167702304873,1,3.601183977911289e-08,False,,,,,,,6.983073452815347e-08,6.122012762449192e-07
RE2,L1,mean,e_diagnosis,microrank,2,-0.04444444444444444,-0.08333333333333334,-0.005555555555555557,1,RE2::OB,0,,-0.04444444444444444,-0.08333333333333334,-0.005555555555555557,1,RE2::OB,0,,0.10999438818457406,1,1,15.066296633322665,1,0.0001038001619649842,-0.008251635067744695,1,1.0,True,,,,,,,0.0016608025914397473,1.0
RE2,L1,mean,e_diagnosis,mmbaro,3,-0.24444444444444444,-0.29999999999999993,-0.18888888888888888,1,RE2::SS,0,,-0.24444444444444444,-0.29999999999999993,-0.18888888888888888,1,RE2::SS,0,,0.40061680838488767,1,2,70.52152275186336,2,4.440892098500626e-16,9.620784725700815,2,0.008144663407318087,True,,,,,,,1.1546319456101628e-14,0.09773596088781705
RE2,L1,mean,e_diagnosis,simplerca_author,3,-0.4407407407407407,-0.5,-0.3814814814814814,0,,0,,-0.4407407407407407,-0.5,-0.3814814814814814,0,,0,,0.35561342121718953,0,3,57.11918943580264,2,3.951283744640932e-13,12.752059400792369,2,0.0017018664806734475,True,,,,,,,9.087952612674144e-12,0.023826130729428265
RE2,L1,mean,e_diagnosis,tracerca,2,-0.3,-0.36111111111111116,-0.23888888888888887,0,,0,,-0.3,-0.36111111111111116,-0.23888888888888887,0,,0,,0.3299831645537222,0,2,13.426564315983171,1,0.00024808605498793934,-0.031335448810813495,1,1.0,True,,,,,,,0.003473204769831151,1.0
RE2,L1,mean,microrank,mmbaro,2,-0.36666666666666664,-0.4444444444444444,-0.28888888888888886,0,,0,,-0.36666666666666664,-0.4444444444444444,-0.28888888888888886,0,,0,,0.282842712474619,0,2,2.0095599188190363,1,0.15631065483960715,0.005113902060312446,1,0.9429906309819305,True,,,,,,,1.0,1.0
RE2,L1,mean,microrank,simplerca_author,2,-0.5722222222222222,-0.65,-0.49444444444444446,0,,0,,-0.5722222222222222,-0.65,-0.49444444444444446,0,,0,,0.14927809825049337,0,2,4.349574756074901,1,0.03701818826991543,0.005242102510753223,1,0.9422817024464485,True,,,,,,,0.3701818826991543,1.0
RE2,L1,mean,microrank,tracerca,2,-0.25555555555555554,-0.3222222222222222,-0.18888888888888888,0,,0,,-0.25555555555555554,-0.3222222222222222,-0.18888888888888888,0,,0,,0.2199887763691481,0,2,2.111967593818349,1,0.14615129553199924,-0.017063663274956693,1,1.0,True,,,,,,,1.0,1.0
RE2,L1,mean,mmbaro,simplerca_author,3,-0.1962962962962963,-0.25555555555555554,-0.13703703703703704,0,,0,,-0.1962962962962963,-0.25555555555555554,-0.13703703703703704,0,,0,,0.09579642338057454,0,3,3.9482971377894955,2,0.13887950825114315,6.3553255010720955,2,0.041682964845565725,False,,,,,,,1.0,0.4206683565171868
RE2,L1,mean,mmbaro,tracerca,2,0.1111111111111111,0.022222222222222223,0.2,0,,0,,0.1111111111111111,0.022222222222222223,0.2,0,,0,,0.0628539361054709,2,0,0.018030153538006743,1,0.8931840085819,0.016198455515069897,1,0.898724208160694,False,,,,,,,1.0,1.0
RE2,L1,mean,simplerca_author,tracerca,2,0.31666666666666665,0.22777777777777775,0.4111111111111111,0,,0,,0.31666666666666665,0.22777777777777775,0.4111111111111111,0,,0,,0.07071067811865474,2,0,2.3910000401957063,1,0.12203553917381571,2.212730794707052,1,0.1368761904089109,False,,,,,,,1.0,1.0
RE2,L1,seed0,baro,causalrca,3,0.06296296296296297,-0.003703703703703695,0.12962962962962962,2,RE2::OB;RE2::SS,1,RE2::OB,0.06296296296296297,-0.003703703703703695,0.12962962962962962,2,RE2::OB;RE2::SS,1,RE2::OB,0.29320142937799676,1,2,34.43396126918333,2,3.332424469704165e-08,31.26602317327786,2,1.624311549749947e-07,False,,,,,,,2.1214266554547834e-07,8.03279195483378e-07
RE2,L1,seed0,causalrca,circa,3,-0.43333333333333324,-0.5037037037037037,-0.36296296296296293,0,,0,,-0.43333333333333324,-0.5037037037037037,-0.36296296296296293,0,,0,,0.18189672826383219,0,3,14.711197466780959,2,0.000639004709572788,15.122776832995651,2,0.0005201525539165252,False,,,,,,,0.0009401631757071094,0.0006567587017746776
RE2,L1,seed0,causalrca,e_diagnosis,3,0.16666666666666663,0.1111111111111111,0.2222222222222222,1,RE2::SS,0,,0.16666666666666663,0.1111111111111111,0.2222222222222222,1,RE2::SS,0,,0.1543604887716645,2,1,28.304625208357493,2,7.140501748770234e-07,2832.6755460461413,2,0.0,True,,,,,,,3.570250874385117e-06,0.0
RE2,L1,seed0,causalrca,microrank,2,0.2111111111111111,0.13888888888888887,0.2833333333333333,0,,0,,0.2111111111111111,0.13888888888888887,0.2833333333333333,0,,0,,0.09428090415820635,2,0,13.81066074504895,1,0.00020218573308972143,2231.2055540077636,1,0.0,True,,,,,,,0.0006065571992691643,0.0
RE2,L1,seed0,causalrca,mmbaro,3,-0.07777777777777777,-0.14444444444444446,-0.0111111111111111,2,RE2::OB;RE2::SS,0,,-0.07777777777777777,-0.14444444444444446,-0.0111111111111111,2,RE2::OB;RE2::SS,0,,0.29876288132775003,2,1,34.623833973800174,2,3.030609507792548e-08,31.288002810698597,2,1.606558390966756e-07,False,,,,,,,2.1214266554547834e-07,8.03279195483378e-07
RE2,L1,seed0,causalrca,simplerca_author,3,-0.274074074074074,-0.34444444444444444,-0.20370370370370372,0,,0,,-0.274074074074074,-0.34444444444444444,-0.20370370370370372,0,,0,,0.22888169711822778,0,3,15.325208574295061,2,0.0004700815878535547,16.042682120588537,2,0.0003283793508873388,False,,,,,,,0.0009401631757071094,0.0006567587017746776
RE2,L1,seed0,causalrca,tracerca,2,-0.04444444444444444,-0.12777777777777777,0.0388888888888889,1,RE2::OB,1,RE2::OB,-0.04444444444444444,-0.12777777777777777,0.0388888888888889,1,RE2::OB,1,RE2::OB,0.31426968052735443,1,1,22.220576485570916,1,2.4305498970145223e-06,20.737938757486937,1,5.266222350632513e-06,False,,,,,,,9.722199588058089e-06,1.5798667051897537e-05
RE2,L1,seed1,baro,causalrca,3,0.137037037037037,0.07407407407407407,0.19999999999999998,2,RE2::OB;RE2::SS,1,RE2::SS,0.137037037037037,0.07407407407407407,0.19999999999999998,2,RE2::OB;RE2::SS,1,RE2::SS,0.3468256995143546,1,2,46.16537060056061,2,9.447509441429247e-11,37.13761946620092,2,8.623198778615822e-09,False,,,,,,,5.668505664857548e-10,3.849434344034748e-08
RE2,L1,seed1,causalrca,circa,3,-0.5074074074074073,-0.5740740740740741,-0.44074074074074066,0,,0,,-0.5074074074074073,-0.5740740740740741,-0.44074074074074066,0,,0,,0.0944988949790598,0,3,1.9183525734490559,2,0.38320840986114024,1.9857468681388113,2,0.3705105224148449,False,,,,,,,0.38320840986114024,0.3705105224148449
RE2,L1,seed1,causalrca,e_diagnosis,3,0.09259259259259259,0.04074074074074074,0.14444444444444443,0,,0,,0.09259259259259259,0.04074074074074074,0.14444444444444443,0,,0,,0.06119522830317891,3,0,13.657533942711211,2,0.0010821916686072353,2109.7908728813873,2,0.0,True,,,,,,,0.0021643833372144705,0.0
RE2,L1,seed1,causalrca,microrank,2,0.08333333333333333,0.02222222222222222,0.15,0,,0,,0.08333333333333333,0.02222222222222222,0.15,0,,0,,0.10213764617139019,2,0,13.636478732966566,1,0.00022183308153300718,1742.1279058136236,1,0.0,True,,,,,,,0.0006654992445990215,0.0
RE2,L1,seed1,causalrca,mmbaro,3,-0.15185185185185185,-0.2148148148148148,-0.08888888888888888,1,RE2::SS,1,RE2::SS,-0.15185185185185185,-0.2148148148148148,-0.08888888888888888,1,RE2::SS,1,RE2::SS,0.3549184106091151,1,2,47.31602664507926,2,5.3144155742756993e-11,37.36438488501689,2,7.698868688069496e-09,False,,,,,,,3.7200909019929895e-10,3.849434344034748e-08
RE2,L1,seed1,causalrca,simplerca_author,3,-0.3481481481481481,-0.4111111111111111,-0.28148148148148144,0,,0,,-0.3481481481481481,-0.4111111111111111,-0.28148148148148144,0,,0,,0.30170980525061186,0,3,28.680636414276023,2,5.916691614427094e-07,29.603074914629374,2,3.73055939269711e-07,False,,,,,,,2.958345807213547e-06,1.119167817809133e-06
RE2,L1,seed1,causalrca,tracerca,2,-0.17222222222222222,-0.25555555555555554,-0.08888888888888888,1,RE2::OB,0,,-0.17222222222222222,-0.25555555555555554,-0.08888888888888888,1,RE2::OB,0,,0.32212642254053836,1,1,19.01862655216911,1,1.2944863665209638e-05,15.937270376543541,1,6.547662911328297e-05,False,,,,,,,5.177945466083855e-05,0.00013095325822656595
RE2,L1,seed2,baro,causalrca,3,0.11481481481481481,0.05185185185185184,0.17777777777777776,2,RE2::OB;RE2::SS,0,,0.11481481481481481,0.05185185185185184,0.17777777777777776,2,RE2::OB;RE2::SS,0,,0.2855216869956746,1,2,28.23237752463598,2,7.403159648644575e-07,27.13367476915537,2,1.2823228673362545e-06,False,,,,,,,4.441895789186745e-06,6.411614336681273e-06
RE2,L1,seed2,causalrca,circa,3,-0.48518518518518516,-0.5555555555555556,-0.4148148148148148,0,,0,,-0.48518518518518516,-0.5555555555555556,-0.4148148148148148,0,,0,,0.1667900777658919,0,3,12.170238730928986,2,0.0022764925734429786,11.271929047755538,2,0.0035672348901449203,False,,,,,,,0.0038848311626891174,0.0035672348901449203
RE2,L1,seed2,causalrca,e_diagnosis,3,0.11481481481481481,0.059259259259259255,0.17037037037037034,1,RE2::SS,0,,0.11481481481481481,0.059259259259259255,0.17037037037037034,1,RE2::SS,0,,0.13255948272720947,2,1,25.23933747053809,2,3.306339951270054e-06,2431.902920999621,2,0.0,True,,,,,,,1.653169975635027e-05,0.0
RE2,L1,seed2,causalrca,microrank,2,0.14444444444444443,0.07777777777777778,0.2111111111111111,0,,0,,0.14444444444444443,0.07777777777777778,0.2111111111111111,0,,0,,0.06285393610547088,2,0,11.275274879755273,1,0.0007854622346818996,2007.2111328387832,1,0.0,True,,,,,,,0.0023563867040456987,0.0
RE2,L1,seed2,causalrca,mmbaro,3,-0.12962962962962962,-0.1925925925925926,-0.06666666666666665,2,RE2::OB;RE2::SS,0,,-0.12962962962962962,-0.1925925925925926,-0.06666666666666665,2,RE2::OB;RE2::SS,0,,0.29235808699060567,2,1,28.601276830850168,2,6.156184803041143e-07,25.887797753714892,2,2.3907608943362245e-06,False,,,,,,,4.3093293621288e-06,9.563043577344898e-06
RE2,L1,seed2,causalrca,simplerca_author,3,-0.3259259259259259,-0.39259259259259255,-0.26296296296296295,0,,0,,-0.3259259259259259,-0.39259259259259255,-0.26296296296296295,0,,0,,0.2315629486272679,0,3,12.487645870868278,2,0.0019424155813445587,13.20428406360495,2,0.0013574572046097387,False,,,,,,,0.0038848311626891174,0.0027149144092194774
RE2,L1,seed2,causalrca,tracerca,2,-0.1111111111111111,-0.18888888888888888,-0.033333333333333326,1,RE2::OB,0,,-0.1111111111111111,-0.18888888888888888,-0.033333333333333326,1,RE2::OB,0,,0.28284271247461906,1,1,15.634493085503209,1,7.684008531461117e-05,15.899798710138946,1,6.67858197786368e-05,False,,,,,,,0.0003073603412584447,0.0002003574593359104
RE2,L2,mean,alertcount,baro,3,-0.022222222222222227,-0.08888888888888888,0.04444444444444445,2,RE2::OB;RE2::SS,1,RE2::SS,-0.022222222222222227,-0.08888888888888888,0.04444444444444445,2,RE2::OB;RE2::SS,1,RE2::SS,0.3964347283313617,2,1,69.30697518487887,2,8.881784197001252e-16,59.809002854982886,2,1.0295324647087022e-13,False,,,,,,,4.1744385725905886e-14,3.706316872951328e-12
RE2,L2,mean,alertcount,causalrca,3,0.08271604938271607,0.022222222222222237,0.14691358024691362,0,,0,,0.08271604938271607,0.022222222222222237,0.14691358024691362,0,,0,,0.13685339714124461,3,0,8.378916587234357,2,0.015154491934947,10.440888802049365,2,0.00540492663771014,False,,,,,,,0.257626362894099,0.09728867947878252
RE2,L2,mean,alertcount,cd1min,3,-0.5518518518518518,-0.6148148148148148,-0.48518518518518516,0,,0,,-0.5518518518518518,-0.6148148148148148,-0.48518518518518516,0,,0,,0.027962349760261997,0,3,2.568216656123127,2,0.27689737520635926,2.5814979532511426,2,0.2750646888970162,False,,,,,,,1.0,1.0
RE2,L2,mean,alertcount,circa,3,-0.39259259259259255,-0.4666666666666666,-0.3185185185185185,0,,0,,-0.39259259259259255,-0.4666666666666666,-0.3185185185185185,0,,0,,0.06119522830317892,0,3,1.1781412063704693,2,0.5548427142294408,1.2093139335950978,2,0.5462617804315048,False,,,,,,,1.0,1.0
RE2,L2,mean,alertcount,e_diagnosis,3,0.2074074074074074,0.15185185185185185,0.2666666666666666,0,,0,,0.2074074074074074,0.15185185185185185,0.2666666666666666,0,,0,,0.027962349760262035,3,0,9.396558832736957,2,0.00911093975719146,2701.7972461012373,2,0.0,True,,,,,,,0.18221879514382922,0.0
RE2,L2,mean,alertcount,max_z,3,-0.4074074074074074,-0.48148148148148145,-0.3296296296296296,0,,0,,-0.4074074074074074,-0.48148148148148145,-0.3296296296296296,0,,0,,0.18801540957773416,0,3,11.4737501498455,2,0.003224829898028747,11.215060979566324,2,0.003670121578590024,False,,,,,,,0.06772142785860369,0.06973230999321046
RE2,L2,mean,alertcount,microrank,2,0.15,0.08888888888888888,0.21666666666666667,0,,0,,0.15,0.08888888888888888,0.21666666666666667,0,,0,,0.08642416214502248,2,0,12.94144442251303,1,0.00032138693590466616,2517.233420833938,1,0.0,True,,,,,,,0.008034673397616654,0.0
RE2,L2,mean,alertcount,mmbaro,3,-0.037037037037037035,-0.1037037037037037,0.033333333333333326,2,RE2::OB;RE2::SS,1,RE2::SS,-0.037037037037037035,-0.1037037037037037,0.033333333333333326,2,RE2::OB;RE2::SS,1,RE2::SS,0.40617659197486106,2,1,71.76869805149568,2,2.220446049250313e-16,62.49316889978508,2,2.690176626922306e-14,False,,,,,,,1.1102230246251565e-14,1.0222671182304762e-12
RE2,L2,mean,alertcount,simplerca_author,3,-0.23333333333333334,-0.30379629629629623,-0.15925925925925927,1,RE2::SS,1,RE2::SS,-0.23333333333333334,-0.30379629629629623,-0.15925925925925927,1,RE2::SS,1,RE2::SS,0.3671713698190735,1,2,52.01922061546372,2,5.0601745016365385e-12,54.3774923847009,2,1.556243529666309e-12,False,,,,,,,2.0746715456709808e-10,5.2912280008654506e-11
RE2,L2,mean,alertcount,tracerca,2,-0.10555555555555557,-0.18333333333333335,-0.027777777777777776,1,RE2::OB,1,RE2::OB,-0.10555555555555557,-0.18333333333333335,-0.027777777777777776,1,RE2::OB,1,RE2::OB,0.3064129385141706,1,1,19.28713586186211,1,1.1246151197186194e-05,21.838735035587746,1,2.9655250810431674e-06,False,,,,,,,0.0003823691407043306,7.710365210712235e-05
RE2,L2,mean,baro,causalrca,3,0.1049382716049383,0.046913580246913604,0.16296296296296295,2,RE2::OB;RE2::SS,1,RE2::SS,0.1049382716049383,0.046913580246913604,0.16296296296296295,2,RE2::OB;RE2::SS,1,RE2::SS,0.3069906441591996,1,2,35.39983506063669,2,2.0560017799375885e-08,40.662843100791754,2,1.4797072831371064e-09,False,,,,,,,7.401606407775319e-07,4.58709257772503e-08
RE2,L2,mean,baro,cd1min,3,-0.5296296296296296,-0.5851851851851851,-0.47407407407407404,0,,0,,-0.5296296296296296,-0.5851851851851851,-0.47407407407407404,0,,0,,0.38124768096171174,0,3,61.62230002643247,2,4.163336342344337e-14,60.76298879901273,2,6.389761235853969e-14,False,,,,,,,1.8318679906315083e-12,2.3642116572659685e-12
RE2,L2,mean,baro,circa,3,-0.37037037037037035,-0.43333333333333335,-0.30740740740740735,1,RE2::TT,1,RE2::TT,-0.37037037037037035,-0.43333333333333335,-0.30740740740740735,1,RE2::TT,1,RE2::TT,0.43692716760833117,1,2,83.72319212345553,2,0.0,93.79766698343445,2,4.286426753004083e-21,False,,,,,,,0.0,1.757434968731674e-19
RE2,L2,mean,baro,e_diagnosis,3,0.22962962962962963,0.17407407407407408,0.28518518518518515,1,RE2::SS,0,,0.22962962962962963,0.17407407407407408,0.28518518518518515,1,RE2::SS,0,,0.3914728966436685,2,1,68.50179231020297,2,1.3322676295501878e-15,2628.416480467114,2,0.0,True,,,,,,,6.128431095930864e-14,0.0
RE2,L2,mean,baro,max_z,3,-0.3851851851851852,-0.4444444444444444,-0.3222222222222222,1,RE2::TT,1,RE2::TT,-0.3851851851851852,-0.4444444444444444,-0.3222222222222222,1,RE2::TT,1,RE2::TT,0.5595780303196872,1,2,134.08909639352123,2,0.0,135.58541383403283,2,3.614110881515541e-30,False,,,,,,,0.0,1.5902087878668382e-28
RE2,L2,mean,baro,microrank,2,0.34444444444444444,0.26666666666666666,0.42222222222222217,0,,0,,0.34444444444444444,0.26666666666666666,0.42222222222222217,0,,0,,0.282842712474619,2,0,1.8848352285517649,1,0.16978560862396164,1436.3332124073106,1,0.0,True,,,,,,,1.0,0.0
RE2,L2,mean,baro,mmbaro,3,-0.014814814814814815,-0.040740740740740744,0.007407407407407408,0,,0,,-0.014814814814814815,-0.040740740740740744,0.007407407407407408,0,,0,,0.012830005981991684,0,2,0.05524807564410139,2,0.9727540167804164,0.31382850141698104,2,0.854777352227563,False,,,,,,,1.0,1.0
RE2,L2,mean,baro,simplerca_author,3,-0.21111111111111114,-0.2703703703703703,-0.15555555555555553,0,,0,,-0.21111111111111114,-0.2703703703703703,-0.15555555555555553,0,,0,,0.098757715747951,0,3,4.015615307568851,2,0.1342827464684584,6.527611560556442,2,0.0382425778651988,False,,,,,,,1.0,0.5353960901127832
RE2,L2,mean,baro,tracerca,2,0.08888888888888889,0.0,0.17222222222222222,0,,0,,0.08888888888888889,0.0,0.17222222222222222,0,,0,,0.06285393610547088,2,0,0.06457580726527112,1,0.79940462673355,0.05918723554373066,1,0.8077851898872289,False,,,,,,,1.0,1.0
RE2,L2,mean,causalrca,cd1min,3,-0.634567901234568,-0.6864197530864198,-0.5814814814814815,0,,0,,-0.634567901234568,-0.6864197530864198,-0.5814814814814815,0,,0,,0.14278886604075083,0,3,14.796555989107901,2,0.0006123062485082764,15.769126499505452,2,0.0003765110169169896,False,,,,,,,0.014083043715690358,0.008283242372173772
RE2,L2,mean,causalrca,circa,3,-0.47530864197530864,-0.5382716049382716,-0.41234567901234565,0,,0,,-0.47530864197530864,-0.5382716049382716,-0.41234567901234565,0,,0,,0.14695507246838532,0,3,8.6966999935795,2,0.012928126441805965,11.361879724605677,2,0.0034103516756920416,False,,,,,,,0.239932611888783,0.06820703351384083
RE2,L2,mean,causalrca,e_diagnosis,3,0.12469135802469133,0.07777777777777777,0.17160493827160492,1,RE2::SS,0,,0.12469135802469133,0.07777777777777777,0.17160493827160492,1,RE2::SS,0,,0.11560856650478486,2,1,22.228478079695606,2,1.4898663606932594e-05,3373.315614068764,2,0.0,True,,,,,,,0.0004672673734376076,0.0
RE2,L2,mean,causalrca,max_z,3,-0.4901234567901235,-0.5493827160493827,-0.43086419753086425,0,,0,,-0.4901234567901235,-0.5493827160493827,-0.43086419753086425,0,,0,,0.25591315113459817,0,3,23.068233777248793,2,9.790315368407576e-06,33.85261975642342,2,4.4565319137882486e-08,False,,,,,,,0.00034266103789426516,1.2478289358607095e-06
RE2,L2,mean,causalrca,microrank,2,0.14629629629629626,0.08888888888888888,0.2037037037037037,0,,0,,0.14629629629629626,0.08888888888888888,0.2037037037037037,0,,0,,0.08642416214502248,2,0,12.911404055718663,1,0.00032658621969361423,2628.638392236031,1,0.0,True,,,,,,,0.008034673397616654,0.0
RE2,L2,mean,causalrca,mmbaro,3,-0.11975308641975307,-0.17901234567901234,-0.06172839506172839,2,RE2::OB;RE2::SS,1,RE2::SS,-0.11975308641975307,-0.17901234567901234,-0.06172839506172839,2,RE2::OB;RE2::SS,1,RE2::SS,0.3139275805571668,2,1,35.94309233128041,2,1.566955520893032e-08,39.80503884817545,2,2.272195200448413e-09,False,,,,,,,5.797735427304218e-07,6.816585601345239e-08
RE2,L2,mean,causalrca,simplerca_author,3,-0.31604938271604943,-0.37530864197530867,-0.25555555555555554,0,,0,,-0.31604938271604943,-0.37530864197530867,-0.25555555555555554,0,,0,,0.25297498299443244,0,3,17.634727978412343,2,0.0001481383402743841,24.436750122246643,2,4.938864748732012e-06,False,,,,,,,0.004147873527682755,0.00011853275396956828
RE2,L2,mean,causalrca,tracerca,2,-0.10925925925925928,-0.18333333333333335,-0.0351851851851852,1,RE2::OB,1,RE2::OB,-0.10925925925925928,-0.18333333333333335,-0.0351851851851852,1,RE2::OB,1,RE2::OB,0.3064129385141706,1,1,19.149851759268188,1,1.2084688829183676e-05,21.77522564699792,1,3.0653283237727838e-06,False,,,,,,,0.0003987947313630613,7.710365210712235e-05
RE2,L2,mean,cd1min,circa,3,0.15925925925925927,0.09999999999999999,0.2185185185185185,0,,0,,0.15925925925925927,0.09999999999999999,0.2185185185185185,0,,0,,0.0891200697445627,3,0,5.494191402416277,2,0.06411379669218298,7.2576028508778245,2,0.02654798508691863,False,,,,,,,0.8334793569983787,0.39821977630377947
RE2,L2,mean,cd1min,e_diagnosis,3,0.7592592592592592,0.7037037037037037,0.8111111111111111,0,,0,,0.7592592592592592,0.7037037037037037,0.8111111111111111,0,,0,,0.051320023927966744,3,0,5.64699227587198,2,0.059397915968406045,1718.796468534987,2,0.0,True,,,,,,,0.8315708235576846,0.0
RE2,L2,mean,cd1min,max_z,3,0.14444444444444443,0.08888888888888888,0.19999999999999996,1,RE2::OB,0,,0.14444444444444443,0.08888888888888888,0.19999999999999996,1,RE2::OB,0,,0.21459119906475518,2,1,16.542517767553818,2,0.0002557631124738835,26.95173276445488,2,1.404447765052689e-06,False,,,,,,,0.006698323484674362,3.79200896564226e-05
RE2,L2,mean,cd1min,microrank,2,0.7,0.6222222222222222,0.7777777777777777,0,,0,,0.7,0.6222222222222222,0.7777777777777777,0,,0,,0.04714045207910316,2,0,10.708095229020557,1,0.0010666778746502015,1762.5653209235904,1,0.0,True,,,,,,,0.023466913242304432,0.0
RE2,L2,mean,cd1min,mmbaro,3,0.5148148148148148,0.45555555555555555,0.5703703703703704,0,,0,,0.5148148148148148,0.45555555555555555,0.5703703703703704,0,,0,,0.3914728966436685,3,0,64.07158241537593,2,1.2212453270876722e-14,59.236478377944835,2,1.3707623157617839e-13,False,,,,,,,5.495603971894525e-13,4.797668105166243e-12
RE2,L2,mean,cd1min,simplerca_author,3,0.3185185185185185,0.25925925925925924,0.37777777777777777,1,RE2::TT,0,,0.3185185185185185,0.25925925925925924,0.37777777777777777,1,RE2::TT,0,,0.3583799854787786,2,1,51.991916273779,2,5.129785485280536e-12,45.58738280274254,2,1.2613209295024446e-10,False,,,,,,,2.0746715456709808e-10,4.036226974407823e-09
RE2,L2,mean,cd1min,tracerca,2,0.4444444444444444,0.35555555555555557,0.5333333333333333,0,,0,,0.4444444444444444,0.35555555555555557,0.5333333333333333,0,,0,,0.26712922844825127,2,0,14.902438300295046,1,0.00011321655612572812,13.50088626092916,1,0.0002384508085708702,False,,,,,,,0.0032832801276461154,0.005484368597130015
RE2,L2,mean,circa,e_diagnosis,3,0.6,0.537037037037037,0.6629629629629629,0,,0,,0.6,0.537037037037037,0.6629629629629629,0,,0,,0.04843221048378528,3,0,8.743672316060952,2,0.01262803220467279,2696.5986551580286,2,0.0,True,,,,,,,0.239932611888783,0.0
RE2,L2,mean,circa,max_z,3,-0.014814814814814815,-0.07777777777777778,0.04814814814814815,1,RE2::TT,0,,-0.014814814814814815,-0.07777777777777778,0.04814814814814815,1,RE2::TT,0,,0.1302103394907181,1,2,7.1632320438015995,2,0.027830686895833456,9.457221210305176,2,0.00883874301644659,False,,,,,,,0.4452909903333353,0.14141988826314544
RE2,L2,mean,circa,microrank,2,0.5444444444444444,0.4666666666666667,0.6222222222222222,0,,0,,0.5444444444444444,0.4666666666666667,0.6222222222222222,0,,0,,0.17284832429004493,2,0,18.788813889696883,1,1.4602105419925238e-05,2786.7029656017626,1,0.0,True,,,,,,,0.0004672673734376076,0.0
RE2,L2,mean,circa,mmbaro,3,0.3555555555555555,0.28888888888888886,0.42222222222222217,1,RE2::TT,1,RE2::TT,0.3555555555555555,0.28888888888888886,0.42222222222222217,1,RE2::TT,1,RE2::TT,0.4456926915584795,2,1,85.87013295184056,2,0.0,89.91371630414072,2,2.988715533993968e-20,False,,,,,,,0.0,1.1954862135975872e-18
RE2,L2,mean,circa,simplerca_author,3,0.15925925925925924,0.0888888888888889,0.2296296296296296,1,RE2::TT,1,RE2::TT,0.15925925925925924,0.0888888888888889,0.2296296296296296,1,RE2::TT,1,RE2::TT,0.3960192870557753,2,1,60.55421235368419,2,7.09432512735475e-14,64.59474955208832,2,9.406506388873239e-15,False,,,,,,,3.0505598047625426e-12,3.6685374916605633e-13
RE2,L2,mean,circa,tracerca,2,0.28888888888888886,0.1888888888888889,0.38888888888888884,0,,0,,0.28888888888888886,0.1888888888888889,0.38888888888888884,0,,0,,0.3928371006591931,2,0,35.07398916500165,1,3.1741242967342487e-09,30.353167702304873,1,3.601183977911289e-08,False,,,,,,,1.237908475726357e-07,1.0443433535942738e-06
RE2,L2,mean,e_diagnosis,max_z,3,-0.6148148148148147,-0.674074074074074,-0.5518518518518518,0,,0,,-0.6148148148148147,-0.674074074074074,-0.5518518518518518,0,,0,,0.17858612520357325,0,3,5.391258832797007,2,0.06749988286769926,2.5858273227788517,2,0.2744699045484513,True,,,,,,,0.8334793569983787,1.0
RE2,L2,mean,e_diagnosis,microrank,2,-0.04444444444444444,-0.08333333333333334,-0.005555555555555557,1,RE2::OB,0,,-0.04444444444444444,-0.08333333333333334,-0.005555555555555557,1,RE2::OB,0,,0.10999438818457406,1,1,15.066296633322665,1,0.0001038001619649842,-0.008251635067744695,1,1.0,True,,,,,,,0.003114004858949526,1.0
RE2,L2,mean,e_diagnosis,mmbaro,3,-0.24444444444444444,-0.29999999999999993,-0.18888888888888888,1,RE2::SS,0,,-0.24444444444444444,-0.29999999999999993,-0.18888888888888888,1,RE2::SS,0,,0.40061680838488767,1,2,70.52152275186336,2,4.440892098500626e-16,9.620784725700815,2,0.008144663407318087,True,,,,,,,2.1316282072803006e-14,0.1384592779244075
RE2,L2,mean,e_diagnosis,simplerca_author,3,-0.4407407407407407,-0.5,-0.3814814814814814,0,,0,,-0.4407407407407407,-0.5,-0.3814814814814814,0,,0,,0.35561342121718953,0,3,57.11918943580264,2,3.951283744640932e-13,12.752059400792369,2,0.0017018664806734475,True,,,,,,,1.6595391727491915e-11,0.035739196094142396
RE2,L2,mean,e_diagnosis,tracerca,2,-0.3,-0.36111111111111116,-0.23888888888888887,0,,0,,-0.3,-0.36111111111111116,-0.23888888888888887,0,,0,,0.3299831645537222,0,2,13.426564315983171,1,0.00024808605498793934,-0.031335448810813495,1,1.0,True,,,,,,,0.006698323484674362,1.0
RE2,L2,mean,max_z,microrank,2,0.5333333333333333,0.45555555555555555,0.611111111111111,0,,0,,0.5333333333333333,0.45555555555555555,0.611111111111111,0,,0,,0.3456966485800899,2,0,32.675795054553475,1,1.0888474677450688e-08,2642.0041076175717,1,0.0,True,,,,,,,4.1376203774312614e-07,0.0
RE2,L2,mean,max_z,mmbaro,3,0.37037037037037035,0.30740740740740735,0.43333333333333324,1,RE2::TT,1,RE2::TT,0.37037037037037035,0.30740740740740735,0.43333333333333324,1,RE2::TT,1,RE2::TT,0.5674649424460948,2,1,136.50145910139577,2,0.0,131.22066466388551,2,3.204754104244104e-29,False,,,,,,,0.0,1.3780442648249648e-27
RE2,L2,mean,max_z,simplerca_author,3,0.17407407407407408,0.1111111111111111,0.23703703703703705,1,RE2::TT,1,RE2::TT,0.17407407407407408,0.1111111111111111,0.23703703703703705,1,RE2::TT,1,RE2::TT,0.5084876309035382,2,1,101.52306926176891,2,0.0,106.35030701836955,2,8.059799841684852e-24,False,,,,,,,0.0,3.3851159335076378e-22
RE2,L2,mean,max_z,tracerca,2,0.2777777777777778,0.18333333333333332,0.37222222222222223,1,RE2::TT,0,,0.2777777777777778,0.18333333333333332,0.37222222222222223,1,RE2::TT,0,,0.5656854249492381,1,1,67.25886001995525,1,2.220446049250313e-16,48.97542136294348,1,2.5919011781696234e-12,False,,,,,,,1.1102230246251565e-14,8.553273887959757e-11
RE2,L2,mean,microrank,mmbaro,2,-0.36666666666666664,-0.4444444444444444,-0.28888888888888886,0,,0,,-0.36666666666666664,-0.4444444444444444,-0.28888888888888886,0,,0,,0.282842712474619,0,2,2.0095599188190363,1,0.15631065483960715,0.005113902060312446,1,0.9429906309819305,True,,,,,,,1.0,1.0
RE2,L2,mean,microrank,simplerca_author,2,-0.5722222222222222,-0.65,-0.49444444444444446,0,,0,,-0.5722222222222222,-0.65,-0.49444444444444446,0,,0,,0.14927809825049337,0,2,4.349574756074901,1,0.03701818826991543,0.005242102510753223,1,0.9422817024464485,True,,,,,,,0.5552728240487315,1.0
RE2,L2,mean,microrank,tracerca,2,-0.25555555555555554,-0.3222222222222222,-0.18888888888888888,0,,0,,-0.25555555555555554,-0.3222222222222222,-0.18888888888888888,0,,0,,0.2199887763691481,0,2,2.111967593818349,1,0.14615129553199924,-0.017063663274956693,1,1.0,True,,,,,,,1.0,1.0
RE2,L2,mean,mmbaro,simplerca_author,3,-0.1962962962962963,-0.25555555555555554,-0.13703703703703704,0,,0,,-0.1962962962962963,-0.25555555555555554,-0.13703703703703704,0,,0,,0.09579642338057454,0,3,3.9482971377894955,2,0.13887950825114315,6.3553255010720955,2,0.041682964845565725,False,,,,,,,1.0,0.5418785429923544
RE2,L2,mean,mmbaro,tracerca,2,0.1111111111111111,0.022222222222222223,0.2,0,,0,,0.1111111111111111,0.022222222222222223,0.2,0,,0,,0.0628539361054709,2,0,0.018030153538006743,1,0.8931840085819,0.016198455515069897,1,0.898724208160694,False,,,,,,,1.0,1.0
RE2,L2,mean,simplerca_author,tracerca,2,0.31666666666666665,0.22777777777777775,0.4111111111111111,0,,0,,0.31666666666666665,0.22777777777777775,0.4111111111111111,0,,0,,0.07071067811865474,2,0,2.3910000401957063,1,0.12203553917381571,2.212730794707052,1,0.1368761904089109,False,,,,,,,1.0,1.0
RE2,L2,seed0,alertcount,causalrca,3,0.04074074074074074,-0.029629629629629627,0.11481481481481481,2,RE2::OB;RE2::TT,0,,0.04074074074074074,-0.029629629629629627,0.11481481481481481,2,RE2::OB;RE2::TT,0,,0.1765000378880571,1,2,14.807462931480018,2,0.0006089761425965845,13.198449667541189,2,0.0013614229577265885,False,,,,,,,0.001410244763560664,0.0013614229577265885
RE2,L2,seed0,baro,causalrca,3,0.06296296296296297,-0.003703703703703695,0.12962962962962962,2,RE2::OB;RE2::SS,1,RE2::OB,0.06296296296296297,-0.003703703703703695,0.12962962962962962,2,RE2::OB;RE2::SS,1,RE2::OB,0.29320142937799676,1,2,34.43396126918333,2,3.332424469704165e-08,31.26602317327786,2,1.624311549749947e-07,False,,,,,,,3.0306095077925477e-07,1.2852467127734049e-06
RE2,L2,seed0,causalrca,cd1min,3,-0.5925925925925926,-0.6518518518518518,-0.5333333333333332,0,,0,,-0.5925925925925926,-0.6518518518518518,-0.5333333333333332,0,,0,,0.1826868511872374,0,3,21.992848478663404,2,1.676152897689409e-05,19.96002394391478,2,4.63165146781482e-05,False,,,,,,,8.380764488447046e-05,0.0001852660587125928
RE2,L2,seed0,causalrca,circa,3,-0.43333333333333324,-0.5037037037037037,-0.36296296296296293,0,,0,,-0.43333333333333324,-0.5037037037037037,-0.36296296296296293,0,,0,,0.18189672826383219,0,3,14.711197466780959,2,0.000639004709572788,15.122776832995651,2,0.0005201525539165252,False,,,,,,,0.001410244763560664,0.0010403051078330505
RE2,L2,seed0,causalrca,e_diagnosis,3,0.16666666666666663,0.1111111111111111,0.2222222222222222,1,RE2::SS,0,,0.16666666666666663,0.1111111111111111,0.2222222222222222,1,RE2::SS,0,,0.1543604887716645,2,1,28.304625208357493,2,7.140501748770234e-07,2832.6755460461413,2,0.0,True,,,,,,,4.998351224139164e-06,0.0
RE2,L2,seed0,causalrca,max_z,3,-0.44814814814814813,-0.5185185185185185,-0.37777777777777777,0,,0,,-0.44814814814814813,-0.5185185185185185,-0.37777777777777777,0,,0,,0.28138399871440856,0,3,31.415922880208882,2,1.5070200298783476e-07,29.966533464041248,2,3.110641325557846e-07,False,,,,,,,1.205616023902678e-06,1.8663847953347074e-06
RE2,L2,seed0,causalrca,microrank,2,0.2111111111111111,0.13888888888888887,0.2833333333333333,0,,0,,0.2111111111111111,0.13888888888888887,0.2833333333333333,0,,0,,0.09428090415820635,2,0,13.81066074504895,1,0.00020218573308972143,2231.2055540077636,1,0.0,True,,,,,,,0.0008087429323588857,0.0
RE2,L2,seed0,causalrca,mmbaro,3,-0.07777777777777777,-0.14444444444444446,-0.0111111111111111,2,RE2::OB;RE2::SS,0,,-0.07777777777777777,-0.14444444444444446,-0.0111111111111111,2,RE2::OB;RE2::SS,0,,0.29876288132775003,2,1,34.623833973800174,2,3.030609507792548e-08,31.288002810698597,2,1.606558390966756e-07,False,,,,,,,3.0306095077925477e-07,1.2852467127734049e-06
RE2,L2,seed0,causalrca,simplerca_author,3,-0.274074074074074,-0.34444444444444444,-0.20370370370370372,0,,0,,-0.274074074074074,-0.34444444444444444,-0.20370370370370372,0,,0,,0.22888169711822778,0,3,15.325208574295061,2,0.0004700815878535547,16.042682120588537,2,0.0003283793508873388,False,,,,,,,0.001410244763560664,0.0009851380526620162
RE2,L2,seed0,causalrca,tracerca,2,-0.04444444444444444,-0.12777777777777777,0.0388888888888889,1,RE2::OB,1,RE2::OB,-0.04444444444444444,-0.12777777777777777,0.0388888888888889,1,RE2::OB,1,RE2::OB,0.31426968052735443,1,1,22.220576485570916,1,2.4305498970145223e-06,20.737938757486937,1,5.266222350632513e-06,False,,,,,,,1.4583299382087134e-05,2.6331111753162567e-05
RE2,L2,seed1,alertcount,causalrca,3,0.1148148148148148,0.05175925925925934,0.1814814814814815,0,,0,,0.1148148148148148,0.05175925925925934,0.1814814814814815,0,,0,,0.0841319754933374,3,0,2.026494166795942,2,0.363038248173815,2.118308190781952,2,0.346749002885823,False,,,,,,,0.72607649634763,0.693498005771646
RE2,L2,seed1,baro,causalrca,3,0.137037037037037,0.07407407407407407,0.19999999999999998,2,RE2::OB;RE2::SS,1,RE2::SS,0.137037037037037,0.07407407407407407,0.19999999999999998,2,RE2::OB;RE2::SS,1,RE2::SS,0.3468256995143546,1,2,46.16537060056061,2,9.447509441429247e-11,37.13761946620092,2,8.623198778615822e-09,False,,,,,,,8.502758497286322e-10,6.159094950455597e-08
RE2,L2,seed1,causalrca,cd1min,3,-0.6666666666666665,-0.7259259259259259,-0.6074074074074074,0,,0,,-0.6666666666666665,-0.7259259259259259,-0.6074074074074074,0,,0,,0.09493337494797263,0,3,7.146199734905963,2,0.02806870940350137,7.471209602496368,2,0.023858736910425015,False,,,,,,,0.0842061282105041,0.07157621073127504
RE2,L2,seed1,causalrca,circa,3,-0.5074074074074073,-0.5740740740740741,-0.44074074074074066,0,,0,,-0.5074074074074073,-0.5740740740740741,-0.44074074074074066,0,,0,,0.0944988949790598,0,3,1.9183525734490559,2,0.38320840986114024,1.9857468681388113,2,0.3705105224148449,False,,,,,,,0.72607649634763,0.693498005771646
RE2,L2,seed1,causalrca,e_diagnosis,3,0.09259259259259259,0.04074074074074074,0.14444444444444443,0,,0,,0.09259259259259259,0.04074074074074074,0.14444444444444443,0,,0,,0.06119522830317891,3,0,13.657533942711211,2,0.0010821916686072353,2109.7908728813873,2,0.0,True,,,,,,,0.005410958343036176,0.0
RE2,L2,seed1,causalrca,max_z,3,-0.5222222222222221,-0.5851851851851851,-0.4592592592592592,0,,0,,-0.5222222222222221,-0.5851851851851851,-0.4592592592592592,0,,0,,0.21285826734075572,0,3,10.700917465875591,2,0.004745973365668732,12.666432557909152,2,0.0017763114585998517,False,,,,,,,0.018983893462674928,0.007105245834399407
RE2,L2,seed1,causalrca,microrank,2,0.08333333333333333,0.02222222222222222,0.15,0,,0,,0.08333333333333333,0.02222222222222222,0.15,0,,0,,0.10213764617139019,2,0,13.636478732966566,1,0.00022183308153300718,1742.1279058136236,1,0.0,True,,,,,,,0.001330998489198043,0.0
RE2,L2,seed1,causalrca,mmbaro,3,-0.15185185185185185,-0.2148148148148148,-0.08888888888888888,1,RE2::SS,1,RE2::SS,-0.15185185185185185,-0.2148148148148148,-0.08888888888888888,1,RE2::SS,1,RE2::SS,0.3549184106091151,1,2,47.31602664507926,2,5.3144155742756993e-11,37.36438488501689,2,7.698868688069496e-09,False,,,,,,,5.314415574275699e-10,6.159094950455597e-08
RE2,L2,seed1,causalrca,simplerca_author,3,-0.3481481481481481,-0.4111111111111111,-0.28148148148148144,0,,0,,-0.3481481481481481,-0.4111111111111111,-0.28148148148148144,0,,0,,0.30170980525061186,0,3,28.680636414276023,2,5.916691614427094e-07,29.603074914629374,2,3.73055939269711e-07,False,,,,,,,4.733353291541675e-06,2.238335635618266e-06
RE2,L2,seed1,causalrca,tracerca,2,-0.17222222222222222,-0.25555555555555554,-0.08888888888888888,1,RE2::OB,0,,-0.17222222222222222,-0.25555555555555554,-0.08888888888888888,1,RE2::OB,0,,0.32212642254053836,1,1,19.01862655216911,1,1.2944863665209638e-05,15.937270376543541,1,6.547662911328297e-05,False,,,,,,,9.061404565646747e-05,0.00032738314556641487
RE2,L2,seed2,alertcount,causalrca,3,0.09259259259259257,0.02592592592592593,0.16296296296296295,1,RE2::TT,0,,0.09259259259259257,0.02592592592592593,0.16296296296296295,1,RE2::TT,0,,0.15167107577365385,2,1,10.939771531278438,2,0.004211713252888938,11.023242241652584,2,0.004039553468057351,False,,,,,,,0.005827246744033676,0.007134469780289841
RE2,L2,seed2,baro,causalrca,3,0.11481481481481481,0.05185185185185184,0.17777777777777776,2,RE2::OB;RE2::SS,0,,0.11481481481481481,0.05185185185185184,0.17777777777777776,2,RE2::OB;RE2::SS,0,,0.2855216869956746,1,2,28.23237752463598,2,7.403159648644575e-07,27.13367476915537,2,1.2823228673362545e-06,False,,,,,,,5.92252771891566e-06,8.976260071353782e-06
RE2,L2,seed2,causalrca,cd1min,3,-0.6444444444444444,-0.7,-0.5851851851851851,0,,0,,-0.6444444444444444,-0.7,-0.5851851851851851,0,,0,,0.1543604887716645,0,3,16.969247576588145,2,0.0002066211182818467,15.264232222480455,2,0.00048463423254940053,False,,,,,,,0.0010331055914092335,0.0019385369301976021
RE2,L2,seed2,causalrca,circa,3,-0.48518518518518516,-0.5555555555555556,-0.4148148148148148,0,,0,,-0.48518518518518516,-0.5555555555555556,-0.4148148148148148,0,,0,,0.1667900777658919,0,3,12.170238730928986,2,0.0022764925734429786,11.271929047755538,2,0.0035672348901449203,False,,,,,,,0.005827246744033676,0.007134469780289841
RE2,L2,seed2,causalrca,e_diagnosis,3,0.11481481481481481,0.059259259259259255,0.17037037037037034,1,RE2::SS,0,,0.11481481481481481,0.059259259259259255,0.17037037037037034,1,RE2::SS,0,,0.13255948272720947,2,1,25.23933747053809,2,3.306339951270054e-06,2431.902920999621,2,0.0,True,,,,,,,2.314437965889038e-05,0.0
RE2,L2,seed2,causalrca,max_z,3,-0.49999999999999994,-0.5629629629629629,-0.437037037037037,0,,0,,-0.49999999999999994,-0.5629629629629629,-0.437037037037037,0,,0,,0.27755546659548436,0,3,29.0198551002469,2,4.993654971752193e-07,32.44531545095375,2,9.007188839804249e-08,False,,,,,,,4.993654971752193e-06,7.205751071843399e-07
RE2,L2,seed2,causalrca,microrank,2,0.14444444444444443,0.07777777777777778,0.2111111111111111,0,,0,,0.14444444444444443,0.07777777777777778,0.2111111111111111,0,,0,,0.06285393610547088,2,0,11.275274879755273,1,0.0007854622346818996,2007.2111328387832,1,0.0,True,,,,,,,0.0031418489387275983,0.0
RE2,L2,seed2,causalrca,mmbaro,3,-0.12962962962962962,-0.1925925925925926,-0.06666666666666665,2,RE2::OB;RE2::SS,0,,-0.12962962962962962,-0.1925925925925926,-0.06666666666666665,2,RE2::OB;RE2::SS,0,,0.29235808699060567,2,1,28.601276830850168,2,6.156184803041143e-07,25.887797753714892,2,2.3907608943362245e-06,False,,,,,,,5.540566322737028e-06,1.4344565366017347e-05
RE2,L2,seed2,causalrca,simplerca_author,3,-0.3259259259259259,-0.39259259259259255,-0.26296296296296295,0,,0,,-0.3259259259259259,-0.39259259259259255,-0.26296296296296295,0,,0,,0.2315629486272679,0,3,12.487645870868278,2,0.0019424155813445587,13.20428406360495,2,0.0013574572046097387,False,,,,,,,0.005827246744033676,0.004072371613829217
RE2,L2,seed2,causalrca,tracerca,2,-0.1111111111111111,-0.18888888888888888,-0.033333333333333326,1,RE2::OB,0,,-0.1111111111111111,-0.18888888888888888,-0.033333333333333326,1,RE2::OB,0,,0.28284271247461906,1,1,15.634493085503209,1,7.684008531461117e-05,15.899798710138946,1,6.67858197786368e-05,False,,,,,,,0.00046104051188766704,0.00033392909889318396
