family,layer,variant,a,b,sub,n,acc_a,acc_b,delta,lo,hi
RE1,L1,mean,baro,causalrca,RE1::OB,125,0.736,0.6160000000000001,0.12000000000000001,0.04266666666666667,0.1946666666666667
RE1,L1,mean,baro,causalrca,RE1::SS,125,0.848,0.176,0.672,0.592,0.752
RE1,L1,mean,baro,causalrca,RE1::TT,125,0.56,0.13599999999999998,0.424,0.3306666666666667,0.5146666666666666
RE1,L1,mean,baro,circa,RE1::OB,125,0.736,0.672,0.064,-0.032,0.16
RE1,L1,mean,baro,circa,RE1::SS,125,0.848,0.704,0.144,0.064,0.232
RE1,L1,mean,baro,circa,RE1::TT,125,0.56,0.328,0.232,0.136,0.328
RE1,L1,mean,baro,e_diagnosis,RE1::OB,125,0.736,0.032,0.704,0.624,0.784
RE1,L1,mean,baro,e_diagnosis,RE1::SS,125,0.848,0.144,0.704,0.616,0.784
RE1,L1,mean,baro,e_diagnosis,RE1::TT,125,0.56,0.0,0.56,0.472,0.64
RE1,L1,mean,baro,rcd,RE1::OB,125,0.736,0.5413333333333334,0.19466666666666665,0.09866666666666668,0.288
RE1,L1,mean,baro,rcd,RE1::SS,125,0.848,0.3893333333333333,0.45866666666666667,0.3546666666666667,0.56
RE1,L1,mean,baro,rcd,RE1::TT,125,0.56,0.088,0.472,0.3813333333333333,0.56
RE1,L1,mean,causalrca,circa,RE1::OB,125,0.6160000000000001,0.672,-0.05600000000000001,-0.14400000000000004,0.034666666666666644
RE1,L1,mean,causalrca,circa,RE1::SS,125,0.176,0.704,-0.5279999999999999,-0.6133333333333334,-0.44000000000000006
RE1,L1,mean,causalrca,circa,RE1::TT,125,0.13599999999999998,0.328,-0.19200000000000003,-0.2800000000000001,-0.104
RE1,L1,mean,causalrca,e_diagnosis,RE1::OB,125,0.6160000000000001,0.032,0.5840000000000001,0.5119999999999999,0.6586666666666666
RE1,L1,mean,causalrca,e_diagnosis,RE1::SS,125,0.176,0.144,0.031999999999999994,-0.05066666666666668,0.11733333333333332
RE1,L1,mean,causalrca,e_diagnosis,RE1::TT,125,0.13599999999999998,0.0,0.13599999999999998,0.096,0.17866666666666667
RE1,L1,mean,causalrca,rcd,RE1::OB,125,0.6160000000000001,0.5413333333333334,0.07466666666666667,-0.018666666666666668,0.16533333333333333
RE1,L1,mean,causalrca,rcd,RE1::SS,125,0.176,0.3893333333333333,-0.21333333333333335,-0.2986666666666667,-0.13066666666666665
RE1,L1,mean,causalrca,rcd,RE1::TT,125,0.13599999999999998,0.088,0.047999999999999994,-0.018666666666666675,0.112
RE1,L1,mean,circa,e_diagnosis,RE1::OB,125,0.672,0.032,0.64,0.552,0.72
RE1,L1,mean,circa,e_diagnosis,RE1::SS,125,0.704,0.144,0.56,0.464,0.648
RE1,L1,mean,circa,e_diagnosis,RE1::TT,125,0.328,0.0,0.328,0.248,0.408
RE1,L1,mean,circa,rcd,RE1::OB,125,0.672,0.5413333333333334,0.13066666666666665,0.02133333333333335,0.23733333333333334
RE1,L1,mean,circa,rcd,RE1::SS,125,0.704,0.3893333333333333,0.3146666666666667,0.19466666666666665,0.432
RE1,L1,mean,circa,rcd,RE1::TT,125,0.328,0.088,0.24,0.14933333333333335,0.328
RE1,L1,mean,e_diagnosis,rcd,RE1::OB,125,0.032,0.5413333333333334,-0.5093333333333333,-0.5946666666666666,-0.42400000000000004
RE1,L1,mean,e_diagnosis,rcd,RE1::SS,125,0.144,0.3893333333333333,-0.24533333333333332,-0.3519999999999999,-0.14133333333333334
RE1,L1,mean,e_diagnosis,rcd,RE1::TT,125,0.0,0.088,-0.088,-0.13599999999999998,-0.048
RE1,L1,seed0,baro,causalrca,RE1::OB,125,0.736,0.64,0.096,0.0,0.192
RE1,L1,seed0,baro,causalrca,RE1::SS,125,0.848,0.256,0.592,0.5038000000000001,0.688
RE1,L1,seed0,baro,causalrca,RE1::TT,125,0.56,0.16,0.4,0.296,0.504
RE1,L1,seed0,baro,rcd,RE1::OB,125,0.736,0.528,0.208,0.112,0.304
RE1,L1,seed0,baro,rcd,RE1::SS,125,0.848,0.376,0.472,0.36,0.576
RE1,L1,seed0,baro,rcd,RE1::TT,125,0.56,0.072,0.488,0.4,0.576
RE1,L1,seed0,causalrca,circa,RE1::OB,125,0.64,0.672,-0.032,-0.136,0.072
RE1,L1,seed0,causalrca,circa,RE1::SS,125,0.256,0.704,-0.448,-0.544,-0.344
RE1,L1,seed0,causalrca,circa,RE1::TT,125,0.16,0.328,-0.168,-0.272,-0.064
RE1,L1,seed0,causalrca,e_diagnosis,RE1::OB,125,0.64,0.032,0.608,0.52,0.688
RE1,L1,seed0,causalrca,e_diagnosis,RE1::SS,125,0.256,0.144,0.112,0.016,0.208
RE1,L1,seed0,causalrca,e_diagnosis,RE1::TT,125,0.16,0.0,0.16,0.096,0.224
RE1,L1,seed0,causalrca,rcd,RE1::OB,125,0.64,0.528,0.112,0.0,0.216
RE1,L1,seed0,causalrca,rcd,RE1::SS,125,0.256,0.376,-0.12,-0.224,-0.024
RE1,L1,seed0,causalrca,rcd,RE1::TT,125,0.16,0.072,0.088,0.008,0.168
RE1,L1,seed0,circa,rcd,RE1::OB,125,0.672,0.528,0.144,0.032,0.256
RE1,L1,seed0,circa,rcd,RE1::SS,125,0.704,0.376,0.328,0.2,0.448
RE1,L1,seed0,circa,rcd,RE1::TT,125,0.328,0.072,0.256,0.168,0.344
RE1,L1,seed0,e_diagnosis,rcd,RE1::OB,125,0.032,0.528,-0.496,-0.584,-0.408
RE1,L1,seed0,e_diagnosis,rcd,RE1::SS,125,0.144,0.376,-0.232,-0.344,-0.12
RE1,L1,seed0,e_diagnosis,rcd,RE1::TT,125,0.0,0.072,-0.072,-0.12,-0.032
RE1,L1,seed1,baro,causalrca,RE1::OB,125,0.736,0.568,0.168,0.08,0.256
RE1,L1,seed1,baro,causalrca,RE1::SS,125,0.848,0.152,0.696,0.608,0.784
RE1,L1,seed1,baro,causalrca,RE1::TT,125,0.56,0.208,0.352,0.24,0.456
RE1,L1,seed1,baro,rcd,RE1::OB,125,0.736,0.568,0.168,0.064,0.272
RE1,L1,seed1,baro,rcd,RE1::SS,125,0.848,0.384,0.464,0.352,0.568
RE1,L1,seed1,baro,rcd,RE1::TT,125,0.56,0.08,0.48,0.384,0.576
RE1,L1,seed1,causalrca,circa,RE1::OB,125,0.568,0.672,-0.104,-0.208,0.0
RE1,L1,seed1,causalrca,circa,RE1::SS,125,0.152,0.704,-0.552,-0.64,-0.464
RE1,L1,seed1,causalrca,circa,RE1::TT,125,0.208,0.328,-0.12,-0.216,-0.016
RE1,L1,seed1,causalrca,e_diagnosis,RE1::OB,125,0.568,0.032,0.536,0.448,0.624
RE1,L1,seed1,causalrca,e_diagnosis,RE1::SS,125,0.152,0.144,0.008,-0.072,0.096
RE1,L1,seed1,causalrca,e_diagnosis,RE1::TT,125,0.208,0.0,0.208,0.136,0.28
RE1,L1,seed1,causalrca,rcd,RE1::OB,125,0.568,0.568,0.0,-0.104,0.104
RE1,L1,seed1,causalrca,rcd,RE1::SS,125,0.152,0.384,-0.232,-0.328,-0.144
RE1,L1,seed1,causalrca,rcd,RE1::TT,125,0.208,0.08,0.128,0.032,0.224
RE1,L1,seed1,circa,rcd,RE1::OB,125,0.672,0.568,0.104,-0.008,0.216
RE1,L1,seed1,circa,rcd,RE1::SS,125,0.704,0.384,0.32,0.192,0.44
RE1,L1,seed1,circa,rcd,RE1::TT,125,0.328,0.08,0.248,0.152,0.344
RE1,L1,seed1,e_diagnosis,rcd,RE1::OB,125,0.032,0.568,-0.536,-0.624,-0.448
RE1,L1,seed1,e_diagnosis,rcd,RE1::SS,125,0.144,0.384,-0.24,-0.352,-0.128
RE1,L1,seed1,e_diagnosis,rcd,RE1::TT,125,0.0,0.08,-0.08,-0.128,-0.04
RE1,L1,seed2,baro,causalrca,RE1::OB,125,0.736,0.64,0.096,0.008,0.176
RE1,L1,seed2,baro,causalrca,RE1::SS,125,0.848,0.12,0.728,0.648,0.808
RE1,L1,seed2,baro,causalrca,RE1::TT,125,0.56,0.04,0.52,0.432,0.608
RE1,L1,seed2,baro,rcd,RE1::OB,125,0.736,0.528,0.208,0.112,0.304
RE1,L1,seed2,baro,rcd,RE1::SS,125,0.848,0.408,0.44,0.336,0.544
RE1,L1,seed2,baro,rcd,RE1::TT,125,0.56,0.112,0.448,0.352,0.536
RE1,L1,seed2,causalrca,circa,RE1::OB,125,0.64,0.672,-0.032,-0.128,0.064
RE1,L1,seed2,causalrca,circa,RE1::SS,125,0.12,0.704,-0.584,-0.672,-0.496
RE1,L1,seed2,causalrca,circa,RE1::TT,125,0.04,0.328,-0.288,-0.376,-0.2
RE1,L1,seed2,causalrca,e_diagnosis,RE1::OB,125,0.64,0.032,0.608,0.52,0.688199999999997
RE1,L1,seed2,causalrca,e_diagnosis,RE1::SS,125,0.12,0.144,-0.024,-0.112,0.064
RE1,L1,seed2,causalrca,e_diagnosis,RE1::TT,125,0.04,0.0,0.04,0.008,0.08
RE1,L1,seed2,causalrca,rcd,RE1::OB,125,0.64,0.528,0.112,0.0,0.216
RE1,L1,seed2,causalrca,rcd,RE1::SS,125,0.12,0.408,-0.288,-0.384,-0.192
RE1,L1,seed2,causalrca,rcd,RE1::TT,125,0.04,0.112,-0.072,-0.144,-0.008
RE1,L1,seed2,circa,rcd,RE1::OB,125,0.672,0.528,0.144,0.032,0.256
RE1,L1,seed2,circa,rcd,RE1::SS,125,0.704,0.408,0.296,0.168,0.416
RE1,L1,seed2,circa,rcd,RE1::TT,125,0.328,0.112,0.216,0.12,0.304
RE1,L1,seed2,e_diagnosis,rcd,RE1::OB,125,0.032,0.528,-0.496,-0.584,-0.408
RE1,L1,seed2,e_diagnosis,rcd,RE1::SS,125,0.144,0.408,-0.264,-0.376,-0.16
RE1,L1,seed2,e_diagnosis,rcd,RE1::TT,125,0.0,0.112,-0.112,-0.168,-0.064
RE1,L2,mean,alertcount,baro,RE1::OB,125,0.392,0.736,-0.344,-0.44,-0.2478000000000029
RE1,L2,mean,alertcount,baro,RE1::SS,125,0.376,0.848,-0.472,-0.576,-0.36
RE1,L2,mean,alertcount,baro,RE1::TT,125,0.048,0.56,-0.512,-0.608,-0.408
RE1,L2,mean,alertcount,causalrca,RE1::OB,125,0.392,0.6160000000000001,-0.22399999999999998,-0.32,-0.12799999999999997
RE1,L2,mean,alertcount,causalrca,RE1::SS,125,0.376,0.176,0.2,0.0986666666666667,0.3013333333333334
RE1,L2,mean,alertcount,causalrca,RE1::TT,125,0.048,0.13599999999999998,-0.088,-0.144,-0.02933333333333333
RE1,L2,mean,alertcount,cd1min,RE1::OB,125,0.392,0.728,-0.336,-0.448,-0.224
RE1,L2,mean,alertcount,cd1min,RE1::SS,125,0.376,0.928,-0.552,-0.648,-0.448
RE1,L2,mean,alertcount,cd1min,RE1::TT,125,0.048,0.28,-0.232,-0.328,-0.144
RE1,L2,mean,alertcount,circa,RE1::OB,125,0.392,0.672,-0.28,-0.392,-0.176
RE1,L2,mean,alertcount,circa,RE1::SS,125,0.376,0.704,-0.328,-0.448,-0.208
RE1,L2,mean,alertcount,circa,RE1::TT,125,0.048,0.328,-0.28,-0.368,-0.192
RE1,L2,mean,alertcount,e_diagnosis,RE1::OB,125,0.392,0.032,0.36,0.272,0.448
RE1,L2,mean,alertcount,e_diagnosis,RE1::SS,125,0.376,0.144,0.232,0.12,0.344
RE1,L2,mean,alertcount,e_diagnosis,RE1::TT,125,0.048,0.0,0.048,0.016,0.088
RE1,L2,mean,alertcount,max_z,RE1::OB,125,0.392,0.504,-0.112,-0.224,0.0
RE1,L2,mean,alertcount,max_z,RE1::SS,125,0.376,0.744,-0.368,-0.488,-0.248
RE1,L2,mean,alertcount,max_z,RE1::TT,125,0.048,0.424,-0.376,-0.472,-0.28
RE1,L2,mean,alertcount,rcd,RE1::OB,125,0.392,0.5413333333333334,-0.14933333333333335,-0.25333333333333335,-0.04533333333333332
RE1,L2,mean,alertcount,rcd,RE1::SS,125,0.376,0.3893333333333333,-0.013333333333333327,-0.12799999999999997,0.10400000000000001
RE1,L2,mean,alertcount,rcd,RE1::TT,125,0.048,0.088,-0.03999999999999999,-0.096,0.016
RE1,L2,mean,baro,causalrca,RE1::OB,125,0.736,0.6160000000000001,0.12000000000000001,0.04266666666666667,0.1946666666666667
RE1,L2,mean,baro,causalrca,RE1::SS,125,0.848,0.176,0.672,0.592,0.752
RE1,L2,mean,baro,causalrca,RE1::TT,125,0.56,0.13599999999999998,0.424,0.3306666666666667,0.5146666666666666
RE1,L2,mean,baro,cd1min,RE1::OB,125,0.736,0.728,0.008,-0.08,0.096
RE1,L2,mean,baro,cd1min,RE1::SS,125,0.848,0.928,-0.08,-0.136,-0.024
RE1,L2,mean,baro,cd1min,RE1::TT,125,0.56,0.28,0.28,0.16,0.392
RE1,L2,mean,baro,circa,RE1::OB,125,0.736,0.672,0.064,-0.032,0.16
RE1,L2,mean,baro,circa,RE1::SS,125,0.848,0.704,0.144,0.064,0.232
RE1,L2,mean,baro,circa,RE1::TT,125,0.56,0.328,0.232,0.136,0.328
RE1,L2,mean,baro,e_diagnosis,RE1::OB,125,0.736,0.032,0.704,0.624,0.784
RE1,L2,mean,baro,e_diagnosis,RE1::SS,125,0.848,0.144,0.704,0.616,0.784
RE1,L2,mean,baro,e_diagnosis,RE1::TT,125,0.56,0.0,0.56,0.472,0.64
RE1,L2,mean,baro,max_z,RE1::OB,125,0.736,0.504,0.232,0.136,0.328
RE1,L2,mean,baro,max_z,RE1::SS,125,0.848,0.744,0.104,0.032,0.176
RE1,L2,mean,baro,max_z,RE1::TT,125,0.56,0.424,0.136,0.048,0.224
RE1,L2,mean,baro,rcd,RE1::OB,125,0.736,0.5413333333333334,0.19466666666666665,0.09866666666666668,0.288
RE1,L2,mean,baro,rcd,RE1::SS,125,0.848,0.3893333333333333,0.45866666666666667,0.3546666666666667,0.56
RE1,L2,mean,baro,rcd,RE1::TT,125,0.56,0.088,0.472,0.3813333333333333,0.56
RE1,L2,mean,causalrca,cd1min,RE1::OB,125,0.6160000000000001,0.728,-0.11200000000000003,-0.19733333333333333,-0.026666666666666675
RE1,L2,mean,causalrca,cd1min,RE1::SS,125,0.176,0.928,-0.752,-0.8186666666666668,-0.68
RE1,L2,mean,causalrca,cd1min,RE1::TT,125,0.13599999999999998,0.28,-0.14400000000000002,-0.23466666666666666,-0.056000000000000015
RE1,L2,mean,causalrca,circa,RE1::OB,125,0.6160000000000001,0.672,-0.05600000000000001,-0.14400000000000004,0.034666666666666644
RE1,L2,mean,causalrca,circa,RE1::SS,125,0.176,0.704,-0.5279999999999999,-0.6133333333333334,-0.44000000000000006
RE1,L2,mean,causalrca,circa,RE1::TT,125,0.13599999999999998,0.328,-0.19200000000000003,-0.2800000000000001,-0.104
RE1,L2,mean,causalrca,e_diagnosis,RE1::OB,125,0.6160000000000001,0.032,0.5840000000000001,0.5119999999999999,0.6586666666666666
RE1,L2,mean,causalrca,e_diagnosis,RE1::SS,125,0.176,0.144,0.031999999999999994,-0.05066666666666668,0.11733333333333332
RE1,L2,mean,causalrca,e_diagnosis,RE1::TT,125,0.13599999999999998,0.0,0.13599999999999998,0.096,0.17866666666666667
RE1,L2,mean,causalrca,max_z,RE1::OB,125,0.6160000000000001,0.504,0.11199999999999999,0.007999999999999985,0.21599999999999997
RE1,L2,mean,causalrca,max_z,RE1::SS,125,0.176,0.744,-0.568,-0.6613333333333333,-0.4746666666666667
RE1,L2,mean,causalrca,max_z,RE1::TT,125,0.13599999999999998,0.424,-0.288,-0.3786666666666667,-0.19466666666666668
RE1,L2,mean,causalrca,rcd,RE1::OB,125,0.6160000000000001,0.5413333333333334,0.07466666666666667,-0.018666666666666668,0.16533333333333333
RE1,L2,mean,causalrca,rcd,RE1::SS,125,0.176,0.3893333333333333,-0.21333333333333335,-0.2986666666666667,-0.13066666666666665
RE1,L2,mean,causalrca,rcd,RE1::TT,125,0.13599999999999998,0.088,0.047999999999999994,-0.018666666666666675,0.112
RE1,L2,mean,cd1min,circa,RE1::OB,125,0.728,0.672,0.056,-0.04,0.152
RE1,L2,mean,cd1min,circa,RE1::SS,125,0.928,0.704,0.224,0.144,0.304
RE1,L2,mean,cd1min,circa,RE1::TT,125,0.28,0.328,-0.048,-0.16,0.072
RE1,L2,mean,cd1min,e_diagnosis,RE1::OB,125,0.728,0.032,0.696,0.616,0.776
RE1,L2,mean,cd1min,e_diagnosis,RE1::SS,125,0.928,0.144,0.784,0.712,0.856
RE1,L2,mean,cd1min,e_diagnosis,RE1::TT,125,0.28,0.0,0.28,0.2,0.36
RE1,L2,mean,cd1min,max_z,RE1::OB,125,0.728,0.504,0.224,0.12,0.336
RE1,L2,mean,cd1min,max_z,RE1::SS,125,0.928,0.744,0.184,0.112,0.256
RE1,L2,mean,cd1min,max_z,RE1::TT,125,0.28,0.424,-0.144,-0.248,-0.032
RE1,L2,mean,cd1min,rcd,RE1::OB,125,0.728,0.5413333333333334,0.18666666666666662,0.08000000000000002,0.29066666666666674
RE1,L2,mean,cd1min,rcd,RE1::SS,125,0.928,0.3893333333333333,0.5386666666666667,0.448,0.6266666666666667
RE1,L2,mean,cd1min,rcd,RE1::TT,125,0.28,0.088,0.19200000000000003,0.09866666666666665,0.288
RE1,L2,mean,circa,e_diagnosis,RE1::OB,125,0.672,0.032,0.64,0.552,0.72
RE1,L2,mean,circa,e_diagnosis,RE1::SS,125,0.704,0.144,0.56,0.464,0.648
RE1,L2,mean,circa,e_diagnosis,RE1::TT,125,0.328,0.0,0.328,0.248,0.408
RE1,L2,mean,circa,max_z,RE1::OB,125,0.672,0.504,0.168,0.064,0.28
RE1,L2,mean,circa,max_z,RE1::SS,125,0.704,0.744,-0.04,-0.144,0.064
RE1,L2,mean,circa,max_z,RE1::TT,125,0.328,0.424,-0.096,-0.192,0.008
RE1,L2,mean,circa,rcd,RE1::OB,125,0.672,0.5413333333333334,0.13066666666666665,0.02133333333333335,0.23733333333333334
RE1,L2,mean,circa,rcd,RE1::SS,125,0.704,0.3893333333333333,0.3146666666666667,0.19466666666666665,0.432
RE1,L2,mean,circa,rcd,RE1::TT,125,0.328,0.088,0.24,0.14933333333333335,0.328
RE1,L2,mean,e_diagnosis,max_z,RE1::OB,125,0.032,0.504,-0.472,-0.56,-0.376
RE1,L2,mean,e_diagnosis,max_z,RE1::SS,125,0.144,0.744,-0.6,-0.696,-0.496
RE1,L2,mean,e_diagnosis,max_z,RE1::TT,125,0.0,0.424,-0.424,-0.512,-0.336
RE1,L2,mean,e_diagnosis,rcd,RE1::OB,125,0.032,0.5413333333333334,-0.5093333333333333,-0.5946666666666666,-0.42400000000000004
RE1,L2,mean,e_diagnosis,rcd,RE1::SS,125,0.144,0.3893333333333333,-0.24533333333333332,-0.3519999999999999,-0.14133333333333334
RE1,L2,mean,e_diagnosis,rcd,RE1::TT,125,0.0,0.088,-0.088,-0.13599999999999998,-0.048
RE1,L2,mean,max_z,rcd,RE1::OB,125,0.504,0.5413333333333334,-0.03733333333333333,-0.15199999999999997,0.072
RE1,L2,mean,max_z,rcd,RE1::SS,125,0.744,0.3893333333333333,0.3546666666666667,0.25333333333333335,0.45866666666666667
RE1,L2,mean,max_z,rcd,RE1::TT,125,0.424,0.088,0.336,0.2426666666666667,0.4293333333333333
RE1,L2,seed0,alertcount,causalrca,RE1::OB,125,0.392,0.64,-0.248,-0.352,-0.144
RE1,L2,seed0,alertcount,causalrca,RE1::SS,125,0.376,0.256,0.12,0.008,0.232
RE1,L2,seed0,alertcount,causalrca,RE1::TT,125,0.048,0.16,-0.112,-0.192,-0.04
RE1,L2,seed0,alertcount,rcd,RE1::OB,125,0.392,0.528,-0.136,-0.248,-0.024
RE1,L2,seed0,alertcount,rcd,RE1::SS,125,0.376,0.376,0.0,-0.12,0.128
RE1,L2,seed0,alertcount,rcd,RE1::TT,125,0.048,0.072,-0.024,-0.08,0.032
RE1,L2,seed0,baro,causalrca,RE1::OB,125,0.736,0.64,0.096,0.0,0.192
RE1,L2,seed0,baro,causalrca,RE1::SS,125,0.848,0.256,0.592,0.5038000000000001,0.688
RE1,L2,seed0,baro,causalrca,RE1::TT,125,0.56,0.16,0.4,0.296,0.504
RE1,L2,seed0,baro,rcd,RE1::OB,125,0.736,0.528,0.208,0.112,0.304
RE1,L2,seed0,baro,rcd,RE1::SS,125,0.848,0.376,0.472,0.36,0.576
RE1,L2,seed0,baro,rcd,RE1::TT,125,0.56,0.072,0.488,0.4,0.576
RE1,L2,seed0,causalrca,cd1min,RE1::OB,125,0.64,0.728,-0.088,-0.184,0.008
RE1,L2,seed0,causalrca,cd1min,RE1::SS,125,0.256,0.928,-0.672,-0.752,-0.584
RE1,L2,seed0,causalrca,cd1min,RE1::TT,125,0.16,0.28,-0.12,-0.216,-0.024
RE1,L2,seed0,causalrca,circa,RE1::OB,125,0.64,0.672,-0.032,-0.136,0.072
RE1,L2,seed0,causalrca,circa,RE1::SS,125,0.256,0.704,-0.448,-0.544,-0.344
RE1,L2,seed0,causalrca,circa,RE1::TT,125,0.16,0.328,-0.168,-0.272,-0.064
RE1,L2,seed0,causalrca,e_diagnosis,RE1::OB,125,0.64,0.032,0.608,0.52,0.688
RE1,L2,seed0,causalrca,e_diagnosis,RE1::SS,125,0.256,0.144,0.112,0.016,0.208
RE1,L2,seed0,causalrca,e_diagnosis,RE1::TT,125,0.16,0.0,0.16,0.096,0.224
RE1,L2,seed0,causalrca,max_z,RE1::OB,125,0.64,0.504,0.136,0.024,0.248
RE1,L2,seed0,causalrca,max_z,RE1::SS,125,0.256,0.744,-0.488,-0.592,-0.384
RE1,L2,seed0,causalrca,max_z,RE1::TT,125,0.16,0.424,-0.264,-0.36,-0.16
RE1,L2,seed0,causalrca,rcd,RE1::OB,125,0.64,0.528,0.112,0.0,0.216
RE1,L2,seed0,causalrca,rcd,RE1::SS,125,0.256,0.376,-0.12,-0.224,-0.024
RE1,L2,seed0,causalrca,rcd,RE1::TT,125,0.16,0.072,0.088,0.008,0.168
RE1,L2,seed0,cd1min,rcd,RE1::OB,125,0.728,0.528,0.2,0.088,0.312
RE1,L2,seed0,cd1min,rcd,RE1::SS,125,0.928,0.376,0.552,0.456,0.648
RE1,L2,seed0,cd1min,rcd,RE1::TT,125,0.28,0.072,0.208,0.12,0.304
RE1,L2,seed0,circa,rcd,RE1::OB,125,0.672,0.528,0.144,0.032,0.256
RE1,L2,seed0,circa,rcd,RE1::SS,125,0.704,0.376,0.328,0.2,0.448
RE1,L2,seed0,circa,rcd,RE1::TT,125,0.328,0.072,0.256,0.168,0.344
RE1,L2,seed0,e_diagnosis,rcd,RE1::OB,125,0.032,0.528,-0.496,-0.584,-0.408
RE1,L2,seed0,e_diagnosis,rcd,RE1::SS,125,0.144,0.376,-0.232,-0.344,-0.12
RE1,L2,seed0,e_diagnosis,rcd,RE1::TT,125,0.0,0.072,-0.072,-0.12,-0.032
RE1,L2,seed0,max_z,rcd,RE1::OB,125,0.504,0.528,-0.024,-0.136,0.088
RE1,L2,seed0,max_z,rcd,RE1::SS,125,0.744,0.376,0.368,0.256,0.48
RE1,L2,seed0,max_z,rcd,RE1::TT,125,0.424,0.072,0.352,0.256,0.448
RE1,L2,seed1,alertcount,causalrca,RE1::OB,125,0.392,0.568,-0.176,-0.28,-0.08
RE1,L2,seed1,alertcount,causalrca,RE1::SS,125,0.376,0.152,0.224,0.12,0.328
RE1,L2,seed1,alertcount,causalrca,RE1::TT,125,0.048,0.208,-0.16,-0.24,-0.08
RE1,L2,seed1,alertcount,rcd,RE1::OB,125,0.392,0.568,-0.176,-0.288,-0.064
RE1,L2,seed1,alertcount,rcd,RE1::SS,125,0.376,0.384,-0.008,-0.12,0.112
RE1,L2,seed1,alertcount,rcd,RE1::TT,125,0.048,0.08,-0.032,-0.096,0.024
RE1,L2,seed1,baro,causalrca,RE1::OB,125,0.736,0.568,0.168,0.08,0.256
RE1,L2,seed1,baro,causalrca,RE1::SS,125,0.848,0.152,0.696,0.608,0.784
RE1,L2,seed1,baro,causalrca,RE1::TT,125,0.56,0.208,0.352,0.24,0.456
RE1,L2,seed1,baro,rcd,RE1::OB,125,0.736,0.568,0.168,0.064,0.272
RE1,L2,seed1,baro,rcd,RE1::SS,125,0.848,0.384,0.464,0.352,0.568
RE1,L2,seed1,baro,rcd,RE1::TT,125,0.56,0.08,0.48,0.384,0.576
RE1,L2,seed1,causalrca,cd1min,RE1::OB,125,0.568,0.728,-0.16,-0.256,-0.064
RE1,L2,seed1,causalrca,cd1min,RE1::SS,125,0.152,0.928,-0.776,-0.848,-0.696
RE1,L2,seed1,causalrca,cd1min,RE1::TT,125,0.208,0.28,-0.072,-0.176,0.032
RE1,L2,seed1,causalrca,circa,RE1::OB,125,0.568,0.672,-0.104,-0.208,0.0
RE1,L2,seed1,causalrca,circa,RE1::SS,125,0.152,0.704,-0.552,-0.64,-0.464
RE1,L2,seed1,causalrca,circa,RE1::TT,125,0.208,0.328,-0.12,-0.216,-0.016
RE1,L2,seed1,causalrca,e_diagnosis,RE1::OB,125,0.568,0.032,0.536,0.448,0.624
RE1,L2,seed1,causalrca,e_diagnosis,RE1::SS,125,0.152,0.144,0.008,-0.072,0.096
RE1,L2,seed1,causalrca,e_diagnosis,RE1::TT,125,0.208,0.0,0.208,0.136,0.28
RE1,L2,seed1,causalrca,max_z,RE1::OB,125,0.568,0.504,0.064,-0.048,0.184
RE1,L2,seed1,causalrca,max_z,RE1::SS,125,0.152,0.744,-0.592,-0.688,-0.496
RE1,L2,seed1,causalrca,max_z,RE1::TT,125,0.208,0.424,-0.216,-0.32,-0.104
RE1,L2,seed1,causalrca,rcd,RE1::OB,125,0.568,0.568,0.0,-0.104,0.104
RE1,L2,seed1,causalrca,rcd,RE1::SS,125,0.152,0.384,-0.232,-0.328,-0.144
RE1,L2,seed1,causalrca,rcd,RE1::TT,125,0.208,0.08,0.128,0.032,0.224
RE1,L2,seed1,cd1min,rcd,RE1::OB,125,0.728,0.568,0.16,0.048,0.272
RE1,L2,seed1,cd1min,rcd,RE1::SS,125,0.928,0.384,0.544,0.448,0.64
RE1,L2,seed1,cd1min,rcd,RE1::TT,125,0.28,0.08,0.2,0.104,0.296
RE1,L2,seed1,circa,rcd,RE1::OB,125,0.672,0.568,0.104,-0.008,0.216
RE1,L2,seed1,circa,rcd,RE1::SS,125,0.704,0.384,0.32,0.192,0.44
RE1,L2,seed1,circa,rcd,RE1::TT,125,0.328,0.08,0.248,0.152,0.344
RE1,L2,seed1,e_diagnosis,rcd,RE1::OB,125,0.032,0.568,-0.536,-0.624,-0.448
RE1,L2,seed1,e_diagnosis,rcd,RE1::SS,125,0.144,0.384,-0.24,-0.352,-0.128
RE1,L2,seed1,e_diagnosis,rcd,RE1::TT,125,0.0,0.08,-0.08,-0.128,-0.04
RE1,L2,seed1,max_z,rcd,RE1::OB,125,0.504,0.568,-0.064,-0.184,0.056
RE1,L2,seed1,max_z,rcd,RE1::SS,125,0.744,0.384,0.36,0.256,0.472
RE1,L2,seed1,max_z,rcd,RE1::TT,125,0.424,0.08,0.344,0.248,0.44
RE1,L2,seed2,alertcount,causalrca,RE1::OB,125,0.392,0.64,-0.248,-0.352,-0.144
RE1,L2,seed2,alertcount,causalrca,RE1::SS,125,0.376,0.12,0.256,0.16,0.352
RE1,L2,seed2,alertcount,causalrca,RE1::TT,125,0.048,0.04,0.008,-0.04,0.064
RE1,L2,seed2,alertcount,rcd,RE1::OB,125,0.392,0.528,-0.136,-0.248,-0.032
RE1,L2,seed2,alertcount,rcd,RE1::SS,125,0.376,0.408,-0.032,-0.152,0.088
RE1,L2,seed2,alertcount,rcd,RE1::TT,125,0.048,0.112,-0.064,-0.128,0.0
RE1,L2,seed2,baro,causalrca,RE1::OB,125,0.736,0.64,0.096,0.008,0.176
RE1,L2,seed2,baro,causalrca,RE1::SS,125,0.848,0.12,0.728,0.648,0.808
RE1,L2,seed2,baro,causalrca,RE1::TT,125,0.56,0.04,0.52,0.432,0.608
RE1,L2,seed2,baro,rcd,RE1::OB,125,0.736,0.528,0.208,0.112,0.304
RE1,L2,seed2,baro,rcd,RE1::SS,125,0.848,0.408,0.44,0.336,0.544
RE1,L2,seed2,baro,rcd,RE1::TT,125,0.56,0.112,0.448,0.352,0.536
RE1,L2,seed2,causalrca,cd1min,RE1::OB,125,0.64,0.728,-0.088,-0.176,0.0
RE1,L2,seed2,causalrca,cd1min,RE1::SS,125,0.12,0.928,-0.808,-0.88,-0.736
RE1,L2,seed2,causalrca,cd1min,RE1::TT,125,0.04,0.28,-0.24,-0.328,-0.16
RE1,L2,seed2,causalrca,circa,RE1::OB,125,0.64,0.672,-0.032,-0.128,0.064
RE1,L2,seed2,causalrca,circa,RE1::SS,125,0.12,0.704,-0.584,-0.672,-0.496
RE1,L2,seed2,causalrca,circa,RE1::TT,125,0.04,0.328,-0.288,-0.376,-0.2
RE1,L2,seed2,causalrca,e_diagnosis,RE1::OB,125,0.64,0.032,0.608,0.52,0.688199999999997
RE1,L2,seed2,causalrca,e_diagnosis,RE1::SS,125,0.12,0.144,-0.024,-0.112,0.064
RE1,L2,seed2,causalrca,e_diagnosis,RE1::TT,125,0.04,0.0,0.04,0.008,0.08
RE1,L2,seed2,causalrca,max_z,RE1::OB,125,0.64,0.504,0.136,0.024,0.248
RE1,L2,seed2,causalrca,max_z,RE1::SS,125,0.12,0.744,-0.624,-0.72,-0.528
RE1,L2,seed2,causalrca,max_z,RE1::TT,125,0.04,0.424,-0.384,-0.472,-0.296
RE1,L2,seed2,causalrca,rcd,RE1::OB,125,0.64,0.528,0.112,0.0,0.216
RE1,L2,seed2,causalrca,rcd,RE1::SS,125,0.12,0.408,-0.288,-0.384,-0.192
RE1,L2,seed2,causalrca,rcd,RE1::TT,125,0.04,0.112,-0.072,-0.144,-0.008
RE1,L2,seed2,cd1min,rcd,RE1::OB,125,0.728,0.528,0.2,0.088,0.312
RE1,L2,seed2,cd1min,rcd,RE1::SS,125,0.928,0.408,0.52,0.424,0.616
RE1,L2,seed2,cd1min,rcd,RE1::TT,125,0.28,0.112,0.168,0.064,0.272
RE1,L2,seed2,circa,rcd,RE1::OB,125,0.672,0.528,0.144,0.032,0.256
RE1,L2,seed2,circa,rcd,RE1::SS,125,0.704,0.408,0.296,0.168,0.416
RE1,L2,seed2,circa,rcd,RE1::TT,125,0.328,0.112,0.216,0.12,0.304
RE1,L2,seed2,e_diagnosis,rcd,RE1::OB,125,0.032,0.528,-0.496,-0.584,-0.408
RE1,L2,seed2,e_diagnosis,rcd,RE1::SS,125,0.144,0.408,-0.264,-0.376,-0.16
RE1,L2,seed2,e_diagnosis,rcd,RE1::TT,125,0.0,0.112,-0.112,-0.168,-0.064
RE1,L2,seed2,max_z,rcd,RE1::OB,125,0.504,0.528,-0.024,-0.144,0.088
RE1,L2,seed2,max_z,rcd,RE1::SS,125,0.744,0.408,0.336,0.224,0.4401999999999971
RE1,L2,seed2,max_z,rcd,RE1::TT,125,0.424,0.112,0.312,0.216,0.408
openrca,L1,mean,baro,e_diagnosis,openrca::bank,136,0.16044117647058823,0.03551470588235294,0.1249264705882353,0.06735294117647059,0.18441176470588233
openrca,L1,mean,baro,e_diagnosis,openrca::mkt1,70,0.05714285714285714,0.038142857142857145,0.019,-0.020285714285714285,0.05928928571428566
openrca,L1,mean,baro,e_diagnosis,openrca::mkt2,78,0.10576923076923077,0.04371794871794872,0.06205128205128205,0.0053846153846153835,0.12192307692307693
openrca,L1,mean,baro,e_diagnosis,openrca::tel,51,0.18274509803921568,0.04568627450980392,0.13705882352941176,0.052156862745098044,0.23176470588235296
openrca,L1,mean,baro,rcd,openrca::bank,136,0.16044117647058823,0.08904411764705882,0.07139705882352942,0.018430759803921573,0.12654595588235293
openrca,L1,mean,baro,rcd,openrca::mkt1,70,0.05714285714285714,0.05085714285714285,0.006285714285714286,-0.03538095238095238,0.048857142857142856
openrca,L1,mean,baro,rcd,openrca::mkt2,78,0.10576923076923077,0.06623931623931624,0.039529914529914535,-0.012820512820512818,0.09294871794871795
openrca,L1,mean,baro,rcd,openrca::tel,51,0.18274509803921568,0.19261437908496734,-0.009869281045751629,-0.05777777777777777,0.03470588235294118
openrca,L1,mean,e_diagnosis,rcd,openrca::bank,136,0.03551470588235294,0.08904411764705882,-0.05352941176470589,-0.09076225490196077,-0.018354166666666717
openrca,L1,mean,e_diagnosis,rcd,openrca::mkt1,70,0.038142857142857145,0.05085714285714285,-0.01271428571428571,-0.05399999999999999,0.02704761904761905
openrca,L1,mean,e_diagnosis,rcd,openrca::mkt2,78,0.04371794871794872,0.06623931623931624,-0.02252136752136752,-0.07589743589743589,0.0245309829059829
openrca,L1,mean,e_diagnosis,rcd,openrca::tel,51,0.04568627450980392,0.19261437908496734,-0.1469281045751634,-0.2405882352941176,-0.06202614379084966
openrca,L1,seed0,baro,rcd,openrca::bank,136,0.16044117647058823,0.09433823529411765,0.06610294117647059,0.011029411764705883,0.12059007352941173
openrca,L1,seed0,baro,rcd,openrca::mkt1,70,0.05714285714285714,0.05714285714285714,0.0,-0.048857142857142856,0.04771428571428571
openrca,L1,seed0,baro,rcd,openrca::mkt2,78,0.10576923076923077,0.07371794871794872,0.03205128205128205,-0.02564102564102564,0.08974358974358974
openrca,L1,seed0,baro,rcd,openrca::tel,51,0.18274509803921568,0.18274509803921568,0.0,-0.029411764705882353,0.029411764705882353
openrca,L1,seed0,e_diagnosis,rcd,openrca::bank,136,0.03551470588235294,0.09433823529411765,-0.058823529411764705,-0.09794301470588236,-0.02088235294117647
openrca,L1,seed0,e_diagnosis,rcd,openrca::mkt1,70,0.038142857142857145,0.05714285714285714,-0.019,-0.064,0.02257142857142857
openrca,L1,seed0,e_diagnosis,rcd,openrca::mkt2,78,0.04371794871794872,0.07371794871794872,-0.03,-0.08669230769230767,0.021282051282051285
openrca,L1,seed0,e_diagnosis,rcd,openrca::tel,51,0.04568627450980392,0.18274509803921568,-0.13705882352941176,-0.23176470588235296,-0.05521568627451095
openrca,L1,seed1,baro,rcd,openrca::bank,136,0.16044117647058823,0.08698529411764706,0.07345588235294118,0.016468750000000004,0.12860294117647061
openrca,L1,seed1,baro,rcd,openrca::mkt1,70,0.05714285714285714,0.03585714285714286,0.021285714285714286,-0.019142857142857145,0.063
openrca,L1,seed1,baro,rcd,openrca::mkt2,78,0.10576923076923077,0.057692307692307696,0.04807692307692308,-0.01282051282051282,0.10576923076923077
openrca,L1,seed1,baro,rcd,openrca::tel,51,0.18274509803921568,0.21882352941176472,-0.036078431372549014,-0.11764705882352941,0.04235294117647059
openrca,L1,seed1,e_diagnosis,rcd,openrca::bank,136,0.03551470588235294,0.08698529411764706,-0.051470588235294115,-0.08875,-0.01602941176470588
openrca,L1,seed1,e_diagnosis,rcd,openrca::mkt1,70,0.038142857142857145,0.03585714285714286,0.0022857142857142846,-0.039428571428571424,0.04286071428571423
openrca,L1,seed1,e_diagnosis,rcd,openrca::mkt2,78,0.04371794871794872,0.057692307692307696,-0.013974358974358973,-0.06846153846153846,0.03397435897435898
openrca,L1,seed1,e_diagnosis,rcd,openrca::tel,51,0.04568627450980392,0.21882352941176472,-0.17313725490196077,-0.2874509803921569,-0.061960784313725495
openrca,L1,seed2,baro,rcd,openrca::bank,136,0.16044117647058823,0.08580882352941177,0.07463235294117647,0.016397058823529414,0.1310294117647059
openrca,L1,seed2,baro,rcd,openrca::mkt1,70,0.05714285714285714,0.059571428571428574,-0.0024285714285714284,-0.04642857142857143,0.04171428571428571
openrca,L1,seed2,baro,rcd,openrca::mkt2,78,0.10576923076923077,0.0673076923076923,0.038461538461538464,-0.01282051282051282,0.09294871794871795
openrca,L1,seed2,baro,rcd,openrca::tel,51,0.18274509803921568,0.17627450980392156,0.0064705882352941195,-0.058823529411764705,0.06862745098039216
openrca,L1,seed2,e_diagnosis,rcd,openrca::bank,136,0.03551470588235294,0.08580882352941177,-0.05029411764705882,-0.09014705882352941,-0.012856617647058984
openrca,L1,seed2,e_diagnosis,rcd,openrca::mkt1,70,0.038142857142857145,0.059571428571428574,-0.02142857142857143,-0.06886071428571429,0.023714285714285716
openrca,L1,seed2,e_diagnosis,rcd,openrca::mkt2,78,0.04371794871794872,0.0673076923076923,-0.023589743589743587,-0.0791025641025641,0.02666666666666667
openrca,L1,seed2,e_diagnosis,rcd,openrca::tel,51,0.04568627450980392,0.17627450980392156,-0.13058823529411764,-0.2284313725490196,-0.04568627450980392
openrca,L2,mean,alertcount,baro,openrca::bank,136,0.17213235294117646,0.16044117647058823,0.011691176470588234,-0.04772058823529412,0.0699264705882353
openrca,L2,mean,alertcount,baro,openrca::mkt1,70,0.144,0.05714285714285714,0.08685714285714285,0.023857142857142855,0.15228571428571427
openrca,L2,mean,alertcount,baro,openrca::mkt2,78,0.19653846153846155,0.10576923076923077,0.09076923076923077,0.02346153846153846,0.16025641025641027
openrca,L2,mean,alertcount,baro,openrca::tel,51,0.2415686274509804,0.18274509803921568,0.058823529411764705,0.0,0.12745098039215685
openrca,L2,mean,alertcount,cd1min,openrca::bank,136,0.17213235294117646,0.1648529411764706,0.007279411764705882,-0.06323529411764706,0.07779411764705882
openrca,L2,mean,alertcount,cd1min,openrca::mkt1,70,0.144,0.16085714285714287,-0.01685714285714286,-0.08471785714285714,0.04985714285714286
openrca,L2,mean,alertcount,cd1min,openrca::mkt2,78,0.19653846153846155,0.19230769230769232,0.004230769230769231,-0.09615384615384616,0.10361538461538423
openrca,L2,mean,alertcount,cd1min,openrca::tel,51,0.2415686274509804,0.1631372549019608,0.0784313725490196,-0.0492156862745098,0.20300980392156762
openrca,L2,mean,alertcount,e_diagnosis,openrca::bank,136,0.17213235294117646,0.03551470588235294,0.1366176470588235,0.08397058823529412,0.19058823529411767
openrca,L2,mean,alertcount,e_diagnosis,openrca::mkt1,70,0.144,0.038142857142857145,0.10585714285714286,0.05357142857142857,0.1605714285714286
openrca,L2,mean,alertcount,e_diagnosis,openrca::mkt2,78,0.19653846153846155,0.04371794871794872,0.15282051282051282,0.0814070512820513,0.22756730769230765
openrca,L2,mean,alertcount,e_diagnosis,openrca::tel,51,0.2415686274509804,0.04568627450980392,0.19588235294117648,0.09784313725490197,0.3035294117647059
openrca,L2,mean,alertcount,max_z,openrca::bank,136,0.17213235294117646,0.12691176470588234,0.045220588235294124,-0.0069117647058823525,0.09735294117647059
openrca,L2,mean,alertcount,max_z,openrca::mkt1,70,0.144,0.16071428571428573,-0.016714285714285716,-0.07142857142857142,0.03345357142857106
openrca,L2,mean,alertcount,max_z,openrca::mkt2,78,0.19653846153846155,0.19974358974358974,-0.003205128205128205,-0.08551282051282051,0.08012820512820513
openrca,L2,mean,alertcount,max_z,openrca::tel,51,0.2415686274509804,0.23176470588235296,0.009803921568627453,-0.0911764705882353,0.11098039215686274
openrca,L2,mean,alertcount,rcd,openrca::bank,136,0.17213235294117646,0.08904411764705882,0.08308823529411766,0.027744485294117646,0.13818933823529408
openrca,L2,mean,alertcount,rcd,openrca::mkt1,70,0.144,0.05085714285714285,0.09314285714285714,0.03823809523809524,0.15076547619047617
openrca,L2,mean,alertcount,rcd,openrca::mkt2,78,0.19653846153846155,0.06623931623931624,0.1302991452991453,0.05021367521367522,0.21042735042735045
openrca,L2,mean,alertcount,rcd,openrca::tel,51,0.2415686274509804,0.19261437908496734,0.04895424836601308,-0.022941176470588232,0.12411764705882353
openrca,L2,mean,baro,cd1min,openrca::bank,136,0.16044117647058823,0.1648529411764706,-0.004411764705882352,-0.07426470588235294,0.06485294117647059
openrca,L2,mean,baro,cd1min,openrca::mkt1,70,0.05714285714285714,0.16085714285714287,-0.10371428571428572,-0.175,-0.039285714285714285
openrca,L2,mean,baro,cd1min,openrca::mkt2,78,0.10576923076923077,0.19230769230769232,-0.08653846153846154,-0.16346153846153846,-0.01282051282051282
openrca,L2,mean,baro,cd1min,openrca::tel,51,0.18274509803921568,0.1631372549019608,0.0196078431372549,-0.09156862745098039,0.13392156862745097
openrca,L2,mean,baro,e_diagnosis,openrca::bank,136,0.16044117647058823,0.03551470588235294,0.1249264705882353,0.06735294117647059,0.18441176470588233
openrca,L2,mean,baro,e_diagnosis,openrca::mkt1,70,0.05714285714285714,0.038142857142857145,0.019,-0.020285714285714285,0.05928928571428566
openrca,L2,mean,baro,e_diagnosis,openrca::mkt2,78,0.10576923076923077,0.04371794871794872,0.06205128205128205,0.0053846153846153835,0.12192307692307693
openrca,L2,mean,baro,e_diagnosis,openrca::tel,51,0.18274509803921568,0.04568627450980392,0.13705882352941176,0.052156862745098044,0.23176470588235296
openrca,L2,mean,baro,max_z,openrca::bank,136,0.16044117647058823,0.12691176470588234,0.033529411764705884,-0.022205882352941173,0.09176470588235294
openrca,L2,mean,baro,max_z,openrca::mkt1,70,0.05714285714285714,0.16071428571428573,-0.10357142857142858,-0.16328571428571428,-0.046992857142857246
openrca,L2,mean,baro,max_z,openrca::mkt2,78,0.10576923076923077,0.19974358974358974,-0.09397435897435898,-0.1708974358974359,-0.019230769230769232
openrca,L2,mean,baro,max_z,openrca::tel,51,0.18274509803921568,0.23176470588235296,-0.049019607843137254,-0.14705882352941177,0.0392156862745098
openrca,L2,mean,baro,rcd,openrca::bank,136,0.16044117647058823,0.08904411764705882,0.07139705882352942,0.018430759803921573,0.12654595588235293
openrca,L2,mean,baro,rcd,openrca::mkt1,70,0.05714285714285714,0.05085714285714285,0.006285714285714286,-0.03538095238095238,0.048857142857142856
openrca,L2,mean,baro,rcd,openrca::mkt2,78,0.10576923076923077,0.06623931623931624,0.039529914529914535,-0.012820512820512818,0.09294871794871795
openrca,L2,mean,baro,rcd,openrca::tel,51,0.18274509803921568,0.19261437908496734,-0.009869281045751629,-0.05777777777777777,0.03470588235294118
openrca,L2,mean,cd1min,e_diagnosis,openrca::bank,136,0.1648529411764706,0.03551470588235294,0.12933823529411764,0.07595588235294118,0.18647977941176455
openrca,L2,mean,cd1min,e_diagnosis,openrca::mkt1,70,0.16085714285714287,0.038142857142857145,0.1227142857142857,0.052425000000000006,0.1977142857142857
openrca,L2,mean,cd1min,e_diagnosis,openrca::mkt2,78,0.19230769230769232,0.04371794871794872,0.14858974358974358,0.0696153846153846,0.23294871794871796
openrca,L2,mean,cd1min,e_diagnosis,openrca::tel,51,0.1631372549019608,0.04568627450980392,0.11745098039215687,0.01627450980392157,0.2284313725490196
openrca,L2,mean,cd1min,max_z,openrca::bank,136,0.1648529411764706,0.12691176470588234,0.037941176470588235,-0.029558823529411762,0.10595588235294118
openrca,L2,mean,cd1min,max_z,openrca::mkt1,70,0.16085714285714287,0.16071428571428573,0.00014285714285714458,-0.07714285714285714,0.07271428571428572
openrca,L2,mean,cd1min,max_z,openrca::mkt2,78,0.19230769230769232,0.19974358974358974,-0.0074358974358974365,-0.11,0.09833333333333333
openrca,L2,mean,cd1min,max_z,openrca::tel,51,0.1631372549019608,0.23176470588235296,-0.06862745098039216,-0.17980392156862746,0.04568627450980392
openrca,L2,mean,cd1min,rcd,openrca::bank,136,0.1648529411764706,0.08904411764705882,0.07580882352941176,0.02776960784313726,0.1267156862745098
openrca,L2,mean,cd1min,rcd,openrca::mkt1,70,0.16085714285714287,0.05085714285714285,0.10999999999999999,0.054047619047619046,0.17395833333333327
openrca,L2,mean,cd1min,rcd,openrca::mkt2,78,0.19230769230769232,0.06623931623931624,0.1260683760683761,0.061965811965811975,0.1955128205128205
openrca,L2,mean,cd1min,rcd,openrca::tel,51,0.1631372549019608,0.19261437908496734,-0.029477124183006537,-0.14705882352941177,0.08499019607843106
openrca,L2,mean,e_diagnosis,max_z,openrca::bank,136,0.03551470588235294,0.12691176470588234,-0.09139705882352941,-0.14161764705882351,-0.04360294117647059
openrca,L2,mean,e_diagnosis,max_z,openrca::mkt1,70,0.038142857142857145,0.16071428571428573,-0.12257142857142857,-0.17514285714285713,-0.07257142857142858
openrca,L2,mean,e_diagnosis,max_z,openrca::mkt2,78,0.04371794871794872,0.19974358974358974,-0.15602564102564104,-0.22435897435897437,-0.0941025641025641
openrca,L2,mean,e_diagnosis,max_z,openrca::tel,51,0.04568627450980392,0.23176470588235296,-0.18607843137254904,-0.2972549019607843,-0.07823529411764707
openrca,L2,mean,e_diagnosis,rcd,openrca::bank,136,0.03551470588235294,0.08904411764705882,-0.05352941176470589,-0.09076225490196077,-0.018354166666666717
openrca,L2,mean,e_diagnosis,rcd,openrca::mkt1,70,0.038142857142857145,0.05085714285714285,-0.01271428571428571,-0.05399999999999999,0.02704761904761905
openrca,L2,mean,e_diagnosis,rcd,openrca::mkt2,78,0.04371794871794872,0.06623931623931624,-0.02252136752136752,-0.07589743589743589,0.0245309829059829
openrca,L2,mean,e_diagnosis,rcd,openrca::tel,51,0.04568627450980392,0.19261437908496734,-0.1469281045751634,-0.2405882352941176,-0.06202614379084966
openrca,L2,mean,max_z,rcd,openrca::bank,136,0.12691176470588234,0.08904411764705882,0.037867647058823534,-0.010784926470588237,0.08894852941176468
openrca,L2,mean,max_z,rcd,openrca::mkt1,70,0.16071428571428573,0.05085714285714285,0.10985714285714285,0.045661904761904765,0.176525
openrca,L2,mean,max_z,rcd,openrca::mkt2,78,0.19974358974358974,0.06623931623931624,0.13350427350427352,0.05123931623931625,0.21581196581196585
openrca,L2,mean,max_z,rcd,openrca::tel,51,0.23176470588235296,0.19261437908496734,0.03915032679738562,-0.050130718954248366,0.13281045751633988
openrca,L2,seed0,alertcount,rcd,openrca::bank,136,0.17213235294117646,0.09433823529411765,0.07779411764705882,0.02197610294117648,0.13353125
openrca,L2,seed0,alertcount,rcd,openrca::mkt1,70,0.144,0.05714285714285714,0.08685714285714285,0.033,0.14414285714285713
openrca,L2,seed0,alertcount,rcd,openrca::mkt2,78,0.19653846153846155,0.07371794871794872,0.12282051282051282,0.04051282051282051,0.20615384615384613
openrca,L2,seed0,alertcount,rcd,openrca::tel,51,0.2415686274509804,0.18274509803921568,0.058823529411764705,0.0031372549019607872,0.12725980392156855
openrca,L2,seed0,baro,rcd,openrca::bank,136,0.16044117647058823,0.09433823529411765,0.06610294117647059,0.011029411764705883,0.12059007352941173
openrca,L2,seed0,baro,rcd,openrca::mkt1,70,0.05714285714285714,0.05714285714285714,0.0,-0.048857142857142856,0.04771428571428571
openrca,L2,seed0,baro,rcd,openrca::mkt2,78,0.10576923076923077,0.07371794871794872,0.03205128205128205,-0.02564102564102564,0.08974358974358974
openrca,L2,seed0,baro,rcd,openrca::tel,51,0.18274509803921568,0.18274509803921568,0.0,-0.029411764705882353,0.029411764705882353
openrca,L2,seed0,cd1min,rcd,openrca::bank,136,0.1648529411764706,0.09433823529411765,0.07051470588235294,0.02146875,0.12080882352941176
openrca,L2,seed0,cd1min,rcd,openrca::mkt1,70,0.16085714285714287,0.05714285714285714,0.10371428571428572,0.04171428571428571,0.16914285714285715
openrca,L2,seed0,cd1min,rcd,openrca::mkt2,78,0.19230769230769232,0.07371794871794872,0.11858974358974358,0.05128205128205128,0.1891025641025641
openrca,L2,seed0,cd1min,rcd,openrca::tel,51,0.1631372549019608,0.18274509803921568,-0.0196078431372549,-0.13725490196078433,0.09470588235294118
openrca,L2,seed0,e_diagnosis,rcd,openrca::bank,136,0.03551470588235294,0.09433823529411765,-0.058823529411764705,-0.09794301470588236,-0.02088235294117647
openrca,L2,seed0,e_diagnosis,rcd,openrca::mkt1,70,0.038142857142857145,0.05714285714285714,-0.019,-0.064,0.02257142857142857
openrca,L2,seed0,e_diagnosis,rcd,openrca::mkt2,78,0.04371794871794872,0.07371794871794872,-0.03,-0.08669230769230767,0.021282051282051285
openrca,L2,seed0,e_diagnosis,rcd,openrca::tel,51,0.04568627450980392,0.18274509803921568,-0.13705882352941176,-0.23176470588235296,-0.05521568627451095
openrca,L2,seed0,max_z,rcd,openrca::bank,136,0.12691176470588234,0.09433823529411765,0.0325735294117647,-0.01647058823529412,0.08220588235294117
openrca,L2,seed0,max_z,rcd,openrca::mkt1,70,0.16071428571428573,0.05714285714285714,0.10357142857142858,0.04428214285714286,0.16557142857142856
openrca,L2,seed0,max_z,rcd,openrca::mkt2,78,0.19974358974358974,0.07371794871794872,0.12602564102564104,0.04487179487179487,0.20717948717948717
openrca,L2,seed0,max_z,rcd,openrca::tel,51,0.23176470588235296,0.18274509803921568,0.049019607843137254,-0.049019607843137254,0.14705882352941177
openrca,L2,seed1,alertcount,rcd,openrca::bank,136,0.17213235294117646,0.08698529411764706,0.08514705882352941,0.03,0.14088235294117646
openrca,L2,seed1,alertcount,rcd,openrca::mkt1,70,0.144,0.03585714285714286,0.10814285714285715,0.051,0.17
openrca,L2,seed1,alertcount,rcd,openrca::mkt2,78,0.19653846153846155,0.057692307692307696,0.13884615384615384,0.05871794871794872,0.22
openrca,L2,seed1,alertcount,rcd,openrca::tel,51,0.2415686274509804,0.21882352941176472,0.022745098039215685,-0.07529411764705882,0.12098039215686274
openrca,L2,seed1,baro,rcd,openrca::bank,136,0.16044117647058823,0.08698529411764706,0.07345588235294118,0.016468750000000004,0.12860294117647061
openrca,L2,seed1,baro,rcd,openrca::mkt1,70,0.05714285714285714,0.03585714285714286,0.021285714285714286,-0.019142857142857145,0.063
openrca,L2,seed1,baro,rcd,openrca::mkt2,78,0.10576923076923077,0.057692307692307696,0.04807692307692308,-0.01282051282051282,0.10576923076923077
openrca,L2,seed1,baro,rcd,openrca::tel,51,0.18274509803921568,0.21882352941176472,-0.036078431372549014,-0.11764705882352941,0.04235294117647059
openrca,L2,seed1,cd1min,rcd,openrca::bank,136,0.1648529411764706,0.08698529411764706,0.07786764705882353,0.027573529411764705,0.1312518382352941
openrca,L2,seed1,cd1min,rcd,openrca::mkt1,70,0.16085714285714287,0.03585714285714286,0.125,0.06542857142857143,0.1915714285714286
openrca,L2,seed1,cd1min,rcd,openrca::mkt2,78,0.19230769230769232,0.057692307692307696,0.1346153846153846,0.0673076923076923,0.20512820512820512
openrca,L2,seed1,cd1min,rcd,openrca::tel,51,0.1631372549019608,0.21882352941176472,-0.05568627450980392,-0.18,0.07176470588235294
openrca,L2,seed1,e_diagnosis,rcd,openrca::bank,136,0.03551470588235294,0.08698529411764706,-0.051470588235294115,-0.08875,-0.01602941176470588
openrca,L2,seed1,e_diagnosis,rcd,openrca::mkt1,70,0.038142857142857145,0.03585714285714286,0.0022857142857142846,-0.039428571428571424,0.04286071428571423
openrca,L2,seed1,e_diagnosis,rcd,openrca::mkt2,78,0.04371794871794872,0.057692307692307696,-0.013974358974358973,-0.06846153846153846,0.03397435897435898
openrca,L2,seed1,e_diagnosis,rcd,openrca::tel,51,0.04568627450980392,0.21882352941176472,-0.17313725490196077,-0.2874509803921569,-0.061960784313725495
openrca,L2,seed1,max_z,rcd,openrca::bank,136,0.12691176470588234,0.08698529411764706,0.03992647058823529,-0.008455882352941176,0.08838235294117647
openrca,L2,seed1,max_z,rcd,openrca::mkt1,70,0.16071428571428573,0.03585714285714286,0.12485714285714286,0.06028571428571428,0.19514285714285715
openrca,L2,seed1,max_z,rcd,openrca::mkt2,78,0.19974358974358974,0.057692307692307696,0.14205128205128206,0.060897435897435896,0.22435897435897437
openrca,L2,seed1,max_z,rcd,openrca::tel,51,0.23176470588235296,0.21882352941176472,0.012941176470588239,-0.09490196078431372,0.11745098039215687
openrca,L2,seed2,alertcount,rcd,openrca::bank,136,0.17213235294117646,0.08580882352941177,0.0863235294117647,0.029926470588235297,0.14316544117647054
openrca,L2,seed2,alertcount,rcd,openrca::mkt1,70,0.144,0.059571428571428574,0.08442857142857144,0.023714285714285716,0.14757142857142858
openrca,L2,seed2,alertcount,rcd,openrca::mkt2,78,0.19653846153846155,0.0673076923076923,0.12923076923076923,0.049102564102564104,0.20935897435897433
openrca,L2,seed2,alertcount,rcd,openrca::tel,51,0.2415686274509804,0.17627450980392156,0.06529411764705882,-0.016274509803921564,0.15019607843137256
openrca,L2,seed2,baro,rcd,openrca::bank,136,0.16044117647058823,0.08580882352941177,0.07463235294117647,0.016397058823529414,0.1310294117647059
openrca,L2,seed2,baro,rcd,openrca::mkt1,70,0.05714285714285714,0.059571428571428574,-0.0024285714285714284,-0.04642857142857143,0.04171428571428571
openrca,L2,seed2,baro,rcd,openrca::mkt2,78,0.10576923076923077,0.0673076923076923,0.038461538461538464,-0.01282051282051282,0.09294871794871795
openrca,L2,seed2,baro,rcd,openrca::tel,51,0.18274509803921568,0.17627450980392156,0.0064705882352941195,-0.058823529411764705,0.06862745098039216
openrca,L2,seed2,cd1min,rcd,openrca::bank,136,0.1648529411764706,0.08580882352941177,0.07904411764705882,0.028161764705882355,0.13294117647058823
openrca,L2,seed2,cd1min,rcd,openrca::mkt1,70,0.16085714285714287,0.059571428571428574,0.10128571428571428,0.04642500000000001,0.16314285714285715
openrca,L2,seed2,cd1min,rcd,openrca::mkt2,78,0.19230769230769232,0.0673076923076923,0.125,0.0641025641025641,0.19230769230769232
openrca,L2,seed2,cd1min,rcd,openrca::tel,51,0.1631372549019608,0.17627450980392156,-0.013137254901960783,-0.14058823529411765,0.11745098039215687
openrca,L2,seed2,e_diagnosis,rcd,openrca::bank,136,0.03551470588235294,0.08580882352941177,-0.05029411764705882,-0.09014705882352941,-0.012856617647058984
openrca,L2,seed2,e_diagnosis,rcd,openrca::mkt1,70,0.038142857142857145,0.059571428571428574,-0.02142857142857143,-0.06886071428571429,0.023714285714285716
openrca,L2,seed2,e_diagnosis,rcd,openrca::mkt2,78,0.04371794871794872,0.0673076923076923,-0.023589743589743587,-0.0791025641025641,0.02666666666666667
openrca,L2,seed2,e_diagnosis,rcd,openrca::tel,51,0.04568627450980392,0.17627450980392156,-0.13058823529411764,-0.2284313725490196,-0.04568627450980392
openrca,L2,seed2,max_z,rcd,openrca::bank,136,0.12691176470588234,0.08580882352941177,0.041102941176470585,-0.010955882352941178,0.09257352941176471
openrca,L2,seed2,max_z,rcd,openrca::mkt1,70,0.16071428571428573,0.059571428571428574,0.10114285714285715,0.03328571428571429,0.1737142857142857
openrca,L2,seed2,max_z,rcd,openrca::mkt2,78,0.19974358974358974,0.0673076923076923,0.13243589743589743,0.05128205128205128,0.21358974358974359
openrca,L2,seed2,max_z,rcd,openrca::tel,51,0.23176470588235296,0.17627450980392156,0.05549019607843137,-0.0392156862745098,0.1535294117647059
petshop,L1,mean,baro,circa,petshop::high_traffic,26,0.15384615384615385,0.2692307692307692,-0.11538461538461539,-0.2692307692307692,0.038461538461538464
petshop,L1,mean,baro,circa,petshop::low_traffic,26,0.15384615384615385,0.38461538461538464,-0.23076923076923078,-0.4230769230769231,-0.038461538461538464
petshop,L1,mean,baro,circa,petshop::temporal_traffic1,8,0.25,0.5,-0.25,-0.75,0.25
petshop,L1,mean,baro,circa,petshop::temporal_traffic2,8,0.25,0.625,-0.375,-0.875,0.125
petshop,L1,mean,baro,counterfactual_attribution,petshop::high_traffic,26,0.15384615384615385,0.3076923076923077,-0.15384615384615385,-0.34615384615384615,0.038461538461538464
petshop,L1,mean,baro,counterfactual_attribution,petshop::low_traffic,26,0.15384615384615385,0.15384615384615385,0.0,-0.23076923076923078,0.19230769230769232
petshop,L1,mean,baro,counterfactual_attribution,petshop::temporal_traffic1,8,0.25,0.125,0.125,-0.25,0.5
petshop,L1,mean,baro,counterfactual_attribution,petshop::temporal_traffic2,8,0.25,0.25,0.0,-0.375,0.375
petshop,L1,mean,baro,epsilon_diagnosis,petshop::high_traffic,26,0.15384615384615385,0.0,0.15384615384615385,0.038461538461538464,0.3076923076923077
petshop,L1,mean,baro,epsilon_diagnosis,petshop::low_traffic,26,0.15384615384615385,0.0,0.15384615384615385,0.038461538461538464,0.3076923076923077
petshop,L1,mean,baro,epsilon_diagnosis,petshop::temporal_traffic1,8,0.25,0.0,0.25,0.0,0.625
petshop,L1,mean,baro,epsilon_diagnosis,petshop::temporal_traffic2,8,0.25,0.125,0.125,-0.25,0.5
petshop,L1,mean,baro,rcd,petshop::high_traffic,26,0.15384615384615385,0.0,0.15384615384615385,0.038461538461538464,0.3076923076923077
petshop,L1,mean,baro,rcd,petshop::low_traffic,26,0.15384615384615385,0.34615384615384615,-0.19230769230769232,-0.4230769230769231,0.038461538461538464
petshop,L1,mean,baro,rcd,petshop::temporal_traffic1,8,0.25,0.625,-0.375,-0.875,0.125
petshop,L1,mean,baro,rcd,petshop::temporal_traffic2,8,0.25,0.375,-0.125,-0.5,0.25
petshop,L1,mean,circa,counterfactual_attribution,petshop::high_traffic,26,0.2692307692307692,0.3076923076923077,-0.038461538461538464,-0.2692307692307692,0.19230769230769232
petshop,L1,mean,circa,counterfactual_attribution,petshop::low_traffic,26,0.38461538461538464,0.15384615384615385,0.23076923076923078,-0.038461538461538464,0.5
petshop,L1,mean,circa,counterfactual_attribution,petshop::temporal_traffic1,8,0.5,0.125,0.375,0.125,0.75
petshop,L1,mean,circa,counterfactual_attribution,petshop::temporal_traffic2,8,0.625,0.25,0.375,-0.125,0.875
petshop,L1,mean,circa,epsilon_diagnosis,petshop::high_traffic,26,0.2692307692307692,0.0,0.2692307692307692,0.11538461538461539,0.46153846153846156
petshop,L1,mean,circa,epsilon_diagnosis,petshop::low_traffic,26,0.38461538461538464,0.0,0.38461538461538464,0.19230769230769232,0.5769230769230769
petshop,L1,mean,circa,epsilon_diagnosis,petshop::temporal_traffic1,8,0.5,0.0,0.5,0.125,0.875
petshop,L1,mean,circa,epsilon_diagnosis,petshop::temporal_traffic2,8,0.625,0.125,0.5,0.125,0.875
petshop,L1,mean,circa,rcd,petshop::high_traffic,26,0.2692307692307692,0.0,0.2692307692307692,0.11538461538461539,0.46153846153846156
petshop,L1,mean,circa,rcd,petshop::low_traffic,26,0.38461538461538464,0.34615384615384615,0.038461538461538464,-0.23076923076923078,0.3076923076923077
petshop,L1,mean,circa,rcd,petshop::temporal_traffic1,8,0.5,0.625,-0.125,-0.625,0.375
petshop,L1,mean,circa,rcd,petshop::temporal_traffic2,8,0.625,0.375,0.25,-0.25,0.75
petshop,L1,mean,counterfactual_attribution,epsilon_diagnosis,petshop::high_traffic,26,0.3076923076923077,0.0,0.3076923076923077,0.15384615384615385,0.5
petshop,L1,mean,counterfactual_attribution,epsilon_diagnosis,petshop::low_traffic,26,0.15384615384615385,0.0,0.15384615384615385,0.038461538461538464,0.3076923076923077
petshop,L1,mean,counterfactual_attribution,epsilon_diagnosis,petshop::temporal_traffic1,8,0.125,0.0,0.125,0.0,0.375
petshop,L1,mean,counterfactual_attribution,epsilon_diagnosis,petshop::temporal_traffic2,8,0.25,0.125,0.125,0.0,0.375
petshop,L1,mean,counterfactual_attribution,rcd,petshop::high_traffic,26,0.3076923076923077,0.0,0.3076923076923077,0.15384615384615385,0.5
petshop,L1,mean,counterfactual_attribution,rcd,petshop::low_traffic,26,0.15384615384615385,0.34615384615384615,-0.19230769230769232,-0.4230769230769231,0.038461538461538464
petshop,L1,mean,counterfactual_attribution,rcd,petshop::temporal_traffic1,8,0.125,0.625,-0.5,-0.875,0.0
petshop,L1,mean,counterfactual_attribution,rcd,petshop::temporal_traffic2,8,0.25,0.375,-0.125,-0.5,0.25
petshop,L1,mean,epsilon_diagnosis,rcd,petshop::high_traffic,26,0.0,0.0,0.0,0.0,0.0
petshop,L1,mean,epsilon_diagnosis,rcd,petshop::low_traffic,26,0.0,0.34615384615384615,-0.34615384615384615,-0.5384615384615384,-0.15384615384615385
petshop,L1,mean,epsilon_diagnosis,rcd,petshop::temporal_traffic1,8,0.0,0.625,-0.625,-0.875,-0.25
petshop,L1,mean,epsilon_diagnosis,rcd,petshop::temporal_traffic2,8,0.125,0.375,-0.25,-0.75,0.25
petshop,L2,mean,alertcount,baro,petshop::high_traffic,26,0.038461538461538464,0.15384615384615385,-0.11538461538461539,-0.2692307692307692,0.038461538461538464
petshop,L2,mean,alertcount,baro,petshop::low_traffic,26,0.0,0.15384615384615385,-0.15384615384615385,-0.3076923076923077,-0.038461538461538464
petshop,L2,mean,alertcount,baro,petshop::temporal_traffic1,8,0.0,0.25,-0.25,-0.625,0.0
petshop,L2,mean,alertcount,baro,petshop::temporal_traffic2,8,0.25,0.25,0.0,-0.375,0.375
petshop,L2,mean,alertcount,baseline,petshop::high_traffic,26,0.038461538461538464,0.38461538461538464,-0.34615384615384615,-0.5384615384615384,-0.11538461538461539
petshop,L2,mean,alertcount,baseline,petshop::low_traffic,26,0.0,0.5769230769230769,-0.5769230769230769,-0.7692307692307693,-0.38461538461538464
petshop,L2,mean,alertcount,baseline,petshop::temporal_traffic1,8,0.0,0.625,-0.625,-0.875,-0.25
petshop,L2,mean,alertcount,baseline,petshop::temporal_traffic2,8,0.25,0.875,-0.625,-0.875,-0.25
petshop,L2,mean,alertcount,cd1min,petshop::high_traffic,26,0.038461538461538464,0.0,0.038461538461538464,0.0,0.11538461538461539
petshop,L2,mean,alertcount,cd1min,petshop::low_traffic,26,0.0,0.038461538461538464,-0.038461538461538464,-0.11538461538461539,0.0
petshop,L2,mean,alertcount,cd1min,petshop::temporal_traffic1,8,0.0,0.125,-0.125,-0.375,0.0
petshop,L2,mean,alertcount,cd1min,petshop::temporal_traffic2,8,0.25,0.125,0.125,-0.25,0.5
petshop,L2,mean,alertcount,circa,petshop::high_traffic,26,0.038461538461538464,0.2692307692307692,-0.23076923076923078,-0.4230769230769231,-0.038461538461538464
petshop,L2,mean,alertcount,circa,petshop::low_traffic,26,0.0,0.38461538461538464,-0.38461538461538464,-0.5769230769230769,-0.19230769230769232
petshop,L2,mean,alertcount,circa,petshop::temporal_traffic1,8,0.0,0.5,-0.5,-0.875,-0.125
petshop,L2,mean,alertcount,circa,petshop::temporal_traffic2,8,0.25,0.625,-0.375,-0.875,0.125
petshop,L2,mean,alertcount,counterfactual_attribution,petshop::high_traffic,26,0.038461538461538464,0.3076923076923077,-0.2692307692307692,-0.46153846153846156,-0.07692307692307693
petshop,L2,mean,alertcount,counterfactual_attribution,petshop::low_traffic,26,0.0,0.15384615384615385,-0.15384615384615385,-0.3076923076923077,-0.038461538461538464
petshop,L2,mean,alertcount,counterfactual_attribution,petshop::temporal_traffic1,8,0.0,0.125,-0.125,-0.375,0.0
petshop,L2,mean,alertcount,counterfactual_attribution,petshop::temporal_traffic2,8,0.25,0.25,0.0,-0.5,0.5
petshop,L2,mean,alertcount,epsilon_diagnosis,petshop::high_traffic,26,0.038461538461538464,0.0,0.038461538461538464,0.0,0.11538461538461539
petshop,L2,mean,alertcount,epsilon_diagnosis,petshop::low_traffic,26,0.0,0.0,0.0,0.0,0.0
petshop,L2,mean,alertcount,epsilon_diagnosis,petshop::temporal_traffic1,8,0.0,0.0,0.0,0.0,0.0
petshop,L2,mean,alertcount,epsilon_diagnosis,petshop::temporal_traffic2,8,0.25,0.125,0.125,-0.25,0.5
petshop,L2,mean,alertcount,max_z,petshop::high_traffic,26,0.038461538461538464,0.07692307692307693,-0.038461538461538464,-0.15384615384615385,0.07692307692307693
petshop,L2,mean,alertcount,max_z,petshop::low_traffic,26,0.0,0.19230769230769232,-0.19230769230769232,-0.34615384615384615,-0.038461538461538464
petshop,L2,mean,alertcount,max_z,petshop::temporal_traffic1,8,0.0,0.375,-0.375,-0.75,-0.125
petshop,L2,mean,alertcount,max_z,petshop::temporal_traffic2,8,0.25,0.375,-0.125,-0.5,0.25
petshop,L2,mean,alertcount,random_walk,petshop::high_traffic,26,0.038461538461538464,0.0,0.038461538461538464,0.0,0.11538461538461539
petshop,L2,mean,alertcount,random_walk,petshop::low_traffic,26,0.0,0.0,0.0,0.0,0.0
petshop,L2,mean,alertcount,random_walk,petshop::temporal_traffic1,8,0.0,0.125,-0.125,-0.375,0.0
petshop,L2,mean,alertcount,random_walk,petshop::temporal_traffic2,8,0.25,0.0,0.25,0.0,0.625
petshop,L2,mean,alertcount,ranked_correlation,petshop::high_traffic,26,0.038461538461538464,0.7307692307692307,-0.6923076923076923,-0.8846153846153846,-0.46153846153846156
petshop,L2,mean,alertcount,ranked_correlation,petshop::low_traffic,26,0.0,0.5769230769230769,-0.5769230769230769,-0.7692307692307693,-0.38461538461538464
petshop,L2,mean,alertcount,ranked_correlation,petshop::temporal_traffic1,8,0.0,0.75,-0.75,-1.0,-0.375
petshop,L2,mean,alertcount,ranked_correlation,petshop::temporal_traffic2,8,0.25,0.5,-0.25,-0.625,0.0
petshop,L2,mean,alertcount,rcd,petshop::high_traffic,26,0.038461538461538464,0.0,0.038461538461538464,0.0,0.11538461538461539
petshop,L2,mean,alertcount,rcd,petshop::low_traffic,26,0.0,0.34615384615384615,-0.34615384615384615,-0.5384615384615384,-0.15384615384615385
petshop,L2,mean,alertcount,rcd,petshop::temporal_traffic1,8,0.0,0.625,-0.625,-0.875,-0.25
petshop,L2,mean,alertcount,rcd,petshop::temporal_traffic2,8,0.25,0.375,-0.125,-0.625,0.375
petshop,L2,mean,baro,baseline,petshop::high_traffic,26,0.15384615384615385,0.38461538461538464,-0.23076923076923078,-0.46153846153846156,0.0
petshop,L2,mean,baro,baseline,petshop::low_traffic,26,0.15384615384615385,0.5769230769230769,-0.4230769230769231,-0.6538461538461539,-0.19230769230769232
petshop,L2,mean,baro,baseline,petshop::temporal_traffic1,8,0.25,0.625,-0.375,-0.75,-0.125
petshop,L2,mean,baro,baseline,petshop::temporal_traffic2,8,0.25,0.875,-0.625,-0.875,-0.25
petshop,L2,mean,baro,cd1min,petshop::high_traffic,26,0.15384615384615385,0.0,0.15384615384615385,0.038461538461538464,0.3076923076923077
petshop,L2,mean,baro,cd1min,petshop::low_traffic,26,0.15384615384615385,0.038461538461538464,0.11538461538461539,0.0,0.23076923076923078
petshop,L2,mean,baro,cd1min,petshop::temporal_traffic1,8,0.25,0.125,0.125,0.0,0.375
petshop,L2,mean,baro,cd1min,petshop::temporal_traffic2,8,0.25,0.125,0.125,0.0,0.375
petshop,L2,mean,baro,circa,petshop::high_traffic,26,0.15384615384615385,0.2692307692307692,-0.11538461538461539,-0.2692307692307692,0.038461538461538464
petshop,L2,mean,baro,circa,petshop::low_traffic,26,0.15384615384615385,0.38461538461538464,-0.23076923076923078,-0.4230769230769231,-0.038461538461538464
petshop,L2,mean,baro,circa,petshop::temporal_traffic1,8,0.25,0.5,-0.25,-0.75,0.25
petshop,L2,mean,baro,circa,petshop::temporal_traffic2,8,0.25,0.625,-0.375,-0.875,0.125
petshop,L2,mean,baro,counterfactual_attribution,petshop::high_traffic,26,0.15384615384615385,0.3076923076923077,-0.15384615384615385,-0.34615384615384615,0.038461538461538464
petshop,L2,mean,baro,counterfactual_attribution,petshop::low_traffic,26,0.15384615384615385,0.15384615384615385,0.0,-0.23076923076923078,0.19230769230769232
petshop,L2,mean,baro,counterfactual_attribution,petshop::temporal_traffic1,8,0.25,0.125,0.125,-0.25,0.5
petshop,L2,mean,baro,counterfactual_attribution,petshop::temporal_traffic2,8,0.25,0.25,0.0,-0.375,0.375
petshop,L2,mean,baro,epsilon_diagnosis,petshop::high_traffic,26,0.15384615384615385,0.0,0.15384615384615385,0.038461538461538464,0.3076923076923077
petshop,L2,mean,baro,epsilon_diagnosis,petshop::low_traffic,26,0.15384615384615385,0.0,0.15384615384615385,0.038461538461538464,0.3076923076923077
petshop,L2,mean,baro,epsilon_diagnosis,petshop::temporal_traffic1,8,0.25,0.0,0.25,0.0,0.625
petshop,L2,mean,baro,epsilon_diagnosis,petshop::temporal_traffic2,8,0.25,0.125,0.125,-0.25,0.5
petshop,L2,mean,baro,max_z,petshop::high_traffic,26,0.15384615384615385,0.07692307692307693,0.07692307692307693,0.0,0.19230769230769232
petshop,L2,mean,baro,max_z,petshop::low_traffic,26,0.15384615384615385,0.19230769230769232,-0.038461538461538464,-0.11538461538461539,0.0
petshop,L2,mean,baro,max_z,petshop::temporal_traffic1,8,0.25,0.375,-0.125,-0.375,0.0
petshop,L2,mean,baro,max_z,petshop::temporal_traffic2,8,0.25,0.375,-0.125,-0.375,0.0
petshop,L2,mean,baro,random_walk,petshop::high_traffic,26,0.15384615384615385,0.0,0.15384615384615385,0.038461538461538464,0.3076923076923077
petshop,L2,mean,baro,random_walk,petshop::low_traffic,26,0.15384615384615385,0.0,0.15384615384615385,0.038461538461538464,0.3076923076923077
petshop,L2,mean,baro,random_walk,petshop::temporal_traffic1,8,0.25,0.125,0.125,-0.25,0.5
petshop,L2,mean,baro,random_walk,petshop::temporal_traffic2,8,0.25,0.0,0.25,0.0,0.625
petshop,L2,mean,baro,ranked_correlation,petshop::high_traffic,26,0.15384615384615385,0.7307692307692307,-0.5769230769230769,-0.8076923076923077,-0.3076923076923077
petshop,L2,mean,baro,ranked_correlation,petshop::low_traffic,26,0.15384615384615385,0.5769230769230769,-0.4230769230769231,-0.6538461538461539,-0.19230769230769232
petshop,L2,mean,baro,ranked_correlation,petshop::temporal_traffic1,8,0.25,0.75,-0.5,-0.875,-0.125
petshop,L2,mean,baro,ranked_correlation,petshop::temporal_traffic2,8,0.25,0.5,-0.25,-0.625,0.0
petshop,L2,mean,baro,rcd,petshop::high_traffic,26,0.15384615384615385,0.0,0.15384615384615385,0.038461538461538464,0.3076923076923077
petshop,L2,mean,baro,rcd,petshop::low_traffic,26,0.15384615384615385,0.34615384615384615,-0.19230769230769232,-0.4230769230769231,0.038461538461538464
petshop,L2,mean,baro,rcd,petshop::temporal_traffic1,8,0.25,0.625,-0.375,-0.875,0.125
petshop,L2,mean,baro,rcd,petshop::temporal_traffic2,8,0.25,0.375,-0.125,-0.5,0.25
petshop,L2,mean,baseline,cd1min,petshop::high_traffic,26,0.38461538461538464,0.0,0.38461538461538464,0.19230769230769232,0.5769230769230769
petshop,L2,mean,baseline,cd1min,petshop::low_traffic,26,0.5769230769230769,0.038461538461538464,0.5384615384615384,0.34615384615384615,0.7307692307692307
petshop,L2,mean,baseline,cd1min,petshop::temporal_traffic1,8,0.625,0.125,0.5,0.125,0.875
petshop,L2,mean,baseline,cd1min,petshop::temporal_traffic2,8,0.875,0.125,0.75,0.375,1.0
petshop,L2,mean,baseline,circa,petshop::high_traffic,26,0.38461538461538464,0.2692307692307692,0.11538461538461539,-0.07692307692307693,0.3076923076923077
petshop,L2,mean,baseline,circa,petshop::low_traffic,26,0.5769230769230769,0.38461538461538464,0.19230769230769232,-0.07692307692307693,0.46153846153846156
petshop,L2,mean,baseline,circa,petshop::temporal_traffic1,8,0.625,0.5,0.125,0.0,0.375
petshop,L2,mean,baseline,circa,petshop::temporal_traffic2,8,0.875,0.625,0.25,-0.25,0.75
petshop,L2,mean,baseline,counterfactual_attribution,petshop::high_traffic,26,0.38461538461538464,0.3076923076923077,0.07692307692307693,-0.19230769230769232,0.34615384615384615
petshop,L2,mean,baseline,counterfactual_attribution,petshop::low_traffic,26,0.5769230769230769,0.15384615384615385,0.4230769230769231,0.15384615384615385,0.6538461538461539
petshop,L2,mean,baseline,counterfactual_attribution,petshop::temporal_traffic1,8,0.625,0.125,0.5,0.125,0.875
petshop,L2,mean,baseline,counterfactual_attribution,petshop::temporal_traffic2,8,0.875,0.25,0.625,0.25,0.875
petshop,L2,mean,baseline,epsilon_diagnosis,petshop::high_traffic,26,0.38461538461538464,0.0,0.38461538461538464,0.19230769230769232,0.5769230769230769
petshop,L2,mean,baseline,epsilon_diagnosis,petshop::low_traffic,26,0.5769230769230769,0.0,0.5769230769230769,0.38461538461538464,0.7692307692307693
petshop,L2,mean,baseline,epsilon_diagnosis,petshop::temporal_traffic1,8,0.625,0.0,0.625,0.25,0.875
petshop,L2,mean,baseline,epsilon_diagnosis,petshop::temporal_traffic2,8,0.875,0.125,0.75,0.375,1.0
petshop,L2,mean,baseline,max_z,petshop::high_traffic,26,0.38461538461538464,0.07692307692307693,0.3076923076923077,0.07692307692307693,0.5384615384615384
petshop,L2,mean,baseline,max_z,petshop::low_traffic,26,0.5769230769230769,0.19230769230769232,0.38461538461538464,0.15384615384615385,0.6153846153846154
petshop,L2,mean,baseline,max_z,petshop::temporal_traffic1,8,0.625,0.375,0.25,0.0,0.625
petshop,L2,mean,baseline,max_z,petshop::temporal_traffic2,8,0.875,0.375,0.5,0.125,0.875
petshop,L2,mean,baseline,random_walk,petshop::high_traffic,26,0.38461538461538464,0.0,0.38461538461538464,0.19230769230769232,0.5769230769230769
petshop,L2,mean,baseline,random_walk,petshop::low_traffic,26,0.5769230769230769,0.0,0.5769230769230769,0.38461538461538464,0.7692307692307693
petshop,L2,mean,baseline,random_walk,petshop::temporal_traffic1,8,0.625,0.125,0.5,0.125,0.875
petshop,L2,mean,baseline,random_walk,petshop::temporal_traffic2,8,0.875,0.0,0.875,0.625,1.0
petshop,L2,mean,baseline,ranked_correlation,petshop::high_traffic,26,0.38461538461538464,0.7307692307692307,-0.34615384615384615,-0.6153846153846154,-0.07692307692307693
petshop,L2,mean,baseline,ranked_correlation,petshop::low_traffic,26,0.5769230769230769,0.5769230769230769,0.0,-0.23076923076923078,0.23076923076923078
petshop,L2,mean,baseline,ranked_correlation,petshop::temporal_traffic1,8,0.625,0.75,-0.125,-0.5,0.25
petshop,L2,mean,baseline,ranked_correlation,petshop::temporal_traffic2,8,0.875,0.5,0.375,0.125,0.75
petshop,L2,mean,baseline,rcd,petshop::high_traffic,26,0.38461538461538464,0.0,0.38461538461538464,0.19230769230769232,0.5769230769230769
petshop,L2,mean,baseline,rcd,petshop::low_traffic,26,0.5769230769230769,0.34615384615384615,0.23076923076923078,-0.038461538461538464,0.5
petshop,L2,mean,baseline,rcd,petshop::temporal_traffic1,8,0.625,0.625,0.0,-0.5,0.5
petshop,L2,mean,baseline,rcd,petshop::temporal_traffic2,8,0.875,0.375,0.5,0.0,1.0
petshop,L2,mean,cd1min,circa,petshop::high_traffic,26,0.0,0.2692307692307692,-0.2692307692307692,-0.46153846153846156,-0.11538461538461539
petshop,L2,mean,cd1min,circa,petshop::low_traffic,26,0.038461538461538464,0.38461538461538464,-0.34615384615384615,-0.5384615384615384,-0.15288461538462939
petshop,L2,mean,cd1min,circa,petshop::temporal_traffic1,8,0.125,0.5,-0.375,-0.875,0.125
petshop,L2,mean,cd1min,circa,petshop::temporal_traffic2,8,0.125,0.625,-0.5,-0.875,0.0
petshop,L2,mean,cd1min,counterfactual_attribution,petshop::high_traffic,26,0.0,0.3076923076923077,-0.3076923076923077,-0.5,-0.15384615384615385
petshop,L2,mean,cd1min,counterfactual_attribution,petshop::low_traffic,26,0.038461538461538464,0.15384615384615385,-0.11538461538461539,-0.2692307692307692,0.038461538461538464
petshop,L2,mean,cd1min,counterfactual_attribution,petshop::temporal_traffic1,8,0.125,0.125,0.0,-0.375,0.375
petshop,L2,mean,cd1min,counterfactual_attribution,petshop::temporal_traffic2,8,0.125,0.25,-0.125,-0.375,0.0
petshop,L2,mean,cd1min,epsilon_diagnosis,petshop::high_traffic,26,0.0,0.0,0.0,0.0,0.0
petshop,L2,mean,cd1min,epsilon_diagnosis,petshop::low_traffic,26,0.038461538461538464,0.0,0.038461538461538464,0.0,0.11538461538461539
petshop,L2,mean,cd1min,epsilon_diagnosis,petshop::temporal_traffic1,8,0.125,0.0,0.125,0.0,0.375
petshop,L2,mean,cd1min,epsilon_diagnosis,petshop::temporal_traffic2,8,0.125,0.125,0.0,-0.375,0.375
petshop,L2,mean,cd1min,max_z,petshop::high_traffic,26,0.0,0.07692307692307693,-0.07692307692307693,-0.19230769230769232,0.0
petshop,L2,mean,cd1min,max_z,petshop::low_traffic,26,0.038461538461538464,0.19230769230769232,-0.15384615384615385,-0.3076923076923077,-0.038461538461538464
petshop,L2,mean,cd1min,max_z,petshop::temporal_traffic1,8,0.125,0.375,-0.25,-0.5,0.0
petshop,L2,mean,cd1min,max_z,petshop::temporal_traffic2,8,0.125,0.375,-0.25,-0.625,0.0
petshop,L2,mean,cd1min,random_walk,petshop::high_traffic,26,0.0,0.0,0.0,0.0,0.0
petshop,L2,mean,cd1min,random_walk,petshop::low_traffic,26,0.038461538461538464,0.0,0.038461538461538464,0.0,0.11538461538461539
petshop,L2,mean,cd1min,random_walk,petshop::temporal_traffic1,8,0.125,0.125,0.0,-0.375,0.375
petshop,L2,mean,cd1min,random_walk,petshop::temporal_traffic2,8,0.125,0.0,0.125,0.0,0.375
petshop,L2,mean,cd1min,ranked_correlation,petshop::high_traffic,26,0.0,0.7307692307692307,-0.7307692307692307,-0.8846153846153846,-0.5384615384615384
petshop,L2,mean,cd1min,ranked_correlation,petshop::low_traffic,26,0.038461538461538464,0.5769230769230769,-0.5384615384615384,-0.7307692307692307,-0.34615384615384615
petshop,L2,mean,cd1min,ranked_correlation,petshop::temporal_traffic1,8,0.125,0.75,-0.625,-0.8781249999999972,-0.25
petshop,L2,mean,cd1min,ranked_correlation,petshop::temporal_traffic2,8,0.125,0.5,-0.375,-0.75,-0.125
petshop,L2,mean,cd1min,rcd,petshop::high_traffic,26,0.0,0.0,0.0,0.0,0.0
petshop,L2,mean,cd1min,rcd,petshop::low_traffic,26,0.038461538461538464,0.34615384615384615,-0.3076923076923077,-0.5,-0.11538461538461539
petshop,L2,mean,cd1min,rcd,petshop::temporal_traffic1,8,0.125,0.625,-0.5,-0.875,-0.125
petshop,L2,mean,cd1min,rcd,petshop::temporal_traffic2,8,0.125,0.375,-0.25,-0.625,0.0
petshop,L2,mean,circa,counterfactual_attribution,petshop::high_traffic,26,0.2692307692307692,0.3076923076923077,-0.038461538461538464,-0.2692307692307692,0.19230769230769232
petshop,L2,mean,circa,counterfactual_attribution,petshop::low_traffic,26,0.38461538461538464,0.15384615384615385,0.23076923076923078,-0.038461538461538464,0.5
petshop,L2,mean,circa,counterfactual_attribution,petshop::temporal_traffic1,8,0.5,0.125,0.375,0.125,0.75
petshop,L2,mean,circa,counterfactual_attribution,petshop::temporal_traffic2,8,0.625,0.25,0.375,-0.125,0.875
petshop,L2,mean,circa,epsilon_diagnosis,petshop::high_traffic,26,0.2692307692307692,0.0,0.2692307692307692,0.11538461538461539,0.46153846153846156
petshop,L2,mean,circa,epsilon_diagnosis,petshop::low_traffic,26,0.38461538461538464,0.0,0.38461538461538464,0.19230769230769232,0.5769230769230769
petshop,L2,mean,circa,epsilon_diagnosis,petshop::temporal_traffic1,8,0.5,0.0,0.5,0.125,0.875
petshop,L2,mean,circa,epsilon_diagnosis,petshop::temporal_traffic2,8,0.625,0.125,0.5,0.125,0.875
petshop,L2,mean,circa,max_z,petshop::high_traffic,26,0.2692307692307692,0.07692307692307693,0.19230769230769232,0.0,0.38461538461538464
petshop,L2,mean,circa,max_z,petshop::low_traffic,26,0.38461538461538464,0.19230769230769232,0.19230769230769232,-0.038461538461538464,0.4230769230769231
petshop,L2,mean,circa,max_z,petshop::temporal_traffic1,8,0.5,0.375,0.125,-0.25,0.5
petshop,L2,mean,circa,max_z,petshop::temporal_traffic2,8,0.625,0.375,0.25,-0.25,0.75
petshop,L2,mean,circa,random_walk,petshop::high_traffic,26,0.2692307692307692,0.0,0.2692307692307692,0.11538461538461539,0.46153846153846156
petshop,L2,mean,circa,random_walk,petshop::low_traffic,26,0.38461538461538464,0.0,0.38461538461538464,0.19230769230769232,0.5769230769230769
petshop,L2,mean,circa,random_walk,petshop::temporal_traffic1,8,0.5,0.125,0.375,0.125,0.75
petshop,L2,mean,circa,random_walk,petshop::temporal_traffic2,8,0.625,0.0,0.625,0.25,0.875
petshop,L2,mean,circa,ranked_correlation,petshop::high_traffic,26,0.2692307692307692,0.7307692307692307,-0.46153846153846156,-0.6923076923076923,-0.23076923076923078
petshop,L2,mean,circa,ranked_correlation,petshop::low_traffic,26,0.38461538461538464,0.5769230769230769,-0.19230769230769232,-0.5,0.11538461538461539
petshop,L2,mean,circa,ranked_correlation,petshop::temporal_traffic1,8,0.5,0.75,-0.25,-0.75,0.25
petshop,L2,mean,circa,ranked_correlation,petshop::temporal_traffic2,8,0.625,0.5,0.125,-0.375,0.625
petshop,L2,mean,circa,rcd,petshop::high_traffic,26,0.2692307692307692,0.0,0.2692307692307692,0.11538461538461539,0.46153846153846156
petshop,L2,mean,circa,rcd,petshop::low_traffic,26,0.38461538461538464,0.34615384615384615,0.038461538461538464,-0.23076923076923078,0.3076923076923077
petshop,L2,mean,circa,rcd,petshop::temporal_traffic1,8,0.5,0.625,-0.125,-0.625,0.375
petshop,L2,mean,circa,rcd,petshop::temporal_traffic2,8,0.625,0.375,0.25,-0.25,0.75
petshop,L2,mean,counterfactual_attribution,epsilon_diagnosis,petshop::high_traffic,26,0.3076923076923077,0.0,0.3076923076923077,0.15384615384615385,0.5
petshop,L2,mean,counterfactual_attribution,epsilon_diagnosis,petshop::low_traffic,26,0.15384615384615385,0.0,0.15384615384615385,0.038461538461538464,0.3076923076923077
petshop,L2,mean,counterfactual_attribution,epsilon_diagnosis,petshop::temporal_traffic1,8,0.125,0.0,0.125,0.0,0.375
petshop,L2,mean,counterfactual_attribution,epsilon_diagnosis,petshop::temporal_traffic2,8,0.25,0.125,0.125,0.0,0.375
petshop,L2,mean,counterfactual_attribution,max_z,petshop::high_traffic,26,0.3076923076923077,0.07692307692307693,0.23076923076923078,0.038461538461538464,0.4230769230769231
petshop,L2,mean,counterfactual_attribution,max_z,petshop::low_traffic,26,0.15384615384615385,0.19230769230769232,-0.038461538461538464,-0.2692307692307692,0.19230769230769232
petshop,L2,mean,counterfactual_attribution,max_z,petshop::temporal_traffic1,8,0.125,0.375,-0.25,-0.625,0.25
petshop,L2,mean,counterfactual_attribution,max_z,petshop::temporal_traffic2,8,0.25,0.375,-0.125,-0.5,0.25
petshop,L2,mean,counterfactual_attribution,random_walk,petshop::high_traffic,26,0.3076923076923077,0.0,0.3076923076923077,0.15384615384615385,0.5
petshop,L2,mean,counterfactual_attribution,random_walk,petshop::low_traffic,26,0.15384615384615385,0.0,0.15384615384615385,0.038461538461538464,0.3076923076923077
petshop,L2,mean,counterfactual_attribution,random_walk,petshop::temporal_traffic1,8,0.125,0.125,0.0,-0.375,0.375
petshop,L2,mean,counterfactual_attribution,random_walk,petshop::temporal_traffic2,8,0.25,0.0,0.25,0.0,0.625
petshop,L2,mean,counterfactual_attribution,ranked_correlation,petshop::high_traffic,26,0.3076923076923077,0.7307692307692307,-0.4230769230769231,-0.6538461538461539,-0.19230769230769232
petshop,L2,mean,counterfactual_attribution,ranked_correlation,petshop::low_traffic,26,0.15384615384615385,0.5769230769230769,-0.4230769230769231,-0.6153846153846154,-0.23076923076923078
petshop,L2,mean,counterfactual_attribution,ranked_correlation,petshop::temporal_traffic1,8,0.125,0.75,-0.625,-1.0,-0.125
petshop,L2,mean,counterfactual_attribution,ranked_correlation,petshop::temporal_traffic2,8,0.25,0.5,-0.25,-0.75,0.25
petshop,L2,mean,counterfactual_attribution,rcd,petshop::high_traffic,26,0.3076923076923077,0.0,0.3076923076923077,0.15384615384615385,0.5
petshop,L2,mean,counterfactual_attribution,rcd,petshop::low_traffic,26,0.15384615384615385,0.34615384615384615,-0.19230769230769232,-0.4230769230769231,0.038461538461538464
petshop,L2,mean,counterfactual_attribution,rcd,petshop::temporal_traffic1,8,0.125,0.625,-0.5,-0.875,0.0
petshop,L2,mean,counterfactual_attribution,rcd,petshop::temporal_traffic2,8,0.25,0.375,-0.125,-0.5,0.25
petshop,L2,mean,epsilon_diagnosis,max_z,petshop::high_traffic,26,0.0,0.07692307692307693,-0.07692307692307693,-0.19230769230769232,0.0
petshop,L2,mean,epsilon_diagnosis,max_z,petshop::low_traffic,26,0.0,0.19230769230769232,-0.19230769230769232,-0.34615384615384615,-0.038461538461538464
petshop,L2,mean,epsilon_diagnosis,max_z,petshop::temporal_traffic1,8,0.0,0.375,-0.375,-0.75,-0.125
petshop,L2,mean,epsilon_diagnosis,max_z,petshop::temporal_traffic2,8,0.125,0.375,-0.25,-0.75,0.25
petshop,L2,mean,epsilon_diagnosis,random_walk,petshop::high_traffic,26,0.0,0.0,0.0,0.0,0.0
petshop,L2,mean,epsilon_diagnosis,random_walk,petshop::low_traffic,26,0.0,0.0,0.0,0.0,0.0
petshop,L2,mean,epsilon_diagnosis,random_walk,petshop::temporal_traffic1,8,0.0,0.125,-0.125,-0.375,0.0
petshop,L2,mean,epsilon_diagnosis,random_walk,petshop::temporal_traffic2,8,0.125,0.0,0.125,0.0,0.375
petshop,L2,mean,epsilon_diagnosis,ranked_correlation,petshop::high_traffic,26,0.0,0.7307692307692307,-0.7307692307692307,-0.8846153846153846,-0.5384615384615384
petshop,L2,mean,epsilon_diagnosis,ranked_correlation,petshop::low_traffic,26,0.0,0.5769230769230769,-0.5769230769230769,-0.7692307692307693,-0.38461538461538464
petshop,L2,mean,epsilon_diagnosis,ranked_correlation,petshop::temporal_traffic1,8,0.0,0.75,-0.75,-1.0,-0.375
petshop,L2,mean,epsilon_diagnosis,ranked_correlation,petshop::temporal_traffic2,8,0.125,0.5,-0.375,-0.75,0.125
petshop,L2,mean,epsilon_diagnosis,rcd,petshop::high_traffic,26,0.0,0.0,0.0,0.0,0.0
petshop,L2,mean,epsilon_diagnosis,rcd,petshop::low_traffic,26,0.0,0.34615384615384615,-0.34615384615384615,-0.5384615384615384,-0.15384615384615385
petshop,L2,mean,epsilon_diagnosis,rcd,petshop::temporal_traffic1,8,0.0,0.625,-0.625,-0.875,-0.25
petshop,L2,mean,epsilon_diagnosis,rcd,petshop::temporal_traffic2,8,0.125,0.375,-0.25,-0.75,0.25
petshop,L2,mean,max_z,random_walk,petshop::high_traffic,26,0.07692307692307693,0.0,0.07692307692307693,0.0,0.19230769230769232
petshop,L2,mean,max_z,random_walk,petshop::low_traffic,26,0.19230769230769232,0.0,0.19230769230769232,0.038461538461538464,0.34615384615384615
petshop,L2,mean,max_z,random_walk,petshop::temporal_traffic1,8,0.375,0.125,0.25,-0.25,0.625
petshop,L2,mean,max_z,random_walk,petshop::temporal_traffic2,8,0.375,0.0,0.375,0.0,0.75
petshop,L2,mean,max_z,ranked_correlation,petshop::high_traffic,26,0.07692307692307693,0.7307692307692307,-0.6538461538461539,-0.8461538461538461,-0.4230769230769231
petshop,L2,mean,max_z,ranked_correlation,petshop::low_traffic,26,0.19230769230769232,0.5769230769230769,-0.38461538461538464,-0.6153846153846154,-0.15384615384615385
petshop,L2,mean,max_z,ranked_correlation,petshop::temporal_traffic1,8,0.375,0.75,-0.375,-0.75,-0.125
petshop,L2,mean,max_z,ranked_correlation,petshop::temporal_traffic2,8,0.375,0.5,-0.125,-0.375,0.0
petshop,L2,mean,max_z,rcd,petshop::high_traffic,26,0.07692307692307693,0.0,0.07692307692307693,0.0,0.19230769230769232
petshop,L2,mean,max_z,rcd,petshop::low_traffic,26,0.19230769230769232,0.34615384615384615,-0.15384615384615385,-0.34615384615384615,0.038461538461538464
petshop,L2,mean,max_z,rcd,petshop::temporal_traffic1,8,0.375,0.625,-0.25,-0.625,0.25
petshop,L2,mean,max_z,rcd,petshop::temporal_traffic2,8,0.375,0.375,0.0,-0.375,0.375
petshop,L2,mean,random_walk,ranked_correlation,petshop::high_traffic,26,0.0,0.7307692307692307,-0.7307692307692307,-0.8846153846153846,-0.5384615384615384
petshop,L2,mean,random_walk,ranked_correlation,petshop::low_traffic,26,0.0,0.5769230769230769,-0.5769230769230769,-0.7692307692307693,-0.38461538461538464
petshop,L2,mean,random_walk,ranked_correlation,petshop::temporal_traffic1,8,0.125,0.75,-0.625,-0.875,-0.25
petshop,L2,mean,random_walk,ranked_correlation,petshop::temporal_traffic2,8,0.0,0.5,-0.5,-0.875,-0.125
petshop,L2,mean,random_walk,rcd,petshop::high_traffic,26,0.0,0.0,0.0,0.0,0.0
petshop,L2,mean,random_walk,rcd,petshop::low_traffic,26,0.0,0.34615384615384615,-0.34615384615384615,-0.5384615384615384,-0.15384615384615385
petshop,L2,mean,random_walk,rcd,petshop::temporal_traffic1,8,0.125,0.625,-0.5,-0.875,-0.125
petshop,L2,mean,random_walk,rcd,petshop::temporal_traffic2,8,0.0,0.375,-0.375,-0.75,0.0
petshop,L2,mean,ranked_correlation,rcd,petshop::high_traffic,26,0.7307692307692307,0.0,0.7307692307692307,0.5384615384615384,0.8846153846153846
petshop,L2,mean,ranked_correlation,rcd,petshop::low_traffic,26,0.5769230769230769,0.34615384615384615,0.23076923076923078,0.0,0.46153846153846156
petshop,L2,mean,ranked_correlation,rcd,petshop::temporal_traffic1,8,0.75,0.625,0.125,-0.25,0.5
petshop,L2,mean,ranked_correlation,rcd,petshop::temporal_traffic2,8,0.5,0.375,0.125,-0.25,0.5
RE2,L1,mean,baro,causalrca,RE2::OB,90,0.14444444444444443,0.20740740740740737,-0.06296296296296296,-0.15925925925925924,0.04074074074074075
RE2,L1,mean,baro,causalrca,RE2::SS,90,0.06666666666666667,0.14814814814814817,-0.08148148148148147,-0.16296296296296295,-0.0037037037037036904
RE2,L1,mean,baro,causalrca,RE2::TT,90,0.6666666666666666,0.20740740740740737,0.4592592592592593,0.34074074074074073,0.5740740740740741
RE2,L1,mean,baro,circa,RE2::OB,90,0.14444444444444443,0.6666666666666666,-0.5222222222222223,-0.6444444444444445,-0.4
RE2,L1,mean,baro,circa,RE2::SS,90,0.06666666666666667,0.7777777777777778,-0.7111111111111111,-0.8,-0.6111111111111112
RE2,L1,mean,baro,circa,RE2::TT,90,0.6666666666666666,0.5444444444444444,0.12222222222222222,0.011111111111111112,0.23333333333333334
RE2,L1,mean,baro,e_diagnosis,RE2::OB,90,0.14444444444444443,0.03333333333333333,0.1111111111111111,0.022222222222222223,0.2
RE2,L1,mean,baro,e_diagnosis,RE2::SS,90,0.06666666666666667,0.15555555555555556,-0.08888888888888889,-0.18888888888888888,0.0
RE2,L1,mean,baro,e_diagnosis,RE2::TT,90,0.6666666666666666,0.0,0.6666666666666666,0.5666666666666667,0.7666666666666667
RE2,L1,mean,baro,microrank,RE2::OB,90,0.14444444444444443,0.0,0.14444444444444443,0.07777777777777778,0.2222222222222222
RE2,L1,mean,baro,microrank,RE2::TT,90,0.6666666666666666,0.12222222222222222,0.5444444444444444,0.4111111111111111,0.6666666666666666
RE2,L1,mean,baro,mmbaro,RE2::OB,90,0.14444444444444443,0.16666666666666666,-0.022222222222222223,-0.06666666666666667,0.022222222222222223
RE2,L1,mean,baro,mmbaro,RE2::SS,90,0.06666666666666667,0.06666666666666667,0.0,-0.03333333333333333,0.03333333333333333
RE2,L1,mean,baro,mmbaro,RE2::TT,90,0.6666666666666666,0.6888888888888889,-0.022222222222222223,-0.07777777777777778,0.03333333333333333
RE2,L1,mean,baro,simplerca_author,RE2::OB,90,0.14444444444444443,0.4666666666666667,-0.32222222222222224,-0.43333333333333335,-0.2111111111111111
RE2,L1,mean,baro,simplerca_author,RE2::SS,90,0.06666666666666667,0.24444444444444444,-0.17777777777777778,-0.2777777777777778,-0.08888888888888889
RE2,L1,mean,baro,simplerca_author,RE2::TT,90,0.6666666666666666,0.8,-0.13333333333333333,-0.2222222222222222,-0.044444444444444446
RE2,L1,mean,baro,tracerca,RE2::OB,90,0.14444444444444443,0.1,0.044444444444444446,-0.05555555555555555,0.14444444444444443
RE2,L1,mean,baro,tracerca,RE2::TT,90,0.6666666666666666,0.5333333333333333,0.13333333333333333,-0.011111111111111112,0.26666666666666666
RE2,L1,mean,causalrca,circa,RE2::OB,90,0.20740740740740737,0.6666666666666666,-0.4592592592592593,-0.5666666666666667,-0.35555555555555557
RE2,L1,mean,causalrca,circa,RE2::SS,90,0.14814814814814817,0.7777777777777778,-0.6296296296296297,-0.7222222222222222,-0.5296296296296296
RE2,L1,mean,causalrca,circa,RE2::TT,90,0.20740740740740737,0.5444444444444444,-0.3370370370370371,-0.45555555555555566,-0.21851851851851853
RE2,L1,mean,causalrca,e_diagnosis,RE2::OB,90,0.20740740740740737,0.03333333333333333,0.17407407407407408,0.08888888888888888,0.25925925925925924
RE2,L1,mean,causalrca,e_diagnosis,RE2::SS,90,0.14814814814814817,0.15555555555555556,-0.00740740740740741,-0.10370370370370371,0.08888888888888888
RE2,L1,mean,causalrca,e_diagnosis,RE2::TT,90,0.20740740740740737,0.0,0.20740740740740737,0.15185185185185185,0.26666666666666666
RE2,L1,mean,causalrca,microrank,RE2::OB,90,0.20740740740740737,0.0,0.20740740740740737,0.137037037037037,0.2777777777777778
RE2,L1,mean,causalrca,microrank,RE2::TT,90,0.20740740740740737,0.12222222222222222,0.08518518518518516,-0.007407407407407423,0.17407407407407408
RE2,L1,mean,causalrca,mmbaro,RE2::OB,90,0.20740740740740737,0.16666666666666666,0.04074074074074074,-0.06666666666666668,0.14074074074074072
RE2,L1,mean,causalrca,mmbaro,RE2::SS,90,0.14814814814814817,0.06666666666666667,0.08148148148148149,0.003703703703703693,0.16296296296296295
RE2,L1,mean,causalrca,mmbaro,RE2::TT,90,0.20740740740740737,0.6888888888888889,-0.4814814814814815,-0.5962962962962963,-0.36296296296296293
RE2,L1,mean,causalrca,simplerca_author,RE2::OB,90,0.20740740740740737,0.4666666666666667,-0.2592592592592593,-0.37407407407407406,-0.14814814814814817
RE2,L1,mean,causalrca,simplerca_author,RE2::SS,90,0.14814814814814817,0.24444444444444444,-0.09629629629629631,-0.20370370370370372,0.0074074074074073955
RE2,L1,mean,causalrca,simplerca_author,RE2::TT,90,0.20740740740740737,0.8,-0.5925925925925927,-0.6814814814814816,-0.49629629629629635
RE2,L1,mean,causalrca,tracerca,RE2::OB,90,0.20740740740740737,0.1,0.1074074074074074,0.011111111111111094,0.2037037037037037
RE2,L1,mean,causalrca,tracerca,RE2::TT,90,0.20740740740740737,0.5333333333333333,-0.32592592592592595,-0.43703703703703706,-0.21481481481481485
RE2,L1,mean,circa,e_diagnosis,RE2::OB,90,0.6666666666666666,0.03333333333333333,0.6333333333333333,0.5333333333333333,0.7444444444444445
RE2,L1,mean,circa,e_diagnosis,RE2::SS,90,0.7777777777777778,0.15555555555555556,0.6222222222222222,0.5,0.7333333333333333
RE2,L1,mean,circa,e_diagnosis,RE2::TT,90,0.5444444444444444,0.0,0.5444444444444444,0.4444444444444444,0.6444444444444445
RE2,L1,mean,circa,microrank,RE2::OB,90,0.6666666666666666,0.0,0.6666666666666666,0.5666666666666667,0.7666666666666667
RE2,L1,mean,circa,microrank,RE2::TT,90,0.5444444444444444,0.12222222222222222,0.4222222222222222,0.3,0.5444444444444444
RE2,L1,mean,circa,mmbaro,RE2::OB,90,0.6666666666666666,0.16666666666666666,0.5,0.37777777777777777,0.6222222222222222
RE2,L1,mean,circa,mmbaro,RE2::SS,90,0.7777777777777778,0.06666666666666667,0.7111111111111111,0.6222222222222222,0.8
RE2,L1,mean,circa,mmbaro,RE2::TT,90,0.5444444444444444,0.6888888888888889,-0.14444444444444443,-0.26666666666666666,-0.022222222222222223
RE2,L1,mean,circa,simplerca_author,RE2::OB,90,0.6666666666666666,0.4666666666666667,0.2,0.07777777777777778,0.32222222222222224
RE2,L1,mean,circa,simplerca_author,RE2::SS,90,0.7777777777777778,0.24444444444444444,0.5333333333333333,0.4222222222222222,0.6444444444444445
RE2,L1,mean,circa,simplerca_author,RE2::TT,90,0.5444444444444444,0.8,-0.25555555555555554,-0.37777777777777777,-0.13333333333333333
RE2,L1,mean,circa,tracerca,RE2::OB,90,0.6666666666666666,0.1,0.5666666666666667,0.45555555555555555,0.6777777777777778
RE2,L1,mean,circa,tracerca,RE2::TT,90,0.5444444444444444,0.5333333333333333,0.011111111111111112,-0.14444444444444443,0.16666666666666666
RE2,L1,mean,e_diagnosis,microrank,RE2::OB,90,0.03333333333333333,0.0,0.03333333333333333,0.0,0.07777777777777778
RE2,L1,mean,e_diagnosis,microrank,RE2::TT,90,0.0,0.12222222222222222,-0.12222222222222222,-0.18888888888888888,-0.05555555555555555
RE2,L1,mean,e_diagnosis,mmbaro,RE2::OB,90,0.03333333333333333,0.16666666666666666,-0.13333333333333333,-0.2222222222222222,-0.044444444444444446
RE2,L1,mean,e_diagnosis,mmbaro,RE2::SS,90,0.15555555555555556,0.06666666666666667,0.08888888888888889,-0.00027777777777752516,0.18888888888888888
RE2,L1,mean,e_diagnosis,mmbaro,RE2::TT,90,0.0,0.6888888888888889,-0.6888888888888889,-0.7888888888888889,-0.5888888888888889
RE2,L1,mean,e_diagnosis,simplerca_author,RE2::OB,90,0.03333333333333333,0.4666666666666667,-0.43333333333333335,-0.5444444444444444,-0.32222222222222224
RE2,L1,mean,e_diagnosis,simplerca_author,RE2::SS,90,0.15555555555555556,0.24444444444444444,-0.08888888888888889,-0.2111111111111111,0.03333333333333333
RE2,L1,mean,e_diagnosis,simplerca_author,RE2::TT,90,0.0,0.8,-0.8,-0.8777777777777778,-0.7111111111111111
RE2,L1,mean,e_diagnosis,tracerca,RE2::OB,90,0.03333333333333333,0.1,-0.06666666666666667,-0.14444444444444443,0.011111111111111112
RE2,L1,mean,e_diagnosis,tracerca,RE2::TT,90,0.0,0.5333333333333333,-0.5333333333333333,-0.6333333333333333,-0.43333333333333335
RE2,L1,mean,microrank,mmbaro,RE2::OB,90,0.0,0.16666666666666666,-0.16666666666666666,-0.24444444444444444,-0.08888888888888889
RE2,L1,mean,microrank,mmbaro,RE2::TT,90,0.12222222222222222,0.6888888888888889,-0.5666666666666667,-0.6888888888888889,-0.43333333333333335
RE2,L1,mean,microrank,simplerca_author,RE2::OB,90,0.0,0.4666666666666667,-0.4666666666666667,-0.5666666666666667,-0.36666666666666664
RE2,L1,mean,microrank,simplerca_author,RE2::TT,90,0.12222222222222222,0.8,-0.6777777777777778,-0.7888888888888889,-0.5444444444444444
RE2,L1,mean,microrank,tracerca,RE2::OB,90,0.0,0.1,-0.1,-0.16666666666666666,-0.044444444444444446
RE2,L1,mean,microrank,tracerca,RE2::TT,90,0.12222222222222222,0.5333333333333333,-0.4111111111111111,-0.5222222222222223,-0.3
RE2,L1,mean,mmbaro,simplerca_author,RE2::OB,90,0.16666666666666666,0.4666666666666667,-0.3,-0.4111111111111111,-0.17777777777777778
RE2,L1,mean,mmbaro,simplerca_author,RE2::SS,90,0.06666666666666667,0.24444444444444444,-0.17777777777777778,-0.2777777777777778,-0.07777777777777778
RE2,L1,mean,mmbaro,simplerca_author,RE2::TT,90,0.6888888888888889,0.8,-0.1111111111111111,-0.2,-0.03333333333333333
RE2,L1,mean,mmbaro,tracerca,RE2::OB,90,0.16666666666666666,0.1,0.06666666666666667,-0.044444444444444446,0.17777777777777778
RE2,L1,mean,mmbaro,tracerca,RE2::TT,90,0.6888888888888889,0.5333333333333333,0.15555555555555556,0.011111111111111112,0.3
RE2,L1,mean,simplerca_author,tracerca,RE2::OB,90,0.4666666666666667,0.1,0.36666666666666664,0.24444444444444444,0.4888888888888889
RE2,L1,mean,simplerca_author,tracerca,RE2::TT,90,0.8,0.5333333333333333,0.26666666666666666,0.12222222222222222,0.4
RE2,L1,seed0,baro,causalrca,RE2::OB,90,0.14444444444444443,0.2777777777777778,-0.13333333333333333,-0.25555555555555554,-0.011111111111111112
RE2,L1,seed0,baro,causalrca,RE2::SS,90,0.06666666666666667,0.14444444444444443,-0.07777777777777778,-0.16666666666666666,0.0
RE2,L1,seed0,baro,causalrca,RE2::TT,90,0.6666666666666666,0.26666666666666666,0.4,0.26666666666666666,0.5333333333333333
RE2,L1,seed0,causalrca,circa,RE2::OB,90,0.2777777777777778,0.6666666666666666,-0.3888888888888889,-0.5111111111111111,-0.26666666666666666
RE2,L1,seed0,causalrca,circa,RE2::SS,90,0.14444444444444443,0.7777777777777778,-0.6333333333333333,-0.7333333333333333,-0.5222222222222223
RE2,L1,seed0,causalrca,circa,RE2::TT,90,0.26666666666666666,0.5444444444444444,-0.2777777777777778,-0.4111111111111111,-0.14444444444444443
RE2,L1,seed0,causalrca,e_diagnosis,RE2::OB,90,0.2777777777777778,0.03333333333333333,0.24444444444444444,0.14444444444444443,0.34444444444444444
RE2,L1,seed0,causalrca,e_diagnosis,RE2::SS,90,0.14444444444444443,0.15555555555555556,-0.011111111111111112,-0.1111111111111111,0.08888888888888889
RE2,L1,seed0,causalrca,e_diagnosis,RE2::TT,90,0.26666666666666666,0.0,0.26666666666666666,0.17777777777777778,0.35555555555555557
RE2,L1,seed0,causalrca,microrank,RE2::OB,90,0.2777777777777778,0.0,0.2777777777777778,0.18888888888888888,0.36666666666666664
RE2,L1,seed0,causalrca,microrank,RE2::TT,90,0.26666666666666666,0.12222222222222222,0.14444444444444443,0.022222222222222223,0.26666666666666666
RE2,L1,seed0,causalrca,mmbaro,RE2::OB,90,0.2777777777777778,0.16666666666666666,0.1111111111111111,-0.011111111111111112,0.23333333333333334
RE2,L1,seed0,causalrca,mmbaro,RE2::SS,90,0.14444444444444443,0.06666666666666667,0.07777777777777778,0.0,0.16666666666666666
RE2,L1,seed0,causalrca,mmbaro,RE2::TT,90,0.26666666666666666,0.6888888888888889,-0.4222222222222222,-0.5555555555555556,-0.2777777777777778
RE2,L1,seed0,causalrca,simplerca_author,RE2::OB,90,0.2777777777777778,0.4666666666666667,-0.18888888888888888,-0.3111111111111111,-0.06666666666666667
RE2,L1,seed0,causalrca,simplerca_author,RE2::SS,90,0.14444444444444443,0.24444444444444444,-0.1,-0.2222222222222222,0.022222222222222223
RE2,L1,seed0,causalrca,simplerca_author,RE2::TT,90,0.26666666666666666,0.8,-0.5333333333333333,-0.6444444444444445,-0.4111111111111111
RE2,L1,seed0,causalrca,tracerca,RE2::OB,90,0.2777777777777778,0.1,0.17777777777777778,0.06666666666666667,0.28888888888888886
RE2,L1,seed0,causalrca,tracerca,RE2::TT,90,0.26666666666666666,0.5333333333333333,-0.26666666666666666,-0.3888888888888889,-0.14444444444444443
RE2,L1,seed1,baro,causalrca,RE2::OB,90,0.14444444444444443,0.15555555555555556,-0.011111111111111112,-0.1111111111111111,0.08888888888888889
RE2,L1,seed1,baro,causalrca,RE2::SS,90,0.06666666666666667,0.17777777777777778,-0.1111111111111111,-0.2111111111111111,-0.011111111111111112
RE2,L1,seed1,baro,causalrca,RE2::TT,90,0.6666666666666666,0.13333333333333333,0.5333333333333333,0.4,0.6555555555555556
RE2,L1,seed1,causalrca,circa,RE2::OB,90,0.15555555555555556,0.6666666666666666,-0.5111111111111111,-0.6222222222222222,-0.4
RE2,L1,seed1,causalrca,circa,RE2::SS,90,0.17777777777777778,0.7777777777777778,-0.6,-0.7,-0.4888888888888889
RE2,L1,seed1,causalrca,circa,RE2::TT,90,0.13333333333333333,0.5444444444444444,-0.4111111111111111,-0.5333333333333333,-0.28888888888888886
RE2,L1,seed1,causalrca,e_diagnosis,RE2::OB,90,0.15555555555555556,0.03333333333333333,0.12222222222222222,0.03333333333333333,0.2111111111111111
RE2,L1,seed1,causalrca,e_diagnosis,RE2::SS,90,0.17777777777777778,0.15555555555555556,0.022222222222222223,-0.08888888888888889,0.13333333333333333
RE2,L1,seed1,causalrca,e_diagnosis,RE2::TT,90,0.13333333333333333,0.0,0.13333333333333333,0.06666666666666667,0.2
RE2,L1,seed1,causalrca,microrank,RE2::OB,90,0.15555555555555556,0.0,0.15555555555555556,0.08888888888888889,0.23333333333333334
RE2,L1,seed1,causalrca,microrank,RE2::TT,90,0.13333333333333333,0.12222222222222222,0.011111111111111112,-0.08888888888888889,0.1111111111111111
RE2,L1,seed1,causalrca,mmbaro,RE2::OB,90,0.15555555555555556,0.16666666666666666,-0.011111111111111112,-0.12222222222222222,0.08888888888888889
RE2,L1,seed1,causalrca,mmbaro,RE2::SS,90,0.17777777777777778,0.06666666666666667,0.1111111111111111,0.011111111111111112,0.2111111111111111
RE2,L1,seed1,causalrca,mmbaro,RE2::TT,90,0.13333333333333333,0.6888888888888889,-0.5555555555555556,-0.6777777777777778,-0.4222222222222222
RE2,L1,seed1,causalrca,simplerca_author,RE2::OB,90,0.15555555555555556,0.4666666666666667,-0.3111111111111111,-0.43333333333333335,-0.18888888888888888
RE2,L1,seed1,causalrca,simplerca_author,RE2::SS,90,0.17777777777777778,0.24444444444444444,-0.06666666666666667,-0.17777777777777778,0.044444444444444446
RE2,L1,seed1,causalrca,simplerca_author,RE2::TT,90,0.13333333333333333,0.8,-0.6666666666666666,-0.7666666666666667,-0.5666666666666667
RE2,L1,seed1,causalrca,tracerca,RE2::OB,90,0.15555555555555556,0.1,0.05555555555555555,-0.044444444444444446,0.16666666666666666
RE2,L1,seed1,causalrca,tracerca,RE2::TT,90,0.13333333333333333,0.5333333333333333,-0.4,-0.5333333333333333,-0.26666666666666666
RE2,L1,seed2,baro,causalrca,RE2::OB,90,0.14444444444444443,0.18888888888888888,-0.044444444444444446,-0.14444444444444443,0.05555555555555555
RE2,L1,seed2,baro,causalrca,RE2::SS,90,0.06666666666666667,0.12222222222222222,-0.05555555555555555,-0.14444444444444443,0.03333333333333333
RE2,L1,seed2,baro,causalrca,RE2::TT,90,0.6666666666666666,0.2222222222222222,0.4444444444444444,0.32222222222222224,0.5666666666666667
RE2,L1,seed2,causalrca,circa,RE2::OB,90,0.18888888888888888,0.6666666666666666,-0.4777777777777778,-0.5888888888888889,-0.36666666666666664
RE2,L1,seed2,causalrca,circa,RE2::SS,90,0.12222222222222222,0.7777777777777778,-0.6555555555555556,-0.7555555555555555,-0.5444444444444444
RE2,L1,seed2,causalrca,circa,RE2::TT,90,0.2222222222222222,0.5444444444444444,-0.32222222222222224,-0.4666666666666667,-0.17777777777777778
RE2,L1,seed2,causalrca,e_diagnosis,RE2::OB,90,0.18888888888888888,0.03333333333333333,0.15555555555555556,0.06666666666666667,0.24444444444444444
RE2,L1,seed2,causalrca,e_diagnosis,RE2::SS,90,0.12222222222222222,0.15555555555555556,-0.03333333333333333,-0.13333333333333333,0.06666666666666667
RE2,L1,seed2,causalrca,e_diagnosis,RE2::TT,90,0.2222222222222222,0.0,0.2222222222222222,0.14444444444444443,0.3111111111111111
RE2,L1,seed2,causalrca,microrank,RE2::OB,90,0.18888888888888888,0.0,0.18888888888888888,0.1111111111111111,0.26666666666666666
RE2,L1,seed2,causalrca,microrank,RE2::TT,90,0.2222222222222222,0.12222222222222222,0.1,-0.011111111111111112,0.2111111111111111
RE2,L1,seed2,causalrca,mmbaro,RE2::OB,90,0.18888888888888888,0.16666666666666666,0.022222222222222223,-0.08888888888888889,0.12222222222222222
RE2,L1,seed2,causalrca,mmbaro,RE2::SS,90,0.12222222222222222,0.06666666666666667,0.05555555555555555,-0.03333333333333333,0.14444444444444443
RE2,L1,seed2,causalrca,mmbaro,RE2::TT,90,0.2222222222222222,0.6888888888888889,-0.4666666666666667,-0.6,-0.3333333333333333
RE2,L1,seed2,causalrca,simplerca_author,RE2::OB,90,0.18888888888888888,0.4666666666666667,-0.2777777777777778,-0.4,-0.16666666666666666
RE2,L1,seed2,causalrca,simplerca_author,RE2::SS,90,0.12222222222222222,0.24444444444444444,-0.12222222222222222,-0.23333333333333334,-0.022222222222222223
RE2,L1,seed2,causalrca,simplerca_author,RE2::TT,90,0.2222222222222222,0.8,-0.5777777777777777,-0.6888888888888889,-0.45555555555555555
RE2,L1,seed2,causalrca,tracerca,RE2::OB,90,0.18888888888888888,0.1,0.08888888888888889,-0.011111111111111112,0.18888888888888888
RE2,L1,seed2,causalrca,tracerca,RE2::TT,90,0.2222222222222222,0.5333333333333333,-0.3111111111111111,-0.43333333333333335,-0.18888888888888888
RE2,L2,mean,alertcount,baro,RE2::OB,90,0.2111111111111111,0.14444444444444443,0.06666666666666667,-0.05555555555555555,0.18888888888888888
RE2,L2,mean,alertcount,baro,RE2::SS,90,0.3888888888888889,0.06666666666666667,0.32222222222222224,0.2111111111111111,0.43333333333333335
RE2,L2,mean,alertcount,baro,RE2::TT,90,0.2111111111111111,0.6666666666666666,-0.45555555555555555,-0.5666666666666667,-0.34444444444444444
RE2,L2,mean,alertcount,causalrca,RE2::OB,90,0.2111111111111111,0.20740740740740737,0.0037037037037037177,-0.1111111111111111,0.12222222222222225
RE2,L2,mean,alertcount,causalrca,RE2::SS,90,0.3888888888888889,0.14814814814814817,0.24074074074074076,0.12962962962962962,0.35555555555555557
RE2,L2,mean,alertcount,causalrca,RE2::TT,90,0.2111111111111111,0.20740740740740737,0.003703703703703725,-0.08888888888888886,0.10000000000000002
RE2,L2,mean,alertcount,cd1min,RE2::OB,90,0.2111111111111111,0.7333333333333333,-0.5222222222222223,-0.6444444444444445,-0.3888888888888889
RE2,L2,mean,alertcount,cd1min,RE2::SS,90,0.3888888888888889,0.9444444444444444,-0.5555555555555556,-0.6555555555555556,-0.45555555555555555
RE2,L2,mean,alertcount,cd1min,RE2::TT,90,0.2111111111111111,0.7888888888888889,-0.5777777777777777,-0.6888888888888889,-0.4666666666666667
RE2,L2,mean,alertcount,circa,RE2::OB,90,0.2111111111111111,0.6666666666666666,-0.45555555555555555,-0.5888888888888889,-0.32222222222222224
RE2,L2,mean,alertcount,circa,RE2::SS,90,0.3888888888888889,0.7777777777777778,-0.3888888888888889,-0.5111111111111111,-0.26666666666666666
RE2,L2,mean,alertcount,circa,RE2::TT,90,0.2111111111111111,0.5444444444444444,-0.3333333333333333,-0.45555555555555555,-0.2111111111111111
RE2,L2,mean,alertcount,e_diagnosis,RE2::OB,90,0.2111111111111111,0.03333333333333333,0.17777777777777778,0.08888888888888889,0.26666666666666666
RE2,L2,mean,alertcount,e_diagnosis,RE2::SS,90,0.3888888888888889,0.15555555555555556,0.23333333333333334,0.1111111111111111,0.35555555555555557
RE2,L2,mean,alertcount,e_diagnosis,RE2::TT,90,0.2111111111111111,0.0,0.2111111111111111,0.13333333333333333,0.3
RE2,L2,mean,alertcount,max_z,RE2::OB,90,0.2111111111111111,0.7777777777777778,-0.5666666666666667,-0.6888888888888889,-0.43333333333333335
RE2,L2,mean,alertcount,max_z,RE2::SS,90,0.3888888888888889,0.8444444444444444,-0.45555555555555555,-0.5888888888888889,-0.32222222222222224
RE2,L2,mean,alertcount,max_z,RE2::TT,90,0.2111111111111111,0.4111111111111111,-0.2,-0.32222222222222224,-0.06666666666666667
RE2,L2,mean,alertcount,microrank,RE2::OB,90,0.2111111111111111,0.0,0.2111111111111111,0.13333333333333333,0.3
RE2,L2,mean,alertcount,microrank,RE2::TT,90,0.2111111111111111,0.12222222222222222,0.08888888888888889,0.0,0.18888888888888888
RE2,L2,mean,alertcount,mmbaro,RE2::OB,90,0.2111111111111111,0.16666666666666666,0.044444444444444446,-0.07777777777777778,0.16666666666666666
RE2,L2,mean,alertcount,mmbaro,RE2::SS,90,0.3888888888888889,0.06666666666666667,0.32222222222222224,0.2111111111111111,0.43333333333333335
RE2,L2,mean,alertcount,mmbaro,RE2::TT,90,0.2111111111111111,0.6888888888888889,-0.4777777777777778,-0.5888888888888889,-0.36666666666666664
RE2,L2,mean,alertcount,simplerca_author,RE2::OB,90,0.2111111111111111,0.4666666666666667,-0.25555555555555554,-0.3888888888888889,-0.1111111111111111
RE2,L2,mean,alertcount,simplerca_author,RE2::SS,90,0.3888888888888889,0.24444444444444444,0.14444444444444443,0.022222222222222223,0.26666666666666666
RE2,L2,mean,alertcount,simplerca_author,RE2::TT,90,0.2111111111111111,0.8,-0.5888888888888889,-0.6888888888888889,-0.4777777777777778
RE2,L2,mean,alertcount,tracerca,RE2::OB,90,0.2111111111111111,0.1,0.1111111111111111,0.022222222222222223,0.2
RE2,L2,mean,alertcount,tracerca,RE2::TT,90,0.2111111111111111,0.5333333333333333,-0.32222222222222224,-0.4444444444444444,-0.18888888888888888
RE2,L2,mean,baro,causalrca,RE2::OB,90,0.14444444444444443,0.20740740740740737,-0.06296296296296296,-0.15925925925925924,0.04074074074074075
RE2,L2,mean,baro,causalrca,RE2::SS,90,0.06666666666666667,0.14814814814814817,-0.08148148148148147,-0.16296296296296295,-0.0037037037037036904
RE2,L2,mean,baro,causalrca,RE2::TT,90,0.6666666666666666,0.20740740740740737,0.4592592592592593,0.34074074074074073,0.5740740740740741
RE2,L2,mean,baro,cd1min,RE2::OB,90,0.14444444444444443,0.7333333333333333,-0.5888888888888889,-0.7,-0.4777777777777778
RE2,L2,mean,baro,cd1min,RE2::SS,90,0.06666666666666667,0.9444444444444444,-0.8777777777777778,-0.9444444444444444,-0.8111111111111111
RE2,L2,mean,baro,cd1min,RE2::TT,90,0.6666666666666666,0.7888888888888889,-0.12222222222222222,-0.23333333333333334,-0.011111111111111112
RE2,L2,mean,baro,circa,RE2::OB,90,0.14444444444444443,0.6666666666666666,-0.5222222222222223,-0.6444444444444445,-0.4
RE2,L2,mean,baro,circa,RE2::SS,90,0.06666666666666667,0.7777777777777778,-0.7111111111111111,-0.8,-0.6111111111111112
RE2,L2,mean,baro,circa,RE2::TT,90,0.6666666666666666,0.5444444444444444,0.12222222222222222,0.011111111111111112,0.23333333333333334
RE2,L2,mean,baro,e_diagnosis,RE2::OB,90,0.14444444444444443,0.03333333333333333,0.1111111111111111,0.022222222222222223,0.2
RE2,L2,mean,baro,e_diagnosis,RE2::SS,90,0.06666666666666667,0.15555555555555556,-0.08888888888888889,-0.18888888888888888,0.0
RE2,L2,mean,baro,e_diagnosis,RE2::TT,90,0.6666666666666666,0.0,0.6666666666666666,0.5666666666666667,0.7666666666666667
RE2,L2,mean,baro,max_z,RE2::OB,90,0.14444444444444443,0.7777777777777778,-0.6333333333333333,-0.7333333333333333,-0.5222222222222223
RE2,L2,mean,baro,max_z,RE2::SS,90,0.06666666666666667,0.8444444444444444,-0.7777777777777778,-0.8555555555555555,-0.6888888888888889
RE2,L2,mean,baro,max_z,RE2::TT,90,0.6666666666666666,0.4111111111111111,0.25555555555555554,0.13333333333333333,0.37777777777777777
RE2,L2,mean,baro,microrank,RE2::OB,90,0.14444444444444443,0.0,0.14444444444444443,0.07777777777777778,0.2222222222222222
RE2,L2,mean,baro,microrank,RE2::TT,90,0.6666666666666666,0.12222222222222222,0.5444444444444444,0.4111111111111111,0.6666666666666666
RE2,L2,mean,baro,mmbaro,RE2::OB,90,0.14444444444444443,0.16666666666666666,-0.022222222222222223,-0.06666666666666667,0.022222222222222223
RE2,L2,mean,baro,mmbaro,RE2::SS,90,0.06666666666666667,0.06666666666666667,0.0,-0.03333333333333333,0.03333333333333333
RE2,L2,mean,baro,mmbaro,RE2::TT,90,0.6666666666666666,0.6888888888888889,-0.022222222222222223,-0.07777777777777778,0.03333333333333333
RE2,L2,mean,baro,simplerca_author,RE2::OB,90,0.14444444444444443,0.4666666666666667,-0.32222222222222224,-0.43333333333333335,-0.2111111111111111
RE2,L2,mean,baro,simplerca_author,RE2::SS,90,0.06666666666666667,0.24444444444444444,-0.17777777777777778,-0.2777777777777778,-0.08888888888888889
RE2,L2,mean,baro,simplerca_author,RE2::TT,90,0.6666666666666666,0.8,-0.13333333333333333,-0.2222222222222222,-0.044444444444444446
RE2,L2,mean,baro,tracerca,RE2::OB,90,0.14444444444444443,0.1,0.044444444444444446,-0.05555555555555555,0.14444444444444443
RE2,L2,mean,baro,tracerca,RE2::TT,90,0.6666666666666666,0.5333333333333333,0.13333333333333333,-0.011111111111111112,0.26666666666666666
RE2,L2,mean,causalrca,cd1min,RE2::OB,90,0.20740740740740737,0.7333333333333333,-0.5259259259259259,-0.6185185185185186,-0.4296296296296297
RE2,L2,mean,causalrca,cd1min,RE2::SS,90,0.14814814814814817,0.9444444444444444,-0.7962962962962964,-0.8666666666666667,-0.7222222222222222
RE2,L2,mean,causalrca,cd1min,RE2::TT,90,0.20740740740740737,0.7888888888888889,-0.5814814814814816,-0.6777777777777778,-0.4814814814814815
RE2,L2,mean,causalrca,circa,RE2::OB,90,0.20740740740740737,0.6666666666666666,-0.4592592592592593,-0.5666666666666667,-0.35555555555555557
RE2,L2,mean,causalrca,circa,RE2::SS,90,0.14814814814814817,0.7777777777777778,-0.6296296296296297,-0.7222222222222222,-0.5296296296296296
RE2,L2,mean,causalrca,circa,RE2::TT,90,0.20740740740740737,0.5444444444444444,-0.3370370370370371,-0.45555555555555566,-0.21851851851851853
RE2,L2,mean,causalrca,e_diagnosis,RE2::OB,90,0.20740740740740737,0.03333333333333333,0.17407407407407408,0.08888888888888888,0.25925925925925924
RE2,L2,mean,causalrca,e_diagnosis,RE2::SS,90,0.14814814814814817,0.15555555555555556,-0.00740740740740741,-0.10370370370370371,0.08888888888888888
RE2,L2,mean,causalrca,e_diagnosis,RE2::TT,90,0.20740740740740737,0.0,0.20740740740740737,0.15185185185185185,0.26666666666666666
RE2,L2,mean,causalrca,max_z,RE2::OB,90,0.20740740740740737,0.7777777777777778,-0.5703703703703704,-0.6666666666666667,-0.4703703703703704
RE2,L2,mean,causalrca,max_z,RE2::SS,90,0.14814814814814817,0.8444444444444444,-0.6962962962962963,-0.7888888888888889,-0.5962962962962963
RE2,L2,mean,causalrca,max_z,RE2::TT,90,0.20740740740740737,0.4111111111111111,-0.20370370370370372,-0.31111111111111117,-0.10000000000000002
RE2,L2,mean,causalrca,microrank,RE2::OB,90,0.20740740740740737,0.0,0.20740740740740737,0.137037037037037,0.2777777777777778
RE2,L2,mean,causalrca,microrank,RE2::TT,90,0.20740740740740737,0.12222222222222222,0.08518518518518516,-0.007407407407407423,0.17407407407407408
RE2,L2,mean,causalrca,mmbaro,RE2::OB,90,0.20740740740740737,0.16666666666666666,0.04074074074074074,-0.06666666666666668,0.14074074074074072
RE2,L2,mean,causalrca,mmbaro,RE2::SS,90,0.14814814814814817,0.06666666666666667,0.08148148148148149,0.003703703703703693,0.16296296296296295
RE2,L2,mean,causalrca,mmbaro,RE2::TT,90,0.20740740740740737,0.6888888888888889,-0.4814814814814815,-0.5962962962962963,-0.36296296296296293
RE2,L2,mean,causalrca,simplerca_author,RE2::OB,90,0.20740740740740737,0.4666666666666667,-0.2592592592592593,-0.37407407407407406,-0.14814814814814817
RE2,L2,mean,causalrca,simplerca_author,RE2::SS,90,0.14814814814814817,0.24444444444444444,-0.09629629629629631,-0.20370370370370372,0.0074074074074073955
RE2,L2,mean,causalrca,simplerca_author,RE2::TT,90,0.20740740740740737,0.8,-0.5925925925925927,-0.6814814814814816,-0.49629629629629635
RE2,L2,mean,causalrca,tracerca,RE2::OB,90,0.20740740740740737,0.1,0.1074074074074074,0.011111111111111094,0.2037037037037037
RE2,L2,mean,causalrca,tracerca,RE2::TT,90,0.20740740740740737,0.5333333333333333,-0.32592592592592595,-0.43703703703703706,-0.21481481481481485
RE2,L2,mean,cd1min,circa,RE2::OB,90,0.7333333333333333,0.6666666666666666,0.06666666666666667,-0.044444444444444446,0.17777777777777778
RE2,L2,mean,cd1min,circa,RE2::SS,90,0.9444444444444444,0.7777777777777778,0.16666666666666666,0.08888888888888889,0.25555555555555554
RE2,L2,mean,cd1min,circa,RE2::TT,90,0.7888888888888889,0.5444444444444444,0.24444444444444444,0.13333333333333333,0.35555555555555557
RE2,L2,mean,cd1min,e_diagnosis,RE2::OB,90,0.7333333333333333,0.03333333333333333,0.7,0.6,0.8
RE2,L2,mean,cd1min,e_diagnosis,RE2::SS,90,0.9444444444444444,0.15555555555555556,0.7888888888888889,0.6888888888888889,0.8777777777777778
RE2,L2,mean,cd1min,e_diagnosis,RE2::TT,90,0.7888888888888889,0.0,0.7888888888888889,0.7,0.8666666666666667
RE2,L2,mean,cd1min,max_z,RE2::OB,90,0.7333333333333333,0.7777777777777778,-0.044444444444444446,-0.12222222222222222,0.03333333333333333
RE2,L2,mean,cd1min,max_z,RE2::SS,90,0.9444444444444444,0.8444444444444444,0.1,0.022222222222222223,0.17777777777777778
RE2,L2,mean,cd1min,max_z,RE2::TT,90,0.7888888888888889,0.4111111111111111,0.37777777777777777,0.25555555555555554,0.5
RE2,L2,mean,cd1min,microrank,RE2::OB,90,0.7333333333333333,0.0,0.7333333333333333,0.6444444444444445,0.8222222222222222
RE2,L2,mean,cd1min,microrank,RE2::TT,90,0.7888888888888889,0.12222222222222222,0.6666666666666666,0.5444444444444444,0.7888888888888889
RE2,L2,mean,cd1min,mmbaro,RE2::OB,90,0.7333333333333333,0.16666666666666666,0.5666666666666667,0.45555555555555555,0.6777777777777778
RE2,L2,mean,cd1min,mmbaro,RE2::SS,90,0.9444444444444444,0.06666666666666667,0.8777777777777778,0.8111111111111111,0.9444444444444444
RE2,L2,mean,cd1min,mmbaro,RE2::TT,90,0.7888888888888889,0.6888888888888889,0.1,-0.011111111111111112,0.2111111111111111
RE2,L2,mean,cd1min,simplerca_author,RE2::OB,90,0.7333333333333333,0.4666666666666667,0.26666666666666666,0.15555555555555556,0.37777777777777777
RE2,L2,mean,cd1min,simplerca_author,RE2::SS,90,0.9444444444444444,0.24444444444444444,0.7,0.6,0.8
RE2,L2,mean,cd1min,simplerca_author,RE2::TT,90,0.7888888888888889,0.8,-0.011111111111111112,-0.1111111111111111,0.08888888888888889
RE2,L2,mean,cd1min,tracerca,RE2::OB,90,0.7333333333333333,0.1,0.6333333333333333,0.5222222222222223,0.7444444444444445
RE2,L2,mean,cd1min,tracerca,RE2::TT,90,0.7888888888888889,0.5333333333333333,0.25555555555555554,0.12222222222222222,0.3888888888888889
RE2,L2,mean,circa,e_diagnosis,RE2::OB,90,0.6666666666666666,0.03333333333333333,0.6333333333333333,0.5333333333333333,0.7444444444444445
RE2,L2,mean,circa,e_diagnosis,RE2::SS,90,0.7777777777777778,0.15555555555555556,0.6222222222222222,0.5,0.7333333333333333
RE2,L2,mean,circa,e_diagnosis,RE2::TT,90,0.5444444444444444,0.0,0.5444444444444444,0.4444444444444444,0.6444444444444445
RE2,L2,mean,circa,max_z,RE2::OB,90,0.6666666666666666,0.7777777777777778,-0.1111111111111111,-0.2111111111111111,-0.011111111111111112
RE2,L2,mean,circa,max_z,RE2::SS,90,0.7777777777777778,0.8444444444444444,-0.06666666666666667,-0.15555555555555556,0.011111111111111112
RE2,L2,mean,circa,max_z,RE2::TT,90,0.5444444444444444,0.4111111111111111,0.13333333333333333,0.0,0.26666666666666666
RE2,L2,mean,circa,microrank,RE2::OB,90,0.6666666666666666,0.0,0.6666666666666666,0.5666666666666667,0.7666666666666667
RE2,L2,mean,circa,microrank,RE2::TT,90,0.5444444444444444,0.12222222222222222,0.4222222222222222,0.3,0.5444444444444444
RE2,L2,mean,circa,mmbaro,RE2::OB,90,0.6666666666666666,0.16666666666666666,0.5,0.37777777777777777,0.6222222222222222
RE2,L2,mean,circa,mmbaro,RE2::SS,90,0.7777777777777778,0.06666666666666667,0.7111111111111111,0.6222222222222222,0.8
RE2,L2,mean,circa,mmbaro,RE2::TT,90,0.5444444444444444,0.6888888888888889,-0.14444444444444443,-0.26666666666666666,-0.022222222222222223
RE2,L2,mean,circa,simplerca_author,RE2::OB,90,0.6666666666666666,0.4666666666666667,0.2,0.07777777777777778,0.32222222222222224
RE2,L2,mean,circa,simplerca_author,RE2::SS,90,0.7777777777777778,0.24444444444444444,0.5333333333333333,0.4222222222222222,0.6444444444444445
RE2,L2,mean,circa,simplerca_author,RE2::TT,90,0.5444444444444444,0.8,-0.25555555555555554,-0.37777777777777777,-0.13333333333333333
RE2,L2,mean,circa,tracerca,RE2::OB,90,0.6666666666666666,0.1,0.5666666666666667,0.45555555555555555,0.6777777777777778
RE2,L2,mean,circa,tracerca,RE2::TT,90,0.5444444444444444,0.5333333333333333,0.011111111111111112,-0.14444444444444443,0.16666666666666666
RE2,L2,mean,e_diagnosis,max_z,RE2::OB,90,0.03333333333333333,0.7777777777777778,-0.7444444444444445,-0.8333333333333334,-0.6555555555555556
RE2,L2,mean,e_diagnosis,max_z,RE2::SS,90,0.15555555555555556,0.8444444444444444,-0.6888888888888889,-0.8,-0.5666666666666667
RE2,L2,mean,e_diagnosis,max_z,RE2::TT,90,0.0,0.4111111111111111,-0.4111111111111111,-0.5111111111111111,-0.3111111111111111
RE2,L2,mean,e_diagnosis,microrank,RE2::OB,90,0.03333333333333333,0.0,0.03333333333333333,0.0,0.07777777777777778
RE2,L2,mean,e_diagnosis,microrank,RE2::TT,90,0.0,0.12222222222222222,-0.12222222222222222,-0.18888888888888888,-0.05555555555555555
RE2,L2,mean,e_diagnosis,mmbaro,RE2::OB,90,0.03333333333333333,0.16666666666666666,-0.13333333333333333,-0.2222222222222222,-0.044444444444444446
RE2,L2,mean,e_diagnosis,mmbaro,RE2::SS,90,0.15555555555555556,0.06666666666666667,0.08888888888888889,-0.00027777777777752516,0.18888888888888888
RE2,L2,mean,e_diagnosis,mmbaro,RE2::TT,90,0.0,0.6888888888888889,-0.6888888888888889,-0.7888888888888889,-0.5888888888888889
RE2,L2,mean,e_diagnosis,simplerca_author,RE2::OB,90,0.03333333333333333,0.4666666666666667,-0.43333333333333335,-0.5444444444444444,-0.32222222222222224
RE2,L2,mean,e_diagnosis,simplerca_author,RE2::SS,90,0.15555555555555556,0.24444444444444444,-0.08888888888888889,-0.2111111111111111,0.03333333333333333
RE2,L2,mean,e_diagnosis,simplerca_author,RE2::TT,90,0.0,0.8,-0.8,-0.8777777777777778,-0.7111111111111111
RE2,L2,mean,e_diagnosis,tracerca,RE2::OB,90,0.03333333333333333,0.1,-0.06666666666666667,-0.14444444444444443,0.011111111111111112
RE2,L2,mean,e_diagnosis,tracerca,RE2::TT,90,0.0,0.5333333333333333,-0.5333333333333333,-0.6333333333333333,-0.43333333333333335
RE2,L2,mean,max_z,microrank,RE2::OB,90,0.7777777777777778,0.0,0.7777777777777778,0.6888888888888889,0.8555555555555555
RE2,L2,mean,max_z,microrank,RE2::TT,90,0.4111111111111111,0.12222222222222222,0.28888888888888886,0.16666666666666666,0.4111111111111111
RE2,L2,mean,max_z,mmbaro,RE2::OB,90,0.7777777777777778,0.16666666666666666,0.6111111111111112,0.5,0.7111111111111111
RE2,L2,mean,max_z,mmbaro,RE2::SS,90,0.8444444444444444,0.06666666666666667,0.7777777777777778,0.6888888888888889,0.8555555555555555
RE2,L2,mean,max_z,mmbaro,RE2::TT,90,0.4111111111111111,0.6888888888888889,-0.2777777777777778,-0.4,-0.14444444444444443
RE2,L2,mean,max_z,simplerca_author,RE2::OB,90,0.7777777777777778,0.4666666666666667,0.3111111111111111,0.2,0.4222222222222222
RE2,L2,mean,max_z,simplerca_author,RE2::SS,90,0.8444444444444444,0.24444444444444444,0.6,0.4888888888888889,0.7
RE2,L2,mean,max_z,simplerca_author,RE2::TT,90,0.4111111111111111,0.8,-0.3888888888888889,-0.5,-0.26666666666666666
RE2,L2,mean,max_z,tracerca,RE2::OB,90,0.7777777777777778,0.1,0.6777777777777778,0.5555555555555556,0.7888888888888889
RE2,L2,mean,max_z,tracerca,RE2::TT,90,0.4111111111111111,0.5333333333333333,-0.12222222222222222,-0.26666666666666666,0.03333333333333333
RE2,L2,mean,microrank,mmbaro,RE2::OB,90,0.0,0.16666666666666666,-0.16666666666666666,-0.24444444444444444,-0.08888888888888889
RE2,L2,mean,microrank,mmbaro,RE2::TT,90,0.12222222222222222,0.6888888888888889,-0.5666666666666667,-0.6888888888888889,-0.43333333333333335
RE2,L2,mean,microrank,simplerca_author,RE2::OB,90,0.0,0.4666666666666667,-0.4666666666666667,-0.5666666666666667,-0.36666666666666664
RE2,L2,mean,microrank,simplerca_author,RE2::TT,90,0.12222222222222222,0.8,-0.6777777777777778,-0.7888888888888889,-0.5444444444444444
RE2,L2,mean,microrank,tracerca,RE2::OB,90,0.0,0.1,-0.1,-0.16666666666666666,-0.044444444444444446
RE2,L2,mean,microrank,tracerca,RE2::TT,90,0.12222222222222222,0.5333333333333333,-0.4111111111111111,-0.5222222222222223,-0.3
RE2,L2,mean,mmbaro,simplerca_author,RE2::OB,90,0.16666666666666666,0.4666666666666667,-0.3,-0.4111111111111111,-0.17777777777777778
RE2,L2,mean,mmbaro,simplerca_author,RE2::SS,90,0.06666666666666667,0.24444444444444444,-0.17777777777777778,-0.2777777777777778,-0.07777777777777778
RE2,L2,mean,mmbaro,simplerca_author,RE2::TT,90,0.6888888888888889,0.8,-0.1111111111111111,-0.2,-0.03333333333333333
RE2,L2,mean,mmbaro,tracerca,RE2::OB,90,0.16666666666666666,0.1,0.06666666666666667,-0.044444444444444446,0.17777777777777778
RE2,L2,mean,mmbaro,tracerca,RE2::TT,90,0.6888888888888889,0.5333333333333333,0.15555555555555556,0.011111111111111112,0.3
RE2,L2,mean,simplerca_author,tracerca,RE2::OB,90,0.4666666666666667,0.1,0.36666666666666664,0.24444444444444444,0.4888888888888889
RE2,L2,mean,simplerca_author,tracerca,RE2::TT,90,0.8,0.5333333333333333,0.26666666666666666,0.12222222222222222,0.4
RE2,L2,seed0,alertcount,causalrca,RE2::OB,90,0.2111111111111111,0.2777777777777778,-0.06666666666666667,-0.2,0.07777777777777778
RE2,L2,seed0,alertcount,causalrca,RE2::SS,90,0.3888888888888889,0.14444444444444443,0.24444444444444444,0.12222222222222222,0.36666666666666664
RE2,L2,seed0,alertcount,causalrca,RE2::TT,90,0.2111111111111111,0.26666666666666666,-0.05555555555555555,-0.16666666666666666,0.05555555555555555
RE2,L2,seed0,baro,causalrca,RE2::OB,90,0.14444444444444443,0.2777777777777778,-0.13333333333333333,-0.25555555555555554,-0.011111111111111112
RE2,L2,seed0,baro,causalrca,RE2::SS,90,0.06666666666666667,0.14444444444444443,-0.07777777777777778,-0.16666666666666666,0.0
RE2,L2,seed0,baro,causalrca,RE2::TT,90,0.6666666666666666,0.26666666666666666,0.4,0.26666666666666666,0.5333333333333333
RE2,L2,seed0,causalrca,cd1min,RE2::OB,90,0.2777777777777778,0.7333333333333333,-0.45555555555555555,-0.5666666666666667,-0.34444444444444444
RE2,L2,seed0,causalrca,cd1min,RE2::SS,90,0.14444444444444443,0.9444444444444444,-0.8,-0.8777777777777778,-0.7111111111111111
RE2,L2,seed0,causalrca,cd1min,RE2::TT,90,0.26666666666666666,0.7888888888888889,-0.5222222222222223,-0.6333333333333333,-0.4111111111111111
RE2,L2,seed0,causalrca,circa,RE2::OB,90,0.2777777777777778,0.6666666666666666,-0.3888888888888889,-0.5111111111111111,-0.26666666666666666
RE2,L2,seed0,causalrca,circa,RE2::SS,90,0.14444444444444443,0.7777777777777778,-0.6333333333333333,-0.7333333333333333,-0.5222222222222223
RE2,L2,seed0,causalrca,circa,RE2::TT,90,0.26666666666666666,0.5444444444444444,-0.2777777777777778,-0.4111111111111111,-0.14444444444444443
RE2,L2,seed0,causalrca,e_diagnosis,RE2::OB,90,0.2777777777777778,0.03333333333333333,0.24444444444444444,0.14444444444444443,0.34444444444444444
RE2,L2,seed0,causalrca,e_diagnosis,RE2::SS,90,0.14444444444444443,0.15555555555555556,-0.011111111111111112,-0.1111111111111111,0.08888888888888889
RE2,L2,seed0,causalrca,e_diagnosis,RE2::TT,90,0.26666666666666666,0.0,0.26666666666666666,0.17777777777777778,0.35555555555555557
RE2,L2,seed0,causalrca,max_z,RE2::OB,90,0.2777777777777778,0.7777777777777778,-0.5,-0.6111111111111112,-0.37777777777777777
RE2,L2,seed0,causalrca,max_z,RE2::SS,90,0.14444444444444443,0.8444444444444444,-0.7,-0.8,-0.5888888888888889
RE2,L2,seed0,causalrca,max_z,RE2::TT,90,0.26666666666666666,0.4111111111111111,-0.14444444444444443,-0.2777777777777778,-0.011111111111111112
RE2,L2,seed0,causalrca,microrank,RE2::OB,90,0.2777777777777778,0.0,0.2777777777777778,0.18888888888888888,0.36666666666666664
RE2,L2,seed0,causalrca,microrank,RE2::TT,90,0.26666666666666666,0.12222222222222222,0.14444444444444443,0.022222222222222223,0.26666666666666666
RE2,L2,seed0,causalrca,mmbaro,RE2::OB,90,0.2777777777777778,0.16666666666666666,0.1111111111111111,-0.011111111111111112,0.23333333333333334
RE2,L2,seed0,causalrca,mmbaro,RE2::SS,90,0.14444444444444443,0.06666666666666667,0.07777777777777778,0.0,0.16666666666666666
RE2,L2,seed0,causalrca,mmbaro,RE2::TT,90,0.26666666666666666,0.6888888888888889,-0.4222222222222222,-0.5555555555555556,-0.2777777777777778
RE2,L2,seed0,causalrca,simplerca_author,RE2::OB,90,0.2777777777777778,0.4666666666666667,-0.18888888888888888,-0.3111111111111111,-0.06666666666666667
RE2,L2,seed0,causalrca,simplerca_author,RE2::SS,90,0.14444444444444443,0.24444444444444444,-0.1,-0.2222222222222222,0.022222222222222223
RE2,L2,seed0,causalrca,simplerca_author,RE2::TT,90,0.26666666666666666,0.8,-0.5333333333333333,-0.6444444444444445,-0.4111111111111111
RE2,L2,seed0,causalrca,tracerca,RE2::OB,90,0.2777777777777778,0.1,0.17777777777777778,0.06666666666666667,0.28888888888888886
RE2,L2,seed0,causalrca,tracerca,RE2::TT,90,0.26666666666666666,0.5333333333333333,-0.26666666666666666,-0.3888888888888889,-0.14444444444444443
RE2,L2,seed1,alertcount,causalrca,RE2::OB,90,0.2111111111111111,0.15555555555555556,0.05555555555555555,-0.05555555555555555,0.16666666666666666
RE2,L2,seed1,alertcount,causalrca,RE2::SS,90,0.3888888888888889,0.17777777777777778,0.2111111111111111,0.08888888888888889,0.3333333333333333
RE2,L2,seed1,alertcount,causalrca,RE2::TT,90,0.2111111111111111,0.13333333333333333,0.07777777777777778,-0.022222222222222223,0.18888888888888888
RE2,L2,seed1,baro,causalrca,RE2::OB,90,0.14444444444444443,0.15555555555555556,-0.011111111111111112,-0.1111111111111111,0.08888888888888889
RE2,L2,seed1,baro,causalrca,RE2::SS,90,0.06666666666666667,0.17777777777777778,-0.1111111111111111,-0.2111111111111111,-0.011111111111111112
RE2,L2,seed1,baro,causalrca,RE2::TT,90,0.6666666666666666,0.13333333333333333,0.5333333333333333,0.4,0.6555555555555556
RE2,L2,seed1,causalrca,cd1min,RE2::OB,90,0.15555555555555556,0.7333333333333333,-0.5777777777777777,-0.6777777777777778,-0.4777777777777778
RE2,L2,seed1,causalrca,cd1min,RE2::SS,90,0.17777777777777778,0.9444444444444444,-0.7666666666666667,-0.8555555555555555,-0.6777777777777778
RE2,L2,seed1,causalrca,cd1min,RE2::TT,90,0.13333333333333333,0.7888888888888889,-0.6555555555555556,-0.7666666666666667,-0.5333333333333333
RE2,L2,seed1,causalrca,circa,RE2::OB,90,0.15555555555555556,0.6666666666666666,-0.5111111111111111,-0.6222222222222222,-0.4
RE2,L2,seed1,causalrca,circa,RE2::SS,90,0.17777777777777778,0.7777777777777778,-0.6,-0.7,-0.4888888888888889
RE2,L2,seed1,causalrca,circa,RE2::TT,90,0.13333333333333333,0.5444444444444444,-0.4111111111111111,-0.5333333333333333,-0.28888888888888886
RE2,L2,seed1,causalrca,e_diagnosis,RE2::OB,90,0.15555555555555556,0.03333333333333333,0.12222222222222222,0.03333333333333333,0.2111111111111111
RE2,L2,seed1,causalrca,e_diagnosis,RE2::SS,90,0.17777777777777778,0.15555555555555556,0.022222222222222223,-0.08888888888888889,0.13333333333333333
RE2,L2,seed1,causalrca,e_diagnosis,RE2::TT,90,0.13333333333333333,0.0,0.13333333333333333,0.06666666666666667,0.2
RE2,L2,seed1,causalrca,max_z,RE2::OB,90,0.15555555555555556,0.7777777777777778,-0.6222222222222222,-0.7222222222222222,-0.5111111111111111
RE2,L2,seed1,causalrca,max_z,RE2::SS,90,0.17777777777777778,0.8444444444444444,-0.6666666666666666,-0.7666666666666667,-0.5555555555555556
RE2,L2,seed1,causalrca,max_z,RE2::TT,90,0.13333333333333333,0.4111111111111111,-0.2777777777777778,-0.3888888888888889,-0.16666666666666666
RE2,L2,seed1,causalrca,microrank,RE2::OB,90,0.15555555555555556,0.0,0.15555555555555556,0.08888888888888889,0.23333333333333334
RE2,L2,seed1,causalrca,microrank,RE2::TT,90,0.13333333333333333,0.12222222222222222,0.011111111111111112,-0.08888888888888889,0.1111111111111111
RE2,L2,seed1,causalrca,mmbaro,RE2::OB,90,0.15555555555555556,0.16666666666666666,-0.011111111111111112,-0.12222222222222222,0.08888888888888889
RE2,L2,seed1,causalrca,mmbaro,RE2::SS,90,0.17777777777777778,0.06666666666666667,0.1111111111111111,0.011111111111111112,0.2111111111111111
RE2,L2,seed1,causalrca,mmbaro,RE2::TT,90,0.13333333333333333,0.6888888888888889,-0.5555555555555556,-0.6777777777777778,-0.4222222222222222
RE2,L2,seed1,causalrca,simplerca_author,RE2::OB,90,0.15555555555555556,0.4666666666666667,-0.3111111111111111,-0.43333333333333335,-0.18888888888888888
RE2,L2,seed1,causalrca,simplerca_author,RE2::SS,90,0.17777777777777778,0.24444444444444444,-0.06666666666666667,-0.17777777777777778,0.044444444444444446
RE2,L2,seed1,causalrca,simplerca_author,RE2::TT,90,0.13333333333333333,0.8,-0.6666666666666666,-0.7666666666666667,-0.5666666666666667
RE2,L2,seed1,causalrca,tracerca,RE2::OB,90,0.15555555555555556,0.1,0.05555555555555555,-0.044444444444444446,0.16666666666666666
RE2,L2,seed1,causalrca,tracerca,RE2::TT,90,0.13333333333333333,0.5333333333333333,-0.4,-0.5333333333333333,-0.26666666666666666
RE2,L2,seed2,alertcount,causalrca,RE2::OB,90,0.2111111111111111,0.18888888888888888,0.022222222222222223,-0.1,0.14444444444444443
RE2,L2,seed2,alertcount,causalrca,RE2::SS,90,0.3888888888888889,0.12222222222222222,0.26666666666666666,0.15555555555555556,0.37777777777777777
RE2,L2,seed2,alertcount,causalrca,RE2::TT,90,0.2111111111111111,0.2222222222222222,-0.011111111111111112,-0.12222222222222222,0.1111111111111111
RE2,L2,seed2,baro,causalrca,RE2::OB,90,0.14444444444444443,0.18888888888888888,-0.044444444444444446,-0.14444444444444443,0.05555555555555555
RE2,L2,seed2,baro,causalrca,RE2::SS,90,0.06666666666666667,0.12222222222222222,-0.05555555555555555,-0.14444444444444443,0.03333333333333333
RE2,L2,seed2,baro,causalrca,RE2::TT,90,0.6666666666666666,0.2222222222222222,0.4444444444444444,0.32222222222222224,0.5666666666666667
RE2,L2,seed2,causalrca,cd1min,RE2::OB,90,0.18888888888888888,0.7333333333333333,-0.5444444444444444,-0.6444444444444445,-0.4444444444444444
RE2,L2,seed2,causalrca,cd1min,RE2::SS,90,0.12222222222222222,0.9444444444444444,-0.8222222222222222,-0.9,-0.7444444444444445
RE2,L2,seed2,causalrca,cd1min,RE2::TT,90,0.2222222222222222,0.7888888888888889,-0.5666666666666667,-0.6777777777777778,-0.4444444444444444
RE2,L2,seed2,causalrca,circa,RE2::OB,90,0.18888888888888888,0.6666666666666666,-0.4777777777777778,-0.5888888888888889,-0.36666666666666664
RE2,L2,seed2,causalrca,circa,RE2::SS,90,0.12222222222222222,0.7777777777777778,-0.6555555555555556,-0.7555555555555555,-0.5444444444444444
RE2,L2,seed2,causalrca,circa,RE2::TT,90,0.2222222222222222,0.5444444444444444,-0.32222222222222224,-0.4666666666666667,-0.17777777777777778
RE2,L2,seed2,causalrca,e_diagnosis,RE2::OB,90,0.18888888888888888,0.03333333333333333,0.15555555555555556,0.06666666666666667,0.24444444444444444
RE2,L2,seed2,causalrca,e_diagnosis,RE2::SS,90,0.12222222222222222,0.15555555555555556,-0.03333333333333333,-0.13333333333333333,0.06666666666666667
RE2,L2,seed2,causalrca,e_diagnosis,RE2::TT,90,0.2222222222222222,0.0,0.2222222222222222,0.14444444444444443,0.3111111111111111
RE2,L2,seed2,causalrca,max_z,RE2::OB,90,0.18888888888888888,0.7777777777777778,-0.5888888888888889,-0.6888888888888889,-0.4888888888888889
RE2,L2,seed2,causalrca,max_z,RE2::SS,90,0.12222222222222222,0.8444444444444444,-0.7222222222222222,-0.8222222222222222,-0.6111111111111112
RE2,L2,seed2,causalrca,max_z,RE2::TT,90,0.2222222222222222,0.4111111111111111,-0.18888888888888888,-0.3111111111111111,-0.06666666666666667
RE2,L2,seed2,causalrca,microrank,RE2::OB,90,0.18888888888888888,0.0,0.18888888888888888,0.1111111111111111,0.26666666666666666
RE2,L2,seed2,causalrca,microrank,RE2::TT,90,0.2222222222222222,0.12222222222222222,0.1,-0.011111111111111112,0.2111111111111111
RE2,L2,seed2,causalrca,mmbaro,RE2::OB,90,0.18888888888888888,0.16666666666666666,0.022222222222222223,-0.08888888888888889,0.12222222222222222
RE2,L2,seed2,causalrca,mmbaro,RE2::SS,90,0.12222222222222222,0.06666666666666667,0.05555555555555555,-0.03333333333333333,0.14444444444444443
RE2,L2,seed2,causalrca,mmbaro,RE2::TT,90,0.2222222222222222,0.6888888888888889,-0.4666666666666667,-0.6,-0.3333333333333333
RE2,L2,seed2,causalrca,simplerca_author,RE2::OB,90,0.18888888888888888,0.4666666666666667,-0.2777777777777778,-0.4,-0.16666666666666666
RE2,L2,seed2,causalrca,simplerca_author,RE2::SS,90,0.12222222222222222,0.24444444444444444,-0.12222222222222222,-0.23333333333333334,-0.022222222222222223
RE2,L2,seed2,causalrca,simplerca_author,RE2::TT,90,0.2222222222222222,0.8,-0.5777777777777777,-0.6888888888888889,-0.45555555555555555
RE2,L2,seed2,causalrca,tracerca,RE2::OB,90,0.18888888888888888,0.1,0.08888888888888889,-0.011111111111111112,0.18888888888888888
RE2,L2,seed2,causalrca,tracerca,RE2::TT,90,0.2222222222222222,0.5333333333333333,-0.3111111111111111,-0.43333333333333335,-0.18888888888888888
