family,layer,a,b,sub,fault_class,n,delta
RE1,L1,baro,causalrca,RE1::OB,cpu,25,0.17333333333333337
RE1,L1,baro,causalrca,RE1::OB,delay,25,0.17333333333333337
RE1,L1,baro,causalrca,RE1::OB,disk,25,0.05333333333333335
RE1,L1,baro,causalrca,RE1::OB,loss,25,0.16000000000000003
RE1,L1,baro,causalrca,RE1::OB,mem,25,0.04
RE1,L1,baro,causalrca,RE1::SS,cpu,25,0.8
RE1,L1,baro,causalrca,RE1::SS,delay,25,0.7866666666666667
RE1,L1,baro,causalrca,RE1::SS,disk,25,0.48
RE1,L1,baro,causalrca,RE1::SS,loss,25,0.56
RE1,L1,baro,causalrca,RE1::SS,mem,25,0.7333333333333333
RE1,L1,baro,causalrca,RE1::TT,cpu,25,0.37333333333333335
RE1,L1,baro,causalrca,RE1::TT,delay,25,0.21333333333333335
RE1,L1,baro,causalrca,RE1::TT,disk,25,0.5866666666666667
RE1,L1,baro,causalrca,RE1::TT,loss,25,0.29333333333333333
RE1,L1,baro,causalrca,RE1::TT,mem,25,0.6533333333333334
RE1,L1,baro,circa,RE1::OB,cpu,25,0.2
RE1,L1,baro,circa,RE1::OB,delay,25,-0.04
RE1,L1,baro,circa,RE1::OB,disk,25,0.0
RE1,L1,baro,circa,RE1::OB,loss,25,0.12
RE1,L1,baro,circa,RE1::OB,mem,25,0.04
RE1,L1,baro,circa,RE1::SS,cpu,25,0.24
RE1,L1,baro,circa,RE1::SS,delay,25,0.16
RE1,L1,baro,circa,RE1::SS,disk,25,0.04
RE1,L1,baro,circa,RE1::SS,loss,25,0.08
RE1,L1,baro,circa,RE1::SS,mem,25,0.2
RE1,L1,baro,circa,RE1::TT,cpu,25,0.2
RE1,L1,baro,circa,RE1::TT,delay,25,0.04
RE1,L1,baro,circa,RE1::TT,disk,25,0.32
RE1,L1,baro,circa,RE1::TT,loss,25,0.24
RE1,L1,baro,circa,RE1::TT,mem,25,0.36
RE1,L1,baro,e_diagnosis,RE1::OB,cpu,25,0.92
RE1,L1,baro,e_diagnosis,RE1::OB,delay,25,0.6
RE1,L1,baro,e_diagnosis,RE1::OB,disk,25,0.6
RE1,L1,baro,e_diagnosis,RE1::OB,loss,25,0.44
RE1,L1,baro,e_diagnosis,RE1::OB,mem,25,0.96
RE1,L1,baro,e_diagnosis,RE1::SS,cpu,25,0.68
RE1,L1,baro,e_diagnosis,RE1::SS,delay,25,0.76
RE1,L1,baro,e_diagnosis,RE1::SS,disk,25,0.68
RE1,L1,baro,e_diagnosis,RE1::SS,loss,25,0.48
RE1,L1,baro,e_diagnosis,RE1::SS,mem,25,0.92
RE1,L1,baro,e_diagnosis,RE1::TT,cpu,25,0.64
RE1,L1,baro,e_diagnosis,RE1::TT,delay,25,0.28
RE1,L1,baro,e_diagnosis,RE1::TT,disk,25,0.68
RE1,L1,baro,e_diagnosis,RE1::TT,loss,25,0.36
RE1,L1,baro,e_diagnosis,RE1::TT,mem,25,0.84
RE1,L1,baro,rcd,RE1::OB,cpu,25,0.05333333333333334
RE1,L1,baro,rcd,RE1::OB,delay,25,0.45333333333333337
RE1,L1,baro,rcd,RE1::OB,disk,25,0.06666666666666668
RE1,L1,baro,rcd,RE1::OB,loss,25,0.18666666666666668
RE1,L1,baro,rcd,RE1::OB,mem,25,0.21333333333333335
RE1,L1,baro,rcd,RE1::SS,cpu,25,0.33333333333333337
RE1,L1,baro,rcd,RE1::SS,delay,25,0.68
RE1,L1,baro,rcd,RE1::SS,disk,25,0.24
RE1,L1,baro,rcd,RE1::SS,loss,25,0.44
RE1,L1,baro,rcd,RE1::SS,mem,25,0.6
RE1,L1,baro,rcd,RE1::TT,cpu,25,0.5466666666666666
RE1,L1,baro,rcd,RE1::TT,delay,25,0.25333333333333335
RE1,L1,baro,rcd,RE1::TT,disk,25,0.44
RE1,L1,baro,rcd,RE1::TT,loss,25,0.28
RE1,L1,baro,rcd,RE1::TT,mem,25,0.84
RE1,L1,causalrca,circa,RE1::OB,cpu,25,0.02666666666666665
RE1,L1,causalrca,circa,RE1::OB,delay,25,-0.21333333333333335
RE1,L1,causalrca,circa,RE1::OB,disk,25,-0.05333333333333335
RE1,L1,causalrca,circa,RE1::OB,loss,25,-0.040000000000000015
RE1,L1,causalrca,circa,RE1::OB,mem,25,-4.440892098500626e-18
RE1,L1,causalrca,circa,RE1::SS,cpu,25,-0.56
RE1,L1,causalrca,circa,RE1::SS,delay,25,-0.6266666666666666
RE1,L1,causalrca,circa,RE1::SS,disk,25,-0.44
RE1,L1,causalrca,circa,RE1::SS,loss,25,-0.48
RE1,L1,causalrca,circa,RE1::SS,mem,25,-0.5333333333333333
RE1,L1,causalrca,circa,RE1::TT,cpu,25,-0.17333333333333337
RE1,L1,causalrca,circa,RE1::TT,delay,25,-0.17333333333333337
RE1,L1,causalrca,circa,RE1::TT,disk,25,-0.26666666666666666
RE1,L1,causalrca,circa,RE1::TT,loss,25,-0.05333333333333334
RE1,L1,causalrca,circa,RE1::TT,mem,25,-0.29333333333333333
RE1,L1,causalrca,e_diagnosis,RE1::OB,cpu,25,0.7466666666666667
RE1,L1,causalrca,e_diagnosis,RE1::OB,delay,25,0.42666666666666664
RE1,L1,causalrca,e_diagnosis,RE1::OB,disk,25,0.5466666666666666
RE1,L1,causalrca,e_diagnosis,RE1::OB,loss,25,0.28
RE1,L1,causalrca,e_diagnosis,RE1::OB,mem,25,0.92
RE1,L1,causalrca,e_diagnosis,RE1::SS,cpu,25,-0.12
RE1,L1,causalrca,e_diagnosis,RE1::SS,delay,25,-0.026666666666666675
RE1,L1,causalrca,e_diagnosis,RE1::SS,disk,25,0.2
RE1,L1,causalrca,e_diagnosis,RE1::SS,loss,25,-0.08
RE1,L1,causalrca,e_diagnosis,RE1::SS,mem,25,0.18666666666666665
RE1,L1,causalrca,e_diagnosis,RE1::TT,cpu,25,0.26666666666666666
RE1,L1,causalrca,e_diagnosis,RE1::TT,delay,25,0.06666666666666667
RE1,L1,causalrca,e_diagnosis,RE1::TT,disk,25,0.09333333333333332
RE1,L1,causalrca,e_diagnosis,RE1::TT,loss,25,0.06666666666666667
RE1,L1,causalrca,e_diagnosis,RE1::TT,mem,25,0.18666666666666665
RE1,L1,causalrca,rcd,RE1::OB,cpu,25,-0.12000000000000002
RE1,L1,causalrca,rcd,RE1::OB,delay,25,0.28
RE1,L1,causalrca,rcd,RE1::OB,disk,25,0.01333333333333334
RE1,L1,causalrca,rcd,RE1::OB,loss,25,0.02666666666666665
RE1,L1,causalrca,rcd,RE1::OB,mem,25,0.17333333333333337
RE1,L1,causalrca,rcd,RE1::SS,cpu,25,-0.4666666666666666
RE1,L1,causalrca,rcd,RE1::SS,delay,25,-0.10666666666666666
RE1,L1,causalrca,rcd,RE1::SS,disk,25,-0.24
RE1,L1,causalrca,rcd,RE1::SS,loss,25,-0.12
RE1,L1,causalrca,rcd,RE1::SS,mem,25,-0.13333333333333333
RE1,L1,causalrca,rcd,RE1::TT,cpu,25,0.1733333333333333
RE1,L1,causalrca,rcd,RE1::TT,delay,25,0.039999999999999994
RE1,L1,causalrca,rcd,RE1::TT,disk,25,-0.14666666666666667
RE1,L1,causalrca,rcd,RE1::TT,loss,25,-0.013333333333333334
RE1,L1,causalrca,rcd,RE1::TT,mem,25,0.18666666666666665
RE1,L1,circa,e_diagnosis,RE1::OB,cpu,25,0.72
RE1,L1,circa,e_diagnosis,RE1::OB,delay,25,0.64
RE1,L1,circa,e_diagnosis,RE1::OB,disk,25,0.6
RE1,L1,circa,e_diagnosis,RE1::OB,loss,25,0.32
RE1,L1,circa,e_diagnosis,RE1::OB,mem,25,0.92
RE1,L1,circa,e_diagnosis,RE1::SS,cpu,25,0.44
RE1,L1,circa,e_diagnosis,RE1::SS,delay,25,0.6
RE1,L1,circa,e_diagnosis,RE1::SS,disk,25,0.64
RE1,L1,circa,e_diagnosis,RE1::SS,loss,25,0.4
RE1,L1,circa,e_diagnosis,RE1::SS,mem,25,0.72
RE1,L1,circa,e_diagnosis,RE1::TT,cpu,25,0.44
RE1,L1,circa,e_diagnosis,RE1::TT,delay,25,0.24
RE1,L1,circa,e_diagnosis,RE1::TT,disk,25,0.36
RE1,L1,circa,e_diagnosis,RE1::TT,loss,25,0.12
RE1,L1,circa,e_diagnosis,RE1::TT,mem,25,0.48
RE1,L1,circa,rcd,RE1::OB,cpu,25,-0.14666666666666667
RE1,L1,circa,rcd,RE1::OB,delay,25,0.49333333333333335
RE1,L1,circa,rcd,RE1::OB,disk,25,0.0666666666666667
RE1,L1,circa,rcd,RE1::OB,loss,25,0.06666666666666667
RE1,L1,circa,rcd,RE1::OB,mem,25,0.17333333333333337
RE1,L1,circa,rcd,RE1::SS,cpu,25,0.09333333333333334
RE1,L1,circa,rcd,RE1::SS,delay,25,0.52
RE1,L1,circa,rcd,RE1::SS,disk,25,0.2
RE1,L1,circa,rcd,RE1::SS,loss,25,0.36
RE1,L1,circa,rcd,RE1::SS,mem,25,0.4
RE1,L1,circa,rcd,RE1::TT,cpu,25,0.3466666666666666
RE1,L1,circa,rcd,RE1::TT,delay,25,0.21333333333333335
RE1,L1,circa,rcd,RE1::TT,disk,25,0.12000000000000002
RE1,L1,circa,rcd,RE1::TT,loss,25,0.04
RE1,L1,circa,rcd,RE1::TT,mem,25,0.48
RE1,L1,e_diagnosis,rcd,RE1::OB,cpu,25,-0.8666666666666667
RE1,L1,e_diagnosis,rcd,RE1::OB,delay,25,-0.14666666666666667
RE1,L1,e_diagnosis,rcd,RE1::OB,disk,25,-0.5333333333333333
RE1,L1,e_diagnosis,rcd,RE1::OB,loss,25,-0.2533333333333333
RE1,L1,e_diagnosis,rcd,RE1::OB,mem,25,-0.7466666666666667
RE1,L1,e_diagnosis,rcd,RE1::SS,cpu,25,-0.3466666666666666
RE1,L1,e_diagnosis,rcd,RE1::SS,delay,25,-0.07999999999999999
RE1,L1,e_diagnosis,rcd,RE1::SS,disk,25,-0.44
RE1,L1,e_diagnosis,rcd,RE1::SS,loss,25,-0.039999999999999994
RE1,L1,e_diagnosis,rcd,RE1::SS,mem,25,-0.32
RE1,L1,e_diagnosis,rcd,RE1::TT,cpu,25,-0.09333333333333334
RE1,L1,e_diagnosis,rcd,RE1::TT,delay,25,-0.026666666666666665
RE1,L1,e_diagnosis,rcd,RE1::TT,disk,25,-0.24
RE1,L1,e_diagnosis,rcd,RE1::TT,loss,25,-0.08
RE1,L1,e_diagnosis,rcd,RE1::TT,mem,25,0.0
RE1,L2,alertcount,baro,RE1::OB,cpu,25,-0.52
RE1,L2,alertcount,baro,RE1::OB,delay,25,-0.44
RE1,L2,alertcount,baro,RE1::OB,disk,25,-0.2
RE1,L2,alertcount,baro,RE1::OB,loss,25,-0.16
RE1,L2,alertcount,baro,RE1::OB,mem,25,-0.4
RE1,L2,alertcount,baro,RE1::SS,cpu,25,-0.48
RE1,L2,alertcount,baro,RE1::SS,delay,25,-0.64
RE1,L2,alertcount,baro,RE1::SS,disk,25,-0.44
RE1,L2,alertcount,baro,RE1::SS,loss,25,-0.32
RE1,L2,alertcount,baro,RE1::SS,mem,25,-0.48
RE1,L2,alertcount,baro,RE1::TT,cpu,25,-0.56
RE1,L2,alertcount,baro,RE1::TT,delay,25,-0.28
RE1,L2,alertcount,baro,RE1::TT,disk,25,-0.56
RE1,L2,alertcount,baro,RE1::TT,loss,25,-0.36
RE1,L2,alertcount,baro,RE1::TT,mem,25,-0.8
RE1,L2,alertcount,causalrca,RE1::OB,cpu,25,-0.3466666666666666
RE1,L2,alertcount,causalrca,RE1::OB,delay,25,-0.26666666666666666
RE1,L2,alertcount,causalrca,RE1::OB,disk,25,-0.14666666666666667
RE1,L2,alertcount,causalrca,RE1::OB,loss,25,1.1102230246251566e-17
RE1,L2,alertcount,causalrca,RE1::OB,mem,25,-0.36
RE1,L2,alertcount,causalrca,RE1::SS,cpu,25,0.32
RE1,L2,alertcount,causalrca,RE1::SS,delay,25,0.14666666666666667
RE1,L2,alertcount,causalrca,RE1::SS,disk,25,0.040000000000000015
RE1,L2,alertcount,causalrca,RE1::SS,loss,25,0.24
RE1,L2,alertcount,causalrca,RE1::SS,mem,25,0.25333333333333335
RE1,L2,alertcount,causalrca,RE1::TT,cpu,25,-0.18666666666666665
RE1,L2,alertcount,causalrca,RE1::TT,delay,25,-0.06666666666666667
RE1,L2,alertcount,causalrca,RE1::TT,disk,25,0.02666666666666667
RE1,L2,alertcount,causalrca,RE1::TT,loss,25,-0.06666666666666667
RE1,L2,alertcount,causalrca,RE1::TT,mem,25,-0.14666666666666667
RE1,L2,alertcount,cd1min,RE1::OB,cpu,25,-0.48
RE1,L2,alertcount,cd1min,RE1::OB,delay,25,-0.64
RE1,L2,alertcount,cd1min,RE1::OB,disk,25,-0.28
RE1,L2,alertcount,cd1min,RE1::OB,loss,25,-0.04
RE1,L2,alertcount,cd1min,RE1::OB,mem,25,-0.24
RE1,L2,alertcount,cd1min,RE1::SS,cpu,25,-0.56
RE1,L2,alertcount,cd1min,RE1::SS,delay,25,-0.72
RE1,L2,alertcount,cd1min,RE1::SS,disk,25,-0.56
RE1,L2,alertcount,cd1min,RE1::SS,loss,25,-0.48
RE1,L2,alertcount,cd1min,RE1::SS,mem,25,-0.44
RE1,L2,alertcount,cd1min,RE1::TT,cpu,25,-0.08
RE1,L2,alertcount,cd1min,RE1::TT,delay,25,-0.4
RE1,L2,alertcount,cd1min,RE1::TT,disk,25,0.12
RE1,L2,alertcount,cd1min,RE1::TT,loss,25,-0.52
RE1,L2,alertcount,cd1min,RE1::TT,mem,25,-0.28
RE1,L2,alertcount,circa,RE1::OB,cpu,25,-0.32
RE1,L2,alertcount,circa,RE1::OB,delay,25,-0.48
RE1,L2,alertcount,circa,RE1::OB,disk,25,-0.2
RE1,L2,alertcount,circa,RE1::OB,loss,25,-0.04
RE1,L2,alertcount,circa,RE1::OB,mem,25,-0.36
RE1,L2,alertcount,circa,RE1::SS,cpu,25,-0.24
RE1,L2,alertcount,circa,RE1::SS,delay,25,-0.48
RE1,L2,alertcount,circa,RE1::SS,disk,25,-0.4
RE1,L2,alertcount,circa,RE1::SS,loss,25,-0.24
RE1,L2,alertcount,circa,RE1::SS,mem,25,-0.28
RE1,L2,alertcount,circa,RE1::TT,cpu,25,-0.36
RE1,L2,alertcount,circa,RE1::TT,delay,25,-0.24
RE1,L2,alertcount,circa,RE1::TT,disk,25,-0.24
RE1,L2,alertcount,circa,RE1::TT,loss,25,-0.12
RE1,L2,alertcount,circa,RE1::TT,mem,25,-0.44
RE1,L2,alertcount,e_diagnosis,RE1::OB,cpu,25,0.4
RE1,L2,alertcount,e_diagnosis,RE1::OB,delay,25,0.16
RE1,L2,alertcount,e_diagnosis,RE1::OB,disk,25,0.4
RE1,L2,alertcount,e_diagnosis,RE1::OB,loss,25,0.28
RE1,L2,alertcount,e_diagnosis,RE1::OB,mem,25,0.56
RE1,L2,alertcount,e_diagnosis,RE1::SS,cpu,25,0.2
RE1,L2,alertcount,e_diagnosis,RE1::SS,delay,25,0.12
RE1,L2,alertcount,e_diagnosis,RE1::SS,disk,25,0.24
RE1,L2,alertcount,e_diagnosis,RE1::SS,loss,25,0.16
RE1,L2,alertcount,e_diagnosis,RE1::SS,mem,25,0.44
RE1,L2,alertcount,e_diagnosis,RE1::TT,cpu,25,0.08
RE1,L2,alertcount,e_diagnosis,RE1::TT,delay,25,0.0
RE1,L2,alertcount,e_diagnosis,RE1::TT,disk,25,0.12
RE1,L2,alertcount,e_diagnosis,RE1::TT,loss,25,0.0
RE1,L2,alertcount,e_diagnosis,RE1::TT,mem,25,0.04
RE1,L2,alertcount,max_z,RE1::OB,cpu,25,-0.24
RE1,L2,alertcount,max_z,RE1::OB,delay,25,-0.16
RE1,L2,alertcount,max_z,RE1::OB,disk,25,-0.04
RE1,L2,alertcount,max_z,RE1::OB,loss,25,-0.08
RE1,L2,alertcount,max_z,RE1::OB,mem,25,-0.04
RE1,L2,alertcount,max_z,RE1::SS,cpu,25,-0.48
RE1,L2,alertcount,max_z,RE1::SS,delay,25,-0.32
RE1,L2,alertcount,max_z,RE1::SS,disk,25,-0.36
RE1,L2,alertcount,max_z,RE1::SS,loss,25,-0.24
RE1,L2,alertcount,max_z,RE1::SS,mem,25,-0.44
RE1,L2,alertcount,max_z,RE1::TT,cpu,25,-0.28
RE1,L2,alertcount,max_z,RE1::TT,delay,25,-0.28
RE1,L2,alertcount,max_z,RE1::TT,disk,25,-0.2
RE1,L2,alertcount,max_z,RE1::TT,loss,25,-0.36
RE1,L2,alertcount,max_z,RE1::TT,mem,25,-0.76
RE1,L2,alertcount,rcd,RE1::OB,cpu,25,-0.4666666666666666
RE1,L2,alertcount,rcd,RE1::OB,delay,25,0.01333333333333334
RE1,L2,alertcount,rcd,RE1::OB,disk,25,-0.13333333333333333
RE1,L2,alertcount,rcd,RE1::OB,loss,25,0.02666666666666667
RE1,L2,alertcount,rcd,RE1::OB,mem,25,-0.18666666666666665
RE1,L2,alertcount,rcd,RE1::SS,cpu,25,-0.14666666666666667
RE1,L2,alertcount,rcd,RE1::SS,delay,25,0.040000000000000015
RE1,L2,alertcount,rcd,RE1::SS,disk,25,-0.2
RE1,L2,alertcount,rcd,RE1::SS,loss,25,0.12
RE1,L2,alertcount,rcd,RE1::SS,mem,25,0.12
RE1,L2,alertcount,rcd,RE1::TT,cpu,25,-0.013333333333333332
RE1,L2,alertcount,rcd,RE1::TT,delay,25,-0.026666666666666665
RE1,L2,alertcount,rcd,RE1::TT,disk,25,-0.12
RE1,L2,alertcount,rcd,RE1::TT,loss,25,-0.08
RE1,L2,alertcount,rcd,RE1::TT,mem,25,0.04
RE1,L2,baro,causalrca,RE1::OB,cpu,25,0.17333333333333337
RE1,L2,baro,causalrca,RE1::OB,delay,25,0.17333333333333337
RE1,L2,baro,causalrca,RE1::OB,disk,25,0.05333333333333335
RE1,L2,baro,causalrca,RE1::OB,loss,25,0.16000000000000003
RE1,L2,baro,causalrca,RE1::OB,mem,25,0.04
RE1,L2,baro,causalrca,RE1::SS,cpu,25,0.8
RE1,L2,baro,causalrca,RE1::SS,delay,25,0.7866666666666667
RE1,L2,baro,causalrca,RE1::SS,disk,25,0.48
RE1,L2,baro,causalrca,RE1::SS,loss,25,0.56
RE1,L2,baro,causalrca,RE1::SS,mem,25,0.7333333333333333
RE1,L2,baro,causalrca,RE1::TT,cpu,25,0.37333333333333335
RE1,L2,baro,causalrca,RE1::TT,delay,25,0.21333333333333335
RE1,L2,baro,causalrca,RE1::TT,disk,25,0.5866666666666667
RE1,L2,baro,causalrca,RE1::TT,loss,25,0.29333333333333333
RE1,L2,baro,causalrca,RE1::TT,mem,25,0.6533333333333334
RE1,L2,baro,cd1min,RE1::OB,cpu,25,0.04
RE1,L2,baro,cd1min,RE1::OB,delay,25,-0.2
RE1,L2,baro,cd1min,RE1::OB,disk,25,-0.08
RE1,L2,baro,cd1min,RE1::OB,loss,25,0.12
RE1,L2,baro,cd1min,RE1::OB,mem,25,0.16
RE1,L2,baro,cd1min,RE1::SS,cpu,25,-0.08
RE1,L2,baro,cd1min,RE1::SS,delay,25,-0.08
RE1,L2,baro,cd1min,RE1::SS,disk,25,-0.12
RE1,L2,baro,cd1min,RE1::SS,loss,25,-0.16
RE1,L2,baro,cd1min,RE1::SS,mem,25,0.04
RE1,L2,baro,cd1min,RE1::TT,cpu,25,0.48
RE1,L2,baro,cd1min,RE1::TT,delay,25,-0.12
RE1,L2,baro,cd1min,RE1::TT,disk,25,0.68
RE1,L2,baro,cd1min,RE1::TT,loss,25,-0.16
RE1,L2,baro,cd1min,RE1::TT,mem,25,0.52
RE1,L2,baro,circa,RE1::OB,cpu,25,0.2
RE1,L2,baro,circa,RE1::OB,delay,25,-0.04
RE1,L2,baro,circa,RE1::OB,disk,25,0.0
RE1,L2,baro,circa,RE1::OB,loss,25,0.12
RE1,L2,baro,circa,RE1::OB,mem,25,0.04
RE1,L2,baro,circa,RE1::SS,cpu,25,0.24
RE1,L2,baro,circa,RE1::SS,delay,25,0.16
RE1,L2,baro,circa,RE1::SS,disk,25,0.04
RE1,L2,baro,circa,RE1::SS,loss,25,0.08
RE1,L2,baro,circa,RE1::SS,mem,25,0.2
RE1,L2,baro,circa,RE1::TT,cpu,25,0.2
RE1,L2,baro,circa,RE1::TT,delay,25,0.04
RE1,L2,baro,circa,RE1::TT,disk,25,0.32
RE1,L2,baro,circa,RE1::TT,loss,25,0.24
RE1,L2,baro,circa,RE1::TT,mem,25,0.36
RE1,L2,baro,e_diagnosis,RE1::OB,cpu,25,0.92
RE1,L2,baro,e_diagnosis,RE1::OB,delay,25,0.6
RE1,L2,baro,e_diagnosis,RE1::OB,disk,25,0.6
RE1,L2,baro,e_diagnosis,RE1::OB,loss,25,0.44
RE1,L2,baro,e_diagnosis,RE1::OB,mem,25,0.96
RE1,L2,baro,e_diagnosis,RE1::SS,cpu,25,0.68
RE1,L2,baro,e_diagnosis,RE1::SS,delay,25,0.76
RE1,L2,baro,e_diagnosis,RE1::SS,disk,25,0.68
RE1,L2,baro,e_diagnosis,RE1::SS,loss,25,0.48
RE1,L2,baro,e_diagnosis,RE1::SS,mem,25,0.92
RE1,L2,baro,e_diagnosis,RE1::TT,cpu,25,0.64
RE1,L2,baro,e_diagnosis,RE1::TT,delay,25,0.28
RE1,L2,baro,e_diagnosis,RE1::TT,disk,25,0.68
RE1,L2,baro,e_diagnosis,RE1::TT,loss,25,0.36
RE1,L2,baro,e_diagnosis,RE1::TT,mem,25,0.84
RE1,L2,baro,max_z,RE1::OB,cpu,25,0.28
RE1,L2,baro,max_z,RE1::OB,delay,25,0.28
RE1,L2,baro,max_z,RE1::OB,disk,25,0.16
RE1,L2,baro,max_z,RE1::OB,loss,25,0.08
RE1,L2,baro,max_z,RE1::OB,mem,25,0.36
RE1,L2,baro,max_z,RE1::SS,cpu,25,0.0
RE1,L2,baro,max_z,RE1::SS,delay,25,0.32
RE1,L2,baro,max_z,RE1::SS,disk,25,0.08
RE1,L2,baro,max_z,RE1::SS,loss,25,0.08
RE1,L2,baro,max_z,RE1::SS,mem,25,0.04
RE1,L2,baro,max_z,RE1::TT,cpu,25,0.28
RE1,L2,baro,max_z,RE1::TT,delay,25,0.0
RE1,L2,baro,max_z,RE1::TT,disk,25,0.36
RE1,L2,baro,max_z,RE1::TT,loss,25,0.0
RE1,L2,baro,max_z,RE1::TT,mem,25,0.04
RE1,L2,baro,rcd,RE1::OB,cpu,25,0.05333333333333334
RE1,L2,baro,rcd,RE1::OB,delay,25,0.45333333333333337
RE1,L2,baro,rcd,RE1::OB,disk,25,0.06666666666666668
RE1,L2,baro,rcd,RE1::OB,loss,25,0.18666666666666668
RE1,L2,baro,rcd,RE1::OB,mem,25,0.21333333333333335
RE1,L2,baro,rcd,RE1::SS,cpu,25,0.33333333333333337
RE1,L2,baro,rcd,RE1::SS,delay,25,0.68
RE1,L2,baro,rcd,RE1::SS,disk,25,0.24
RE1,L2,baro,rcd,RE1::SS,loss,25,0.44
RE1,L2,baro,rcd,RE1::SS,mem,25,0.6
RE1,L2,baro,rcd,RE1::TT,cpu,25,0.5466666666666666
RE1,L2,baro,rcd,RE1::TT,delay,25,0.25333333333333335
RE1,L2,baro,rcd,RE1::TT,disk,25,0.44
RE1,L2,baro,rcd,RE1::TT,loss,25,0.28
RE1,L2,baro,rcd,RE1::TT,mem,25,0.84
RE1,L2,causalrca,cd1min,RE1::OB,cpu,25,-0.13333333333333336
RE1,L2,causalrca,cd1min,RE1::OB,delay,25,-0.37333333333333335
RE1,L2,causalrca,cd1min,RE1::OB,disk,25,-0.13333333333333336
RE1,L2,causalrca,cd1min,RE1::OB,loss,25,-0.040000000000000015
RE1,L2,causalrca,cd1min,RE1::OB,mem,25,0.12
RE1,L2,causalrca,cd1min,RE1::SS,cpu,25,-0.88
RE1,L2,causalrca,cd1min,RE1::SS,delay,25,-0.8666666666666667
RE1,L2,causalrca,cd1min,RE1::SS,disk,25,-0.6
RE1,L2,causalrca,cd1min,RE1::SS,loss,25,-0.72
RE1,L2,causalrca,cd1min,RE1::SS,mem,25,-0.6933333333333332
RE1,L2,causalrca,cd1min,RE1::TT,cpu,25,0.10666666666666666
RE1,L2,causalrca,cd1min,RE1::TT,delay,25,-0.33333333333333337
RE1,L2,causalrca,cd1min,RE1::TT,disk,25,0.09333333333333332
RE1,L2,causalrca,cd1min,RE1::TT,loss,25,-0.45333333333333337
RE1,L2,causalrca,cd1min,RE1::TT,mem,25,-0.13333333333333333
RE1,L2,causalrca,circa,RE1::OB,cpu,25,0.02666666666666665
RE1,L2,causalrca,circa,RE1::OB,delay,25,-0.21333333333333335
RE1,L2,causalrca,circa,RE1::OB,disk,25,-0.05333333333333335
RE1,L2,causalrca,circa,RE1::OB,loss,25,-0.040000000000000015
RE1,L2,causalrca,circa,RE1::OB,mem,25,-4.440892098500626e-18
RE1,L2,causalrca,circa,RE1::SS,cpu,25,-0.56
RE1,L2,causalrca,circa,RE1::SS,delay,25,-0.6266666666666666
RE1,L2,causalrca,circa,RE1::SS,disk,25,-0.44
RE1,L2,causalrca,circa,RE1::SS,loss,25,-0.48
RE1,L2,causalrca,circa,RE1::SS,mem,25,-0.5333333333333333
RE1,L2,causalrca,circa,RE1::TT,cpu,25,-0.17333333333333337
RE1,L2,causalrca,circa,RE1::TT,delay,25,-0.17333333333333337
RE1,L2,causalrca,circa,RE1::TT,disk,25,-0.26666666666666666
RE1,L2,causalrca,circa,RE1::TT,loss,25,-0.05333333333333334
RE1,L2,causalrca,circa,RE1::TT,mem,25,-0.29333333333333333
RE1,L2,causalrca,e_diagnosis,RE1::OB,cpu,25,0.7466666666666667
RE1,L2,causalrca,e_diagnosis,RE1::OB,delay,25,0.42666666666666664
RE1,L2,causalrca,e_diagnosis,RE1::OB,disk,25,0.5466666666666666
RE1,L2,causalrca,e_diagnosis,RE1::OB,loss,25,0.28
RE1,L2,causalrca,e_diagnosis,RE1::OB,mem,25,0.92
RE1,L2,causalrca,e_diagnosis,RE1::SS,cpu,25,-0.12
RE1,L2,causalrca,e_diagnosis,RE1::SS,delay,25,-0.026666666666666675
RE1,L2,causalrca,e_diagnosis,RE1::SS,disk,25,0.2
RE1,L2,causalrca,e_diagnosis,RE1::SS,loss,25,-0.08
RE1,L2,causalrca,e_diagnosis,RE1::SS,mem,25,0.18666666666666665
RE1,L2,causalrca,e_diagnosis,RE1::TT,cpu,25,0.26666666666666666
RE1,L2,causalrca,e_diagnosis,RE1::TT,delay,25,0.06666666666666667
RE1,L2,causalrca,e_diagnosis,RE1::TT,disk,25,0.09333333333333332
RE1,L2,causalrca,e_diagnosis,RE1::TT,loss,25,0.06666666666666667
RE1,L2,causalrca,e_diagnosis,RE1::TT,mem,25,0.18666666666666665
RE1,L2,causalrca,max_z,RE1::OB,cpu,25,0.10666666666666665
RE1,L2,causalrca,max_z,RE1::OB,delay,25,0.10666666666666666
RE1,L2,causalrca,max_z,RE1::OB,disk,25,0.10666666666666665
RE1,L2,causalrca,max_z,RE1::OB,loss,25,-0.08000000000000002
RE1,L2,causalrca,max_z,RE1::OB,mem,25,0.32
RE1,L2,causalrca,max_z,RE1::SS,cpu,25,-0.8
RE1,L2,causalrca,max_z,RE1::SS,delay,25,-0.4666666666666666
RE1,L2,causalrca,max_z,RE1::SS,disk,25,-0.4
RE1,L2,causalrca,max_z,RE1::SS,loss,25,-0.48
RE1,L2,causalrca,max_z,RE1::SS,mem,25,-0.6933333333333332
RE1,L2,causalrca,max_z,RE1::TT,cpu,25,-0.09333333333333335
RE1,L2,causalrca,max_z,RE1::TT,delay,25,-0.21333333333333335
RE1,L2,causalrca,max_z,RE1::TT,disk,25,-0.22666666666666668
RE1,L2,causalrca,max_z,RE1::TT,loss,25,-0.29333333333333333
RE1,L2,causalrca,max_z,RE1::TT,mem,25,-0.6133333333333334
RE1,L2,causalrca,rcd,RE1::OB,cpu,25,-0.12000000000000002
RE1,L2,causalrca,rcd,RE1::OB,delay,25,0.28
RE1,L2,causalrca,rcd,RE1::OB,disk,25,0.01333333333333334
RE1,L2,causalrca,rcd,RE1::OB,loss,25,0.02666666666666665
RE1,L2,causalrca,rcd,RE1::OB,mem,25,0.17333333333333337
RE1,L2,causalrca,rcd,RE1::SS,cpu,25,-0.4666666666666666
RE1,L2,causalrca,rcd,RE1::SS,delay,25,-0.10666666666666666
RE1,L2,causalrca,rcd,RE1::SS,disk,25,-0.24
RE1,L2,causalrca,rcd,RE1::SS,loss,25,-0.12
RE1,L2,causalrca,rcd,RE1::SS,mem,25,-0.13333333333333333
RE1,L2,causalrca,rcd,RE1::TT,cpu,25,0.1733333333333333
RE1,L2,causalrca,rcd,RE1::TT,delay,25,0.039999999999999994
RE1,L2,causalrca,rcd,RE1::TT,disk,25,-0.14666666666666667
RE1,L2,causalrca,rcd,RE1::TT,loss,25,-0.013333333333333334
RE1,L2,causalrca,rcd,RE1::TT,mem,25,0.18666666666666665
RE1,L2,cd1min,circa,RE1::OB,cpu,25,0.16
RE1,L2,cd1min,circa,RE1::OB,delay,25,0.16
RE1,L2,cd1min,circa,RE1::OB,disk,25,0.08
RE1,L2,cd1min,circa,RE1::OB,loss,25,0.0
RE1,L2,cd1min,circa,RE1::OB,mem,25,-0.12
RE1,L2,cd1min,circa,RE1::SS,cpu,25,0.32
RE1,L2,cd1min,circa,RE1::SS,delay,25,0.24
RE1,L2,cd1min,circa,RE1::SS,disk,25,0.16
RE1,L2,cd1min,circa,RE1::SS,loss,25,0.24
RE1,L2,cd1min,circa,RE1::SS,mem,25,0.16
RE1,L2,cd1min,circa,RE1::TT,cpu,25,-0.28
RE1,L2,cd1min,circa,RE1::TT,delay,25,0.16
RE1,L2,cd1min,circa,RE1::TT,disk,25,-0.36
RE1,L2,cd1min,circa,RE1::TT,loss,25,0.4
RE1,L2,cd1min,circa,RE1::TT,mem,25,-0.16
RE1,L2,cd1min,e_diagnosis,RE1::OB,cpu,25,0.88
RE1,L2,cd1min,e_diagnosis,RE1::OB,delay,25,0.8
RE1,L2,cd1min,e_diagnosis,RE1::OB,disk,25,0.68
RE1,L2,cd1min,e_diagnosis,RE1::OB,loss,25,0.32
RE1,L2,cd1min,e_diagnosis,RE1::OB,mem,25,0.8
RE1,L2,cd1min,e_diagnosis,RE1::SS,cpu,25,0.76
RE1,L2,cd1min,e_diagnosis,RE1::SS,delay,25,0.84
RE1,L2,cd1min,e_diagnosis,RE1::SS,disk,25,0.8
RE1,L2,cd1min,e_diagnosis,RE1::SS,loss,25,0.64
RE1,L2,cd1min,e_diagnosis,RE1::SS,mem,25,0.88
RE1,L2,cd1min,e_diagnosis,RE1::TT,cpu,25,0.16
RE1,L2,cd1min,e_diagnosis,RE1::TT,delay,25,0.4
RE1,L2,cd1min,e_diagnosis,RE1::TT,disk,25,0.0
RE1,L2,cd1min,e_diagnosis,RE1::TT,loss,25,0.52
RE1,L2,cd1min,e_diagnosis,RE1::TT,mem,25,0.32
RE1,L2,cd1min,max_z,RE1::OB,cpu,25,0.24
RE1,L2,cd1min,max_z,RE1::OB,delay,25,0.48
RE1,L2,cd1min,max_z,RE1::OB,disk,25,0.24
RE1,L2,cd1min,max_z,RE1::OB,loss,25,-0.04
RE1,L2,cd1min,max_z,RE1::OB,mem,25,0.2
RE1,L2,cd1min,max_z,RE1::SS,cpu,25,0.08
RE1,L2,cd1min,max_z,RE1::SS,delay,25,0.4
RE1,L2,cd1min,max_z,RE1::SS,disk,25,0.2
RE1,L2,cd1min,max_z,RE1::SS,loss,25,0.24
RE1,L2,cd1min,max_z,RE1::SS,mem,25,0.0
RE1,L2,cd1min,max_z,RE1::TT,cpu,25,-0.2
RE1,L2,cd1min,max_z,RE1::TT,delay,25,0.12
RE1,L2,cd1min,max_z,RE1::TT,disk,25,-0.32
RE1,L2,cd1min,max_z,RE1::TT,loss,25,0.16
RE1,L2,cd1min,max_z,RE1::TT,mem,25,-0.48
RE1,L2,cd1min,rcd,RE1::OB,cpu,25,0.013333333333333334
RE1,L2,cd1min,rcd,RE1::OB,delay,25,0.6533333333333333
RE1,L2,cd1min,rcd,RE1::OB,disk,25,0.14666666666666667
RE1,L2,cd1min,rcd,RE1::OB,loss,25,0.06666666666666667
RE1,L2,cd1min,rcd,RE1::OB,mem,25,0.05333333333333335
RE1,L2,cd1min,rcd,RE1::SS,cpu,25,0.41333333333333333
RE1,L2,cd1min,rcd,RE1::SS,delay,25,0.76
RE1,L2,cd1min,rcd,RE1::SS,disk,25,0.36
RE1,L2,cd1min,rcd,RE1::SS,loss,25,0.6
RE1,L2,cd1min,rcd,RE1::SS,mem,25,0.56
RE1,L2,cd1min,rcd,RE1::TT,cpu,25,0.06666666666666667
RE1,L2,cd1min,rcd,RE1::TT,delay,25,0.37333333333333335
RE1,L2,cd1min,rcd,RE1::TT,disk,25,-0.24
RE1,L2,cd1min,rcd,RE1::TT,loss,25,0.44
RE1,L2,cd1min,rcd,RE1::TT,mem,25,0.32
RE1,L2,circa,e_diagnosis,RE1::OB,cpu,25,0.72
RE1,L2,circa,e_diagnosis,RE1::OB,delay,25,0.64
RE1,L2,circa,e_diagnosis,RE1::OB,disk,25,0.6
RE1,L2,circa,e_diagnosis,RE1::OB,loss,25,0.32
RE1,L2,circa,e_diagnosis,RE1::OB,mem,25,0.92
RE1,L2,circa,e_diagnosis,RE1::SS,cpu,25,0.44
RE1,L2,circa,e_diagnosis,RE1::SS,delay,25,0.6
RE1,L2,circa,e_diagnosis,RE1::SS,disk,25,0.64
RE1,L2,circa,e_diagnosis,RE1::SS,loss,25,0.4
RE1,L2,circa,e_diagnosis,RE1::SS,mem,25,0.72
RE1,L2,circa,e_diagnosis,RE1::TT,cpu,25,0.44
RE1,L2,circa,e_diagnosis,RE1::TT,delay,25,0.24
RE1,L2,circa,e_diagnosis,RE1::TT,disk,25,0.36
RE1,L2,circa,e_diagnosis,RE1::TT,loss,25,0.12
RE1,L2,circa,e_diagnosis,RE1::TT,mem,25,0.48
RE1,L2,circa,max_z,RE1::OB,cpu,25,0.08
RE1,L2,circa,max_z,RE1::OB,delay,25,0.32
RE1,L2,circa,max_z,RE1::OB,disk,25,0.16
RE1,L2,circa,max_z,RE1::OB,loss,25,-0.04
RE1,L2,circa,max_z,RE1::OB,mem,25,0.32
RE1,L2,circa,max_z,RE1::SS,cpu,25,-0.24
RE1,L2,circa,max_z,RE1::SS,delay,25,0.16
RE1,L2,circa,max_z,RE1::SS,disk,25,0.04
RE1,L2,circa,max_z,RE1::SS,loss,25,0.0
RE1,L2,circa,max_z,RE1::SS,mem,25,-0.16
RE1,L2,circa,max_z,RE1::TT,cpu,25,0.08
RE1,L2,circa,max_z,RE1::TT,delay,25,-0.04
RE1,L2,circa,max_z,RE1::TT,disk,25,0.04
RE1,L2,circa,max_z,RE1::TT,loss,25,-0.24
RE1,L2,circa,max_z,RE1::TT,mem,25,-0.32
RE1,L2,circa,rcd,RE1::OB,cpu,25,-0.14666666666666667
RE1,L2,circa,rcd,RE1::OB,delay,25,0.49333333333333335
RE1,L2,circa,rcd,RE1::OB,disk,25,0.0666666666666667
RE1,L2,circa,rcd,RE1::OB,loss,25,0.06666666666666667
RE1,L2,circa,rcd,RE1::OB,mem,25,0.17333333333333337
RE1,L2,circa,rcd,RE1::SS,cpu,25,0.09333333333333334
RE1,L2,circa,rcd,RE1::SS,delay,25,0.52
RE1,L2,circa,rcd,RE1::SS,disk,25,0.2
RE1,L2,circa,rcd,RE1::SS,loss,25,0.36
RE1,L2,circa,rcd,RE1::SS,mem,25,0.4
RE1,L2,circa,rcd,RE1::TT,cpu,25,0.3466666666666666
RE1,L2,circa,rcd,RE1::TT,delay,25,0.21333333333333335
RE1,L2,circa,rcd,RE1::TT,disk,25,0.12000000000000002
RE1,L2,circa,rcd,RE1::TT,loss,25,0.04
RE1,L2,circa,rcd,RE1::TT,mem,25,0.48
RE1,L2,e_diagnosis,max_z,RE1::OB,cpu,25,-0.64
RE1,L2,e_diagnosis,max_z,RE1::OB,delay,25,-0.32
RE1,L2,e_diagnosis,max_z,RE1::OB,disk,25,-0.44
RE1,L2,e_diagnosis,max_z,RE1::OB,loss,25,-0.36
RE1,L2,e_diagnosis,max_z,RE1::OB,mem,25,-0.6
RE1,L2,e_diagnosis,max_z,RE1::SS,cpu,25,-0.68
RE1,L2,e_diagnosis,max_z,RE1::SS,delay,25,-0.44
RE1,L2,e_diagnosis,max_z,RE1::SS,disk,25,-0.6
RE1,L2,e_diagnosis,max_z,RE1::SS,loss,25,-0.4
RE1,L2,e_diagnosis,max_z,RE1::SS,mem,25,-0.88
RE1,L2,e_diagnosis,max_z,RE1::TT,cpu,25,-0.36
RE1,L2,e_diagnosis,max_z,RE1::TT,delay,25,-0.28
RE1,L2,e_diagnosis,max_z,RE1::TT,disk,25,-0.32
RE1,L2,e_diagnosis,max_z,RE1::TT,loss,25,-0.36
RE1,L2,e_diagnosis,max_z,RE1::TT,mem,25,-0.8
RE1,L2,e_diagnosis,rcd,RE1::OB,cpu,25,-0.8666666666666667
RE1,L2,e_diagnosis,rcd,RE1::OB,delay,25,-0.14666666666666667
RE1,L2,e_diagnosis,rcd,RE1::OB,disk,25,-0.5333333333333333
RE1,L2,e_diagnosis,rcd,RE1::OB,loss,25,-0.2533333333333333
RE1,L2,e_diagnosis,rcd,RE1::OB,mem,25,-0.7466666666666667
RE1,L2,e_diagnosis,rcd,RE1::SS,cpu,25,-0.3466666666666666
RE1,L2,e_diagnosis,rcd,RE1::SS,delay,25,-0.07999999999999999
RE1,L2,e_diagnosis,rcd,RE1::SS,disk,25,-0.44
RE1,L2,e_diagnosis,rcd,RE1::SS,loss,25,-0.039999999999999994
RE1,L2,e_diagnosis,rcd,RE1::SS,mem,25,-0.32
RE1,L2,e_diagnosis,rcd,RE1::TT,cpu,25,-0.09333333333333334
RE1,L2,e_diagnosis,rcd,RE1::TT,delay,25,-0.026666666666666665
RE1,L2,e_diagnosis,rcd,RE1::TT,disk,25,-0.24
RE1,L2,e_diagnosis,rcd,RE1::TT,loss,25,-0.08
RE1,L2,e_diagnosis,rcd,RE1::TT,mem,25,0.0
RE1,L2,max_z,rcd,RE1::OB,cpu,25,-0.22666666666666668
RE1,L2,max_z,rcd,RE1::OB,delay,25,0.17333333333333337
RE1,L2,max_z,rcd,RE1::OB,disk,25,-0.09333333333333332
RE1,L2,max_z,rcd,RE1::OB,loss,25,0.10666666666666667
RE1,L2,max_z,rcd,RE1::OB,mem,25,-0.14666666666666664
RE1,L2,max_z,rcd,RE1::SS,cpu,25,0.33333333333333337
RE1,L2,max_z,rcd,RE1::SS,delay,25,0.36
RE1,L2,max_z,rcd,RE1::SS,disk,25,0.16
RE1,L2,max_z,rcd,RE1::SS,loss,25,0.36
RE1,L2,max_z,rcd,RE1::SS,mem,25,0.56
RE1,L2,max_z,rcd,RE1::TT,cpu,25,0.26666666666666666
RE1,L2,max_z,rcd,RE1::TT,delay,25,0.25333333333333335
RE1,L2,max_z,rcd,RE1::TT,disk,25,0.08000000000000002
RE1,L2,max_z,rcd,RE1::TT,loss,25,0.28
RE1,L2,max_z,rcd,RE1::TT,mem,25,0.8
RE2,L1,baro,causalrca,RE2::OB,cpu,15,-0.26666666666666666
RE2,L1,baro,causalrca,RE2::OB,delay,15,-0.1111111111111111
RE2,L1,baro,causalrca,RE2::OB,disk,15,-0.022222222222222216
RE2,L1,baro,causalrca,RE2::OB,loss,15,0.24444444444444446
RE2,L1,baro,causalrca,RE2::OB,mem,15,-0.15555555555555556
RE2,L1,baro,causalrca,RE2::OB,socket,15,-0.06666666666666667
RE2,L1,baro,causalrca,RE2::SS,cpu,15,-0.13333333333333333
RE2,L1,baro,causalrca,RE2::SS,delay,15,-0.13333333333333333
RE2,L1,baro,causalrca,RE2::SS,disk,15,-0.17777777777777776
RE2,L1,baro,causalrca,RE2::SS,loss,15,0.11111111111111112
RE2,L1,baro,causalrca,RE2::SS,mem,15,-0.06666666666666667
RE2,L1,baro,causalrca,RE2::SS,socket,15,-0.08888888888888888
RE2,L1,baro,causalrca,RE2::TT,cpu,15,2.2204460492503132e-17
RE2,L1,baro,causalrca,RE2::TT,delay,15,0.35555555555555557
RE2,L1,baro,causalrca,RE2::TT,disk,15,0.6222222222222222
RE2,L1,baro,causalrca,RE2::TT,loss,15,0.48888888888888893
RE2,L1,baro,causalrca,RE2::TT,mem,15,0.888888888888889
RE2,L1,baro,causalrca,RE2::TT,socket,15,0.4
RE2,L1,baro,circa,RE2::OB,cpu,15,-0.6
RE2,L1,baro,circa,RE2::OB,delay,15,-0.4666666666666667
RE2,L1,baro,circa,RE2::OB,disk,15,-0.7333333333333333
RE2,L1,baro,circa,RE2::OB,loss,15,-0.26666666666666666
RE2,L1,baro,circa,RE2::OB,mem,15,-0.4666666666666667
RE2,L1,baro,circa,RE2::OB,socket,15,-0.6
RE2,L1,baro,circa,RE2::SS,cpu,15,-0.9333333333333333
RE2,L1,baro,circa,RE2::SS,delay,15,-0.6
RE2,L1,baro,circa,RE2::SS,disk,15,-0.8
RE2,L1,baro,circa,RE2::SS,loss,15,-0.4
RE2,L1,baro,circa,RE2::SS,mem,15,-0.7333333333333333
RE2,L1,baro,circa,RE2::SS,socket,15,-0.8
RE2,L1,baro,circa,RE2::TT,cpu,15,0.06666666666666667
RE2,L1,baro,circa,RE2::TT,delay,15,0.26666666666666666
RE2,L1,baro,circa,RE2::TT,disk,15,0.2
RE2,L1,baro,circa,RE2::TT,loss,15,0.2
RE2,L1,baro,circa,RE2::TT,mem,15,0.2
RE2,L1,baro,circa,RE2::TT,socket,15,-0.2
RE2,L1,baro,e_diagnosis,RE2::OB,cpu,15,0.0
RE2,L1,baro,e_diagnosis,RE2::OB,delay,15,-0.06666666666666667
RE2,L1,baro,e_diagnosis,RE2::OB,disk,15,0.06666666666666667
RE2,L1,baro,e_diagnosis,RE2::OB,loss,15,0.3333333333333333
RE2,L1,baro,e_diagnosis,RE2::OB,mem,15,0.3333333333333333
RE2,L1,baro,e_diagnosis,RE2::OB,socket,15,0.0
RE2,L1,baro,e_diagnosis,RE2::SS,cpu,15,-0.2
RE2,L1,baro,e_diagnosis,RE2::SS,delay,15,-0.26666666666666666
RE2,L1,baro,e_diagnosis,RE2::SS,disk,15,-0.13333333333333333
RE2,L1,baro,e_diagnosis,RE2::SS,loss,15,0.2
RE2,L1,baro,e_diagnosis,RE2::SS,mem,15,-0.06666666666666667
RE2,L1,baro,e_diagnosis,RE2::SS,socket,15,-0.06666666666666667
RE2,L1,baro,e_diagnosis,RE2::TT,cpu,15,0.4666666666666667
RE2,L1,baro,e_diagnosis,RE2::TT,delay,15,0.4666666666666667
RE2,L1,baro,e_diagnosis,RE2::TT,disk,15,1.0
RE2,L1,baro,e_diagnosis,RE2::TT,loss,15,0.5333333333333333
RE2,L1,baro,e_diagnosis,RE2::TT,mem,15,0.9333333333333333
RE2,L1,baro,e_diagnosis,RE2::TT,socket,15,0.6
RE2,L1,baro,microrank,RE2::OB,cpu,15,0.0
RE2,L1,baro,microrank,RE2::OB,delay,15,0.0
RE2,L1,baro,microrank,RE2::OB,disk,15,0.13333333333333333
RE2,L1,baro,microrank,RE2::OB,loss,15,0.4
RE2,L1,baro,microrank,RE2::OB,mem,15,0.3333333333333333
RE2,L1,baro,microrank,RE2::OB,socket,15,0.0
RE2,L1,baro,microrank,RE2::TT,cpu,15,0.26666666666666666
RE2,L1,baro,microrank,RE2::TT,delay,15,0.4
RE2,L1,baro,microrank,RE2::TT,disk,15,1.0
RE2,L1,baro,microrank,RE2::TT,loss,15,0.4
RE2,L1,baro,microrank,RE2::TT,mem,15,0.8
RE2,L1,baro,microrank,RE2::TT,socket,15,0.4
RE2,L1,baro,mmbaro,RE2::OB,cpu,15,0.0
RE2,L1,baro,mmbaro,RE2::OB,delay,15,0.0
RE2,L1,baro,mmbaro,RE2::OB,disk,15,0.06666666666666667
RE2,L1,baro,mmbaro,RE2::OB,loss,15,-0.06666666666666667
RE2,L1,baro,mmbaro,RE2::OB,mem,15,-0.13333333333333333
RE2,L1,baro,mmbaro,RE2::OB,socket,15,0.0
RE2,L1,baro,mmbaro,RE2::SS,cpu,15,0.0
RE2,L1,baro,mmbaro,RE2::SS,delay,15,0.0
RE2,L1,baro,mmbaro,RE2::SS,disk,15,0.0
RE2,L1,baro,mmbaro,RE2::SS,loss,15,0.0
RE2,L1,baro,mmbaro,RE2::SS,mem,15,0.0
RE2,L1,baro,mmbaro,RE2::SS,socket,15,0.0
RE2,L1,baro,mmbaro,RE2::TT,cpu,15,0.0
RE2,L1,baro,mmbaro,RE2::TT,delay,15,0.0
RE2,L1,baro,mmbaro,RE2::TT,disk,15,0.0
RE2,L1,baro,mmbaro,RE2::TT,loss,15,-0.13333333333333333
RE2,L1,baro,mmbaro,RE2::TT,mem,15,0.0
RE2,L1,baro,mmbaro,RE2::TT,socket,15,0.0
RE2,L1,baro,simplerca_author,RE2::OB,cpu,15,-0.5333333333333333
RE2,L1,baro,simplerca_author,RE2::OB,delay,15,-0.2
RE2,L1,baro,simplerca_author,RE2::OB,disk,15,-0.4
RE2,L1,baro,simplerca_author,RE2::OB,loss,15,-0.26666666666666666
RE2,L1,baro,simplerca_author,RE2::OB,mem,15,-0.26666666666666666
RE2,L1,baro,simplerca_author,RE2::OB,socket,15,-0.26666666666666666
RE2,L1,baro,simplerca_author,RE2::SS,cpu,15,0.0
RE2,L1,baro,simplerca_author,RE2::SS,delay,15,0.0
RE2,L1,baro,simplerca_author,RE2::SS,disk,15,-0.7333333333333333
RE2,L1,baro,simplerca_author,RE2::SS,loss,15,-0.2
RE2,L1,baro,simplerca_author,RE2::SS,mem,15,-0.13333333333333333
RE2,L1,baro,simplerca_author,RE2::SS,socket,15,0.0
RE2,L1,baro,simplerca_author,RE2::TT,cpu,15,-0.4
RE2,L1,baro,simplerca_author,RE2::TT,delay,15,-0.2
RE2,L1,baro,simplerca_author,RE2::TT,disk,15,0.06666666666666667
RE2,L1,baro,simplerca_author,RE2::TT,loss,15,-0.06666666666666667
RE2,L1,baro,simplerca_author,RE2::TT,mem,15,-0.06666666666666667
RE2,L1,baro,simplerca_author,RE2::TT,socket,15,-0.13333333333333333
RE2,L1,baro,tracerca,RE2::OB,cpu,15,-0.06666666666666667
RE2,L1,baro,tracerca,RE2::OB,delay,15,-0.2
RE2,L1,baro,tracerca,RE2::OB,disk,15,-0.06666666666666667
RE2,L1,baro,tracerca,RE2::OB,loss,15,0.3333333333333333
RE2,L1,baro,tracerca,RE2::OB,mem,15,0.3333333333333333
RE2,L1,baro,tracerca,RE2::OB,socket,15,-0.06666666666666667
RE2,L1,baro,tracerca,RE2::TT,cpu,15,-0.13333333333333333
RE2,L1,baro,tracerca,RE2::TT,delay,15,-0.26666666666666666
RE2,L1,baro,tracerca,RE2::TT,disk,15,0.4
RE2,L1,baro,tracerca,RE2::TT,loss,15,0.0
RE2,L1,baro,tracerca,RE2::TT,mem,15,0.6
RE2,L1,baro,tracerca,RE2::TT,socket,15,0.2
RE2,L1,causalrca,circa,RE2::OB,cpu,15,-0.3333333333333333
RE2,L1,causalrca,circa,RE2::OB,delay,15,-0.35555555555555557
RE2,L1,causalrca,circa,RE2::OB,disk,15,-0.7111111111111111
RE2,L1,causalrca,circa,RE2::OB,loss,15,-0.5111111111111112
RE2,L1,causalrca,circa,RE2::OB,mem,15,-0.3111111111111111
RE2,L1,causalrca,circa,RE2::OB,socket,15,-0.5333333333333333
RE2,L1,causalrca,circa,RE2::SS,cpu,15,-0.8
RE2,L1,causalrca,circa,RE2::SS,delay,15,-0.4666666666666667
RE2,L1,causalrca,circa,RE2::SS,disk,15,-0.6222222222222222
RE2,L1,causalrca,circa,RE2::SS,loss,15,-0.5111111111111112
RE2,L1,causalrca,circa,RE2::SS,mem,15,-0.6666666666666666
RE2,L1,causalrca,circa,RE2::SS,socket,15,-0.711111111111111
RE2,L1,causalrca,circa,RE2::TT,cpu,15,0.06666666666666664
RE2,L1,causalrca,circa,RE2::TT,delay,15,-0.08888888888888889
RE2,L1,causalrca,circa,RE2::TT,disk,15,-0.4222222222222223
RE2,L1,causalrca,circa,RE2::TT,loss,15,-0.2888888888888889
RE2,L1,causalrca,circa,RE2::TT,mem,15,-0.6888888888888889
RE2,L1,causalrca,circa,RE2::TT,socket,15,-0.6
RE2,L1,causalrca,e_diagnosis,RE2::OB,cpu,15,0.26666666666666666
RE2,L1,causalrca,e_diagnosis,RE2::OB,delay,15,0.04444444444444444
RE2,L1,causalrca,e_diagnosis,RE2::OB,disk,15,0.08888888888888888
RE2,L1,causalrca,e_diagnosis,RE2::OB,loss,15,0.08888888888888888
RE2,L1,causalrca,e_diagnosis,RE2::OB,mem,15,0.4888888888888889
RE2,L1,causalrca,e_diagnosis,RE2::OB,socket,15,0.06666666666666667
RE2,L1,causalrca,e_diagnosis,RE2::SS,cpu,15,-0.06666666666666667
RE2,L1,causalrca,e_diagnosis,RE2::SS,delay,15,-0.13333333333333333
RE2,L1,causalrca,e_diagnosis,RE2::SS,disk,15,0.04444444444444443
RE2,L1,causalrca,e_diagnosis,RE2::SS,loss,15,0.08888888888888888
RE2,L1,causalrca,e_diagnosis,RE2::SS,mem,15,-1.4802973661668754e-17
RE2,L1,causalrca,e_diagnosis,RE2::SS,socket,15,0.022222222222222216
RE2,L1,causalrca,e_diagnosis,RE2::TT,cpu,15,0.4666666666666667
RE2,L1,causalrca,e_diagnosis,RE2::TT,delay,15,0.1111111111111111
RE2,L1,causalrca,e_diagnosis,RE2::TT,disk,15,0.3777777777777777
RE2,L1,causalrca,e_diagnosis,RE2::TT,loss,15,0.04444444444444444
RE2,L1,causalrca,e_diagnosis,RE2::TT,mem,15,0.04444444444444444
RE2,L1,causalrca,e_diagnosis,RE2::TT,socket,15,0.2
RE2,L1,causalrca,microrank,RE2::OB,cpu,15,0.26666666666666666
RE2,L1,causalrca,microrank,RE2::OB,delay,15,0.1111111111111111
RE2,L1,causalrca,microrank,RE2::OB,disk,15,0.15555555555555553
RE2,L1,causalrca,microrank,RE2::OB,loss,15,0.15555555555555553
RE2,L1,causalrca,microrank,RE2::OB,mem,15,0.4888888888888889
RE2,L1,causalrca,microrank,RE2::OB,socket,15,0.06666666666666667
RE2,L1,causalrca,microrank,RE2::TT,cpu,15,0.26666666666666666
RE2,L1,causalrca,microrank,RE2::TT,delay,15,0.04444444444444444
RE2,L1,causalrca,microrank,RE2::TT,disk,15,0.3777777777777777
RE2,L1,causalrca,microrank,RE2::TT,loss,15,-0.08888888888888889
RE2,L1,causalrca,microrank,RE2::TT,mem,15,-0.08888888888888889
RE2,L1,causalrca,microrank,RE2::TT,socket,15,-1.4802973661668754e-17
RE2,L1,causalrca,mmbaro,RE2::OB,cpu,15,0.26666666666666666
RE2,L1,causalrca,mmbaro,RE2::OB,delay,15,0.1111111111111111
RE2,L1,causalrca,mmbaro,RE2::OB,disk,15,0.08888888888888888
RE2,L1,causalrca,mmbaro,RE2::OB,loss,15,-0.3111111111111111
RE2,L1,causalrca,mmbaro,RE2::OB,mem,15,0.02222222222222221
RE2,L1,causalrca,mmbaro,RE2::OB,socket,15,0.06666666666666667
RE2,L1,causalrca,mmbaro,RE2::SS,cpu,15,0.13333333333333333
RE2,L1,causalrca,mmbaro,RE2::SS,delay,15,0.13333333333333333
RE2,L1,causalrca,mmbaro,RE2::SS,disk,15,0.17777777777777776
RE2,L1,causalrca,mmbaro,RE2::SS,loss,15,-0.11111111111111112
RE2,L1,causalrca,mmbaro,RE2::SS,mem,15,0.06666666666666665
RE2,L1,causalrca,mmbaro,RE2::SS,socket,15,0.08888888888888888
RE2,L1,causalrca,mmbaro,RE2::TT,cpu,15,-2.2204460492503132e-17
RE2,L1,causalrca,mmbaro,RE2::TT,delay,15,-0.35555555555555557
RE2,L1,causalrca,mmbaro,RE2::TT,disk,15,-0.6222222222222222
RE2,L1,causalrca,mmbaro,RE2::TT,loss,15,-0.6222222222222222
RE2,L1,causalrca,mmbaro,RE2::TT,mem,15,-0.888888888888889
RE2,L1,causalrca,mmbaro,RE2::TT,socket,15,-0.4
RE2,L1,causalrca,simplerca_author,RE2::OB,cpu,15,-0.26666666666666666
RE2,L1,causalrca,simplerca_author,RE2::OB,delay,15,-0.08888888888888889
RE2,L1,causalrca,simplerca_author,RE2::OB,disk,15,-0.3777777777777778
RE2,L1,causalrca,simplerca_author,RE2::OB,loss,15,-0.5111111111111112
RE2,L1,causalrca,simplerca_author,RE2::OB,mem,15,-0.11111111111111113
RE2,L1,causalrca,simplerca_author,RE2::OB,socket,15,-0.2
RE2,L1,causalrca,simplerca_author,RE2::SS,cpu,15,0.13333333333333333
RE2,L1,causalrca,simplerca_author,RE2::SS,delay,15,0.13333333333333333
RE2,L1,causalrca,simplerca_author,RE2::SS,disk,15,-0.5555555555555556
RE2,L1,causalrca,simplerca_author,RE2::SS,loss,15,-0.3111111111111111
RE2,L1,causalrca,simplerca_author,RE2::SS,mem,15,-0.06666666666666667
RE2,L1,causalrca,simplerca_author,RE2::SS,socket,15,0.08888888888888888
RE2,L1,causalrca,simplerca_author,RE2::TT,cpu,15,-0.4
RE2,L1,causalrca,simplerca_author,RE2::TT,delay,15,-0.5555555555555556
RE2,L1,causalrca,simplerca_author,RE2::TT,disk,15,-0.5555555555555556
RE2,L1,causalrca,simplerca_author,RE2::TT,loss,15,-0.5555555555555556
RE2,L1,causalrca,simplerca_author,RE2::TT,mem,15,-0.9555555555555556
RE2,L1,causalrca,simplerca_author,RE2::TT,socket,15,-0.5333333333333333
RE2,L1,causalrca,tracerca,RE2::OB,cpu,15,0.2
RE2,L1,causalrca,tracerca,RE2::OB,delay,15,-0.08888888888888889
RE2,L1,causalrca,tracerca,RE2::OB,disk,15,-0.04444444444444446
RE2,L1,causalrca,tracerca,RE2::OB,loss,15,0.08888888888888888
RE2,L1,causalrca,tracerca,RE2::OB,mem,15,0.4888888888888889
RE2,L1,causalrca,tracerca,RE2::OB,socket,15,0.0
RE2,L1,causalrca,tracerca,RE2::TT,cpu,15,-0.13333333333333336
RE2,L1,causalrca,tracerca,RE2::TT,delay,15,-0.6222222222222222
RE2,L1,causalrca,tracerca,RE2::TT,disk,15,-0.22222222222222227
RE2,L1,causalrca,tracerca,RE2::TT,loss,15,-0.48888888888888893
RE2,L1,causalrca,tracerca,RE2::TT,mem,15,-0.28888888888888886
RE2,L1,causalrca,tracerca,RE2::TT,socket,15,-0.2
RE2,L1,circa,e_diagnosis,RE2::OB,cpu,15,0.6
RE2,L1,circa,e_diagnosis,RE2::OB,delay,15,0.4
RE2,L1,circa,e_diagnosis,RE2::OB,disk,15,0.8
RE2,L1,circa,e_diagnosis,RE2::OB,loss,15,0.6
RE2,L1,circa,e_diagnosis,RE2::OB,mem,15,0.8
RE2,L1,circa,e_diagnosis,RE2::OB,socket,15,0.6
RE2,L1,circa,e_diagnosis,RE2::SS,cpu,15,0.7333333333333333
RE2,L1,circa,e_diagnosis,RE2::SS,delay,15,0.3333333333333333
RE2,L1,circa,e_diagnosis,RE2::SS,disk,15,0.6666666666666666
RE2,L1,circa,e_diagnosis,RE2::SS,loss,15,0.6
RE2,L1,circa,e_diagnosis,RE2::SS,mem,15,0.6666666666666666
RE2,L1,circa,e_diagnosis,RE2::SS,socket,15,0.7333333333333333
RE2,L1,circa,e_diagnosis,RE2::TT,cpu,15,0.4
RE2,L1,circa,e_diagnosis,RE2::TT,delay,15,0.2
RE2,L1,circa,e_diagnosis,RE2::TT,disk,15,0.8
RE2,L1,circa,e_diagnosis,RE2::TT,loss,15,0.3333333333333333
RE2,L1,circa,e_diagnosis,RE2::TT,mem,15,0.7333333333333333
RE2,L1,circa,e_diagnosis,RE2::TT,socket,15,0.8
RE2,L1,circa,microrank,RE2::OB,cpu,15,0.6
RE2,L1,circa,microrank,RE2::OB,delay,15,0.4666666666666667
RE2,L1,circa,microrank,RE2::OB,disk,15,0.8666666666666667
RE2,L1,circa,microrank,RE2::OB,loss,15,0.6666666666666666
RE2,L1,circa,microrank,RE2::OB,mem,15,0.8
RE2,L1,circa,microrank,RE2::OB,socket,15,0.6
RE2,L1,circa,microrank,RE2::TT,cpu,15,0.2
RE2,L1,circa,microrank,RE2::TT,delay,15,0.13333333333333333
RE2,L1,circa,microrank,RE2::TT,disk,15,0.8
RE2,L1,circa,microrank,RE2::TT,loss,15,0.2
RE2,L1,circa,microrank,RE2::TT,mem,15,0.6
RE2,L1,circa,microrank,RE2::TT,socket,15,0.6
RE2,L1,circa,mmbaro,RE2::OB,cpu,15,0.6
RE2,L1,circa,mmbaro,RE2::OB,delay,15,0.4666666666666667
RE2,L1,circa,mmbaro,RE2::OB,disk,15,0.8
RE2,L1,circa,mmbaro,RE2::OB,loss,15,0.2
RE2,L1,circa,mmbaro,RE2::OB,mem,15,0.3333333333333333
RE2,L1,circa,mmbaro,RE2::OB,socket,15,0.6
RE2,L1,circa,mmbaro,RE2::SS,cpu,15,0.9333333333333333
RE2,L1,circa,mmbaro,RE2::SS,delay,15,0.6
RE2,L1,circa,mmbaro,RE2::SS,disk,15,0.8
RE2,L1,circa,mmbaro,RE2::SS,loss,15,0.4
RE2,L1,circa,mmbaro,RE2::SS,mem,15,0.7333333333333333
RE2,L1,circa,mmbaro,RE2::SS,socket,15,0.8
RE2,L1,circa,mmbaro,RE2::TT,cpu,15,-0.06666666666666667
RE2,L1,circa,mmbaro,RE2::TT,delay,15,-0.26666666666666666
RE2,L1,circa,mmbaro,RE2::TT,disk,15,-0.2
RE2,L1,circa,mmbaro,RE2::TT,loss,15,-0.3333333333333333
RE2,L1,circa,mmbaro,RE2::TT,mem,15,-0.2
RE2,L1,circa,mmbaro,RE2::TT,socket,15,0.2
RE2,L1,circa,simplerca_author,RE2::OB,cpu,15,0.06666666666666667
RE2,L1,circa,simplerca_author,RE2::OB,delay,15,0.26666666666666666
RE2,L1,circa,simplerca_author,RE2::OB,disk,15,0.3333333333333333
RE2,L1,circa,simplerca_author,RE2::OB,loss,15,0.0
RE2,L1,circa,simplerca_author,RE2::OB,mem,15,0.2
RE2,L1,circa,simplerca_author,RE2::OB,socket,15,0.3333333333333333
RE2,L1,circa,simplerca_author,RE2::SS,cpu,15,0.9333333333333333
RE2,L1,circa,simplerca_author,RE2::SS,delay,15,0.6
RE2,L1,circa,simplerca_author,RE2::SS,disk,15,0.06666666666666667
RE2,L1,circa,simplerca_author,RE2::SS,loss,15,0.2
RE2,L1,circa,simplerca_author,RE2::SS,mem,15,0.6
RE2,L1,circa,simplerca_author,RE2::SS,socket,15,0.8
RE2,L1,circa,simplerca_author,RE2::TT,cpu,15,-0.4666666666666667
RE2,L1,circa,simplerca_author,RE2::TT,delay,15,-0.4666666666666667
RE2,L1,circa,simplerca_author,RE2::TT,disk,15,-0.13333333333333333
RE2,L1,circa,simplerca_author,RE2::TT,loss,15,-0.26666666666666666
RE2,L1,circa,simplerca_author,RE2::TT,mem,15,-0.26666666666666666
RE2,L1,circa,simplerca_author,RE2::TT,socket,15,0.06666666666666667
RE2,L1,circa,tracerca,RE2::OB,cpu,15,0.5333333333333333
RE2,L1,circa,tracerca,RE2::OB,delay,15,0.26666666666666666
RE2,L1,circa,tracerca,RE2::OB,disk,15,0.6666666666666666
RE2,L1,circa,tracerca,RE2::OB,loss,15,0.6
RE2,L1,circa,tracerca,RE2::OB,mem,15,0.8
RE2,L1,circa,tracerca,RE2::OB,socket,15,0.5333333333333333
RE2,L1,circa,tracerca,RE2::TT,cpu,15,-0.2
RE2,L1,circa,tracerca,RE2::TT,delay,15,-0.5333333333333333
RE2,L1,circa,tracerca,RE2::TT,disk,15,0.2
RE2,L1,circa,tracerca,RE2::TT,loss,15,-0.2
RE2,L1,circa,tracerca,RE2::TT,mem,15,0.4
RE2,L1,circa,tracerca,RE2::TT,socket,15,0.4
RE2,L1,e_diagnosis,microrank,RE2::OB,cpu,15,0.0
RE2,L1,e_diagnosis,microrank,RE2::OB,delay,15,0.06666666666666667
RE2,L1,e_diagnosis,microrank,RE2::OB,disk,15,0.06666666666666667
RE2,L1,e_diagnosis,microrank,RE2::OB,loss,15,0.06666666666666667
RE2,L1,e_diagnosis,microrank,RE2::OB,mem,15,0.0
RE2,L1,e_diagnosis,microrank,RE2::OB,socket,15,0.0
RE2,L1,e_diagnosis,microrank,RE2::TT,cpu,15,-0.2
RE2,L1,e_diagnosis,microrank,RE2::TT,delay,15,-0.06666666666666667
RE2,L1,e_diagnosis,microrank,RE2::TT,disk,15,0.0
RE2,L1,e_diagnosis,microrank,RE2::TT,loss,15,-0.13333333333333333
RE2,L1,e_diagnosis,microrank,RE2::TT,mem,15,-0.13333333333333333
RE2,L1,e_diagnosis,microrank,RE2::TT,socket,15,-0.2
RE2,L1,e_diagnosis,mmbaro,RE2::OB,cpu,15,0.0
RE2,L1,e_diagnosis,mmbaro,RE2::OB,delay,15,0.06666666666666667
RE2,L1,e_diagnosis,mmbaro,RE2::OB,disk,15,0.0
RE2,L1,e_diagnosis,mmbaro,RE2::OB,loss,15,-0.4
RE2,L1,e_diagnosis,mmbaro,RE2::OB,mem,15,-0.4666666666666667
RE2,L1,e_diagnosis,mmbaro,RE2::OB,socket,15,0.0
RE2,L1,e_diagnosis,mmbaro,RE2::SS,cpu,15,0.2
RE2,L1,e_diagnosis,mmbaro,RE2::SS,delay,15,0.26666666666666666
RE2,L1,e_diagnosis,mmbaro,RE2::SS,disk,15,0.13333333333333333
RE2,L1,e_diagnosis,mmbaro,RE2::SS,loss,15,-0.2
RE2,L1,e_diagnosis,mmbaro,RE2::SS,mem,15,0.06666666666666667
RE2,L1,e_diagnosis,mmbaro,RE2::SS,socket,15,0.06666666666666667
RE2,L1,e_diagnosis,mmbaro,RE2::TT,cpu,15,-0.4666666666666667
RE2,L1,e_diagnosis,mmbaro,RE2::TT,delay,15,-0.4666666666666667
RE2,L1,e_diagnosis,mmbaro,RE2::TT,disk,15,-1.0
RE2,L1,e_diagnosis,mmbaro,RE2::TT,loss,15,-0.6666666666666666
RE2,L1,e_diagnosis,mmbaro,RE2::TT,mem,15,-0.9333333333333333
RE2,L1,e_diagnosis,mmbaro,RE2::TT,socket,15,-0.6
RE2,L1,e_diagnosis,simplerca_author,RE2::OB,cpu,15,-0.5333333333333333
RE2,L1,e_diagnosis,simplerca_author,RE2::OB,delay,15,-0.13333333333333333
RE2,L1,e_diagnosis,simplerca_author,RE2::OB,disk,15,-0.4666666666666667
RE2,L1,e_diagnosis,simplerca_author,RE2::OB,loss,15,-0.6
RE2,L1,e_diagnosis,simplerca_author,RE2::OB,mem,15,-0.6
RE2,L1,e_diagnosis,simplerca_author,RE2::OB,socket,15,-0.26666666666666666
RE2,L1,e_diagnosis,simplerca_author,RE2::SS,cpu,15,0.2
RE2,L1,e_diagnosis,simplerca_author,RE2::SS,delay,15,0.26666666666666666
RE2,L1,e_diagnosis,simplerca_author,RE2::SS,disk,15,-0.6
RE2,L1,e_diagnosis,simplerca_author,RE2::SS,loss,15,-0.4
RE2,L1,e_diagnosis,simplerca_author,RE2::SS,mem,15,-0.06666666666666667
RE2,L1,e_diagnosis,simplerca_author,RE2::SS,socket,15,0.06666666666666667
RE2,L1,e_diagnosis,simplerca_author,RE2::TT,cpu,15,-0.8666666666666667
RE2,L1,e_diagnosis,simplerca_author,RE2::TT,delay,15,-0.6666666666666666
RE2,L1,e_diagnosis,simplerca_author,RE2::TT,disk,15,-0.9333333333333333
RE2,L1,e_diagnosis,simplerca_author,RE2::TT,loss,15,-0.6
RE2,L1,e_diagnosis,simplerca_author,RE2::TT,mem,15,-1.0
RE2,L1,e_diagnosis,simplerca_author,RE2::TT,socket,15,-0.7333333333333333
RE2,L1,e_diagnosis,tracerca,RE2::OB,cpu,15,-0.06666666666666667
RE2,L1,e_diagnosis,tracerca,RE2::OB,delay,15,-0.13333333333333333
RE2,L1,e_diagnosis,tracerca,RE2::OB,disk,15,-0.13333333333333333
RE2,L1,e_diagnosis,tracerca,RE2::OB,loss,15,0.0
RE2,L1,e_diagnosis,tracerca,RE2::OB,mem,15,0.0
RE2,L1,e_diagnosis,tracerca,RE2::OB,socket,15,-0.06666666666666667
RE2,L1,e_diagnosis,tracerca,RE2::TT,cpu,15,-0.6
RE2,L1,e_diagnosis,tracerca,RE2::TT,delay,15,-0.7333333333333333
RE2,L1,e_diagnosis,tracerca,RE2::TT,disk,15,-0.6
RE2,L1,e_diagnosis,tracerca,RE2::TT,loss,15,-0.5333333333333333
RE2,L1,e_diagnosis,tracerca,RE2::TT,mem,15,-0.3333333333333333
RE2,L1,e_diagnosis,tracerca,RE2::TT,socket,15,-0.4
RE2,L1,microrank,mmbaro,RE2::OB,cpu,15,0.0
RE2,L1,microrank,mmbaro,RE2::OB,delay,15,0.0
RE2,L1,microrank,mmbaro,RE2::OB,disk,15,-0.06666666666666667
RE2,L1,microrank,mmbaro,RE2::OB,loss,15,-0.4666666666666667
RE2,L1,microrank,mmbaro,RE2::OB,mem,15,-0.4666666666666667
RE2,L1,microrank,mmbaro,RE2::OB,socket,15,0.0
RE2,L1,microrank,mmbaro,RE2::TT,cpu,15,-0.26666666666666666
RE2,L1,microrank,mmbaro,RE2::TT,delay,15,-0.4
RE2,L1,microrank,mmbaro,RE2::TT,disk,15,-1.0
RE2,L1,microrank,mmbaro,RE2::TT,loss,15,-0.5333333333333333
RE2,L1,microrank,mmbaro,RE2::TT,mem,15,-0.8
RE2,L1,microrank,mmbaro,RE2::TT,socket,15,-0.4
RE2,L1,microrank,simplerca_author,RE2::OB,cpu,15,-0.5333333333333333
RE2,L1,microrank,simplerca_author,RE2::OB,delay,15,-0.2
RE2,L1,microrank,simplerca_author,RE2::OB,disk,15,-0.5333333333333333
RE2,L1,microrank,simplerca_author,RE2::OB,loss,15,-0.6666666666666666
RE2,L1,microrank,simplerca_author,RE2::OB,mem,15,-0.6
RE2,L1,microrank,simplerca_author,RE2::OB,socket,15,-0.26666666666666666
RE2,L1,microrank,simplerca_author,RE2::TT,cpu,15,-0.6666666666666666
RE2,L1,microrank,simplerca_author,RE2::TT,delay,15,-0.6
RE2,L1,microrank,simplerca_author,RE2::TT,disk,15,-0.9333333333333333
RE2,L1,microrank,simplerca_author,RE2::TT,loss,15,-0.4666666666666667
RE2,L1,microrank,simplerca_author,RE2::TT,mem,15,-0.8666666666666667
RE2,L1,microrank,simplerca_author,RE2::TT,socket,15,-0.5333333333333333
RE2,L1,microrank,tracerca,RE2::OB,cpu,15,-0.06666666666666667
RE2,L1,microrank,tracerca,RE2::OB,delay,15,-0.2
RE2,L1,microrank,tracerca,RE2::OB,disk,15,-0.2
RE2,L1,microrank,tracerca,RE2::OB,loss,15,-0.06666666666666667
RE2,L1,microrank,tracerca,RE2::OB,mem,15,0.0
RE2,L1,microrank,tracerca,RE2::OB,socket,15,-0.06666666666666667
RE2,L1,microrank,tracerca,RE2::TT,cpu,15,-0.4
RE2,L1,microrank,tracerca,RE2::TT,delay,15,-0.6666666666666666
RE2,L1,microrank,tracerca,RE2::TT,disk,15,-0.6
RE2,L1,microrank,tracerca,RE2::TT,loss,15,-0.4
RE2,L1,microrank,tracerca,RE2::TT,mem,15,-0.2
RE2,L1,microrank,tracerca,RE2::TT,socket,15,-0.2
RE2,L1,mmbaro,simplerca_author,RE2::OB,cpu,15,-0.5333333333333333
RE2,L1,mmbaro,simplerca_author,RE2::OB,delay,15,-0.2
RE2,L1,mmbaro,simplerca_author,RE2::OB,disk,15,-0.4666666666666667
RE2,L1,mmbaro,simplerca_author,RE2::OB,loss,15,-0.2
RE2,L1,mmbaro,simplerca_author,RE2::OB,mem,15,-0.13333333333333333
RE2,L1,mmbaro,simplerca_author,RE2::OB,socket,15,-0.26666666666666666
RE2,L1,mmbaro,simplerca_author,RE2::SS,cpu,15,0.0
RE2,L1,mmbaro,simplerca_author,RE2::SS,delay,15,0.0
RE2,L1,mmbaro,simplerca_author,RE2::SS,disk,15,-0.7333333333333333
RE2,L1,mmbaro,simplerca_author,RE2::SS,loss,15,-0.2
RE2,L1,mmbaro,simplerca_author,RE2::SS,mem,15,-0.13333333333333333
RE2,L1,mmbaro,simplerca_author,RE2::SS,socket,15,0.0
RE2,L1,mmbaro,simplerca_author,RE2::TT,cpu,15,-0.4
RE2,L1,mmbaro,simplerca_author,RE2::TT,delay,15,-0.2
RE2,L1,mmbaro,simplerca_author,RE2::TT,disk,15,0.06666666666666667
RE2,L1,mmbaro,simplerca_author,RE2::TT,loss,15,0.06666666666666667
RE2,L1,mmbaro,simplerca_author,RE2::TT,mem,15,-0.06666666666666667
RE2,L1,mmbaro,simplerca_author,RE2::TT,socket,15,-0.13333333333333333
RE2,L1,mmbaro,tracerca,RE2::OB,cpu,15,-0.06666666666666667
RE2,L1,mmbaro,tracerca,RE2::OB,delay,15,-0.2
RE2,L1,mmbaro,tracerca,RE2::OB,disk,15,-0.13333333333333333
RE2,L1,mmbaro,tracerca,RE2::OB,loss,15,0.4
RE2,L1,mmbaro,tracerca,RE2::OB,mem,15,0.4666666666666667
RE2,L1,mmbaro,tracerca,RE2::OB,socket,15,-0.06666666666666667
RE2,L1,mmbaro,tracerca,RE2::TT,cpu,15,-0.13333333333333333
RE2,L1,mmbaro,tracerca,RE2::TT,delay,15,-0.26666666666666666
RE2,L1,mmbaro,tracerca,RE2::TT,disk,15,0.4
RE2,L1,mmbaro,tracerca,RE2::TT,loss,15,0.13333333333333333
RE2,L1,mmbaro,tracerca,RE2::TT,mem,15,0.6
RE2,L1,mmbaro,tracerca,RE2::TT,socket,15,0.2
RE2,L1,simplerca_author,tracerca,RE2::OB,cpu,15,0.4666666666666667
RE2,L1,simplerca_author,tracerca,RE2::OB,delay,15,0.0
RE2,L1,simplerca_author,tracerca,RE2::OB,disk,15,0.3333333333333333
RE2,L1,simplerca_author,tracerca,RE2::OB,loss,15,0.6
RE2,L1,simplerca_author,tracerca,RE2::OB,mem,15,0.6
RE2,L1,simplerca_author,tracerca,RE2::OB,socket,15,0.2
RE2,L1,simplerca_author,tracerca,RE2::TT,cpu,15,0.26666666666666666
RE2,L1,simplerca_author,tracerca,RE2::TT,delay,15,-0.06666666666666667
RE2,L1,simplerca_author,tracerca,RE2::TT,disk,15,0.3333333333333333
RE2,L1,simplerca_author,tracerca,RE2::TT,loss,15,0.06666666666666667
RE2,L1,simplerca_author,tracerca,RE2::TT,mem,15,0.6666666666666666
RE2,L1,simplerca_author,tracerca,RE2::TT,socket,15,0.3333333333333333
RE2,L2,alertcount,baro,RE2::OB,cpu,15,0.2
RE2,L2,alertcount,baro,RE2::OB,delay,15,0.3333333333333333
RE2,L2,alertcount,baro,RE2::OB,disk,15,0.13333333333333333
RE2,L2,alertcount,baro,RE2::OB,loss,15,-0.26666666666666666
RE2,L2,alertcount,baro,RE2::OB,mem,15,-0.13333333333333333
RE2,L2,alertcount,baro,RE2::OB,socket,15,0.13333333333333333
RE2,L2,alertcount,baro,RE2::SS,cpu,15,0.6
RE2,L2,alertcount,baro,RE2::SS,delay,15,0.3333333333333333
RE2,L2,alertcount,baro,RE2::SS,disk,15,0.4666666666666667
RE2,L2,alertcount,baro,RE2::SS,loss,15,0.06666666666666667
RE2,L2,alertcount,baro,RE2::SS,mem,15,0.2
RE2,L2,alertcount,baro,RE2::SS,socket,15,0.26666666666666666
RE2,L2,alertcount,baro,RE2::TT,cpu,15,-0.26666666666666666
RE2,L2,alertcount,baro,RE2::TT,delay,15,-0.4
RE2,L2,alertcount,baro,RE2::TT,disk,15,-0.7333333333333333
RE2,L2,alertcount,baro,RE2::TT,loss,15,-0.4
RE2,L2,alertcount,baro,RE2::TT,mem,15,-0.6
RE2,L2,alertcount,baro,RE2::TT,socket,15,-0.3333333333333333
RE2,L2,alertcount,causalrca,RE2::OB,cpu,15,-0.06666666666666665
RE2,L2,alertcount,causalrca,RE2::OB,delay,15,0.22222222222222224
RE2,L2,alertcount,causalrca,RE2::OB,disk,15,0.11111111111111113
RE2,L2,alertcount,causalrca,RE2::OB,loss,15,-0.022222222222222216
RE2,L2,alertcount,causalrca,RE2::OB,mem,15,-0.28888888888888886
RE2,L2,alertcount,causalrca,RE2::OB,socket,15,0.06666666666666667
RE2,L2,alertcount,causalrca,RE2::SS,cpu,15,0.4666666666666667
RE2,L2,alertcount,causalrca,RE2::SS,delay,15,0.2
RE2,L2,alertcount,causalrca,RE2::SS,disk,15,0.2888888888888889
RE2,L2,alertcount,causalrca,RE2::SS,loss,15,0.17777777777777778
RE2,L2,alertcount,causalrca,RE2::SS,mem,15,0.13333333333333333
RE2,L2,alertcount,causalrca,RE2::SS,socket,15,0.17777777777777778
RE2,L2,alertcount,causalrca,RE2::TT,cpu,15,-0.26666666666666666
RE2,L2,alertcount,causalrca,RE2::TT,delay,15,-0.04444444444444444
RE2,L2,alertcount,causalrca,RE2::TT,disk,15,-0.11111111111111108
RE2,L2,alertcount,causalrca,RE2::TT,loss,15,0.08888888888888889
RE2,L2,alertcount,causalrca,RE2::TT,mem,15,0.2888888888888889
RE2,L2,alertcount,causalrca,RE2::TT,socket,15,0.06666666666666668
RE2,L2,alertcount,cd1min,RE2::OB,cpu,15,-0.5333333333333333
RE2,L2,alertcount,cd1min,RE2::OB,delay,15,-0.4
RE2,L2,alertcount,cd1min,RE2::OB,disk,15,-0.3333333333333333
RE2,L2,alertcount,cd1min,RE2::OB,loss,15,-0.6666666666666666
RE2,L2,alertcount,cd1min,RE2::OB,mem,15,-0.6
RE2,L2,alertcount,cd1min,RE2::OB,socket,15,-0.6
RE2,L2,alertcount,cd1min,RE2::SS,cpu,15,-0.4
RE2,L2,alertcount,cd1min,RE2::SS,delay,15,-0.4666666666666667
RE2,L2,alertcount,cd1min,RE2::SS,disk,15,-0.4
RE2,L2,alertcount,cd1min,RE2::SS,loss,15,-0.7333333333333333
RE2,L2,alertcount,cd1min,RE2::SS,mem,15,-0.6
RE2,L2,alertcount,cd1min,RE2::SS,socket,15,-0.7333333333333333
RE2,L2,alertcount,cd1min,RE2::TT,cpu,15,-0.4
RE2,L2,alertcount,cd1min,RE2::TT,delay,15,-0.6
RE2,L2,alertcount,cd1min,RE2::TT,disk,15,-0.7333333333333333
RE2,L2,alertcount,cd1min,RE2::TT,loss,15,-0.4666666666666667
RE2,L2,alertcount,cd1min,RE2::TT,mem,15,-0.6666666666666666
RE2,L2,alertcount,cd1min,RE2::TT,socket,15,-0.6
RE2,L2,alertcount,circa,RE2::OB,cpu,15,-0.4
RE2,L2,alertcount,circa,RE2::OB,delay,15,-0.13333333333333333
RE2,L2,alertcount,circa,RE2::OB,disk,15,-0.6
RE2,L2,alertcount,circa,RE2::OB,loss,15,-0.5333333333333333
RE2,L2,alertcount,circa,RE2::OB,mem,15,-0.6
RE2,L2,alertcount,circa,RE2::OB,socket,15,-0.4666666666666667
RE2,L2,alertcount,circa,RE2::SS,cpu,15,-0.3333333333333333
RE2,L2,alertcount,circa,RE2::SS,delay,15,-0.26666666666666666
RE2,L2,alertcount,circa,RE2::SS,disk,15,-0.3333333333333333
RE2,L2,alertcount,circa,RE2::SS,loss,15,-0.3333333333333333
RE2,L2,alertcount,circa,RE2::SS,mem,15,-0.5333333333333333
RE2,L2,alertcount,circa,RE2::SS,socket,15,-0.5333333333333333
RE2,L2,alertcount,circa,RE2::TT,cpu,15,-0.2
RE2,L2,alertcount,circa,RE2::TT,delay,15,-0.13333333333333333
RE2,L2,alertcount,circa,RE2::TT,disk,15,-0.5333333333333333
RE2,L2,alertcount,circa,RE2::TT,loss,15,-0.2
RE2,L2,alertcount,circa,RE2::TT,mem,15,-0.4
RE2,L2,alertcount,circa,RE2::TT,socket,15,-0.5333333333333333
RE2,L2,alertcount,e_diagnosis,RE2::OB,cpu,15,0.2
RE2,L2,alertcount,e_diagnosis,RE2::OB,delay,15,0.26666666666666666
RE2,L2,alertcount,e_diagnosis,RE2::OB,disk,15,0.2
RE2,L2,alertcount,e_diagnosis,RE2::OB,loss,15,0.06666666666666667
RE2,L2,alertcount,e_diagnosis,RE2::OB,mem,15,0.2
RE2,L2,alertcount,e_diagnosis,RE2::OB,socket,15,0.13333333333333333
RE2,L2,alertcount,e_diagnosis,RE2::SS,cpu,15,0.4
RE2,L2,alertcount,e_diagnosis,RE2::SS,delay,15,0.06666666666666667
RE2,L2,alertcount,e_diagnosis,RE2::SS,disk,15,0.3333333333333333
RE2,L2,alertcount,e_diagnosis,RE2::SS,loss,15,0.26666666666666666
RE2,L2,alertcount,e_diagnosis,RE2::SS,mem,15,0.13333333333333333
RE2,L2,alertcount,e_diagnosis,RE2::SS,socket,15,0.2
RE2,L2,alertcount,e_diagnosis,RE2::TT,cpu,15,0.2
RE2,L2,alertcount,e_diagnosis,RE2::TT,delay,15,0.06666666666666667
RE2,L2,alertcount,e_diagnosis,RE2::TT,disk,15,0.26666666666666666
RE2,L2,alertcount,e_diagnosis,RE2::TT,loss,15,0.13333333333333333
RE2,L2,alertcount,e_diagnosis,RE2::TT,mem,15,0.3333333333333333
RE2,L2,alertcount,e_diagnosis,RE2::TT,socket,15,0.26666666666666666
RE2,L2,alertcount,max_z,RE2::OB,cpu,15,-0.5333333333333333
RE2,L2,alertcount,max_z,RE2::OB,delay,15,-0.3333333333333333
RE2,L2,alertcount,max_z,RE2::OB,disk,15,-0.6
RE2,L2,alertcount,max_z,RE2::OB,loss,15,-0.5333333333333333
RE2,L2,alertcount,max_z,RE2::OB,mem,15,-0.7333333333333333
RE2,L2,alertcount,max_z,RE2::OB,socket,15,-0.6666666666666666
RE2,L2,alertcount,max_z,RE2::SS,cpu,15,-0.3333333333333333
RE2,L2,alertcount,max_z,RE2::SS,delay,15,-0.3333333333333333
RE2,L2,alertcount,max_z,RE2::SS,disk,15,-0.4666666666666667
RE2,L2,alertcount,max_z,RE2::SS,loss,15,-0.5333333333333333
RE2,L2,alertcount,max_z,RE2::SS,mem,15,-0.5333333333333333
RE2,L2,alertcount,max_z,RE2::SS,socket,15,-0.5333333333333333
RE2,L2,alertcount,max_z,RE2::TT,cpu,15,-0.3333333333333333
RE2,L2,alertcount,max_z,RE2::TT,delay,15,-0.2
RE2,L2,alertcount,max_z,RE2::TT,disk,15,-0.3333333333333333
RE2,L2,alertcount,max_z,RE2::TT,loss,15,0.0
RE2,L2,alertcount,max_z,RE2::TT,mem,15,-0.26666666666666666
RE2,L2,alertcount,max_z,RE2::TT,socket,15,-0.06666666666666667
RE2,L2,alertcount,microrank,RE2::OB,cpu,15,0.2
RE2,L2,alertcount,microrank,RE2::OB,delay,15,0.3333333333333333
RE2,L2,alertcount,microrank,RE2::OB,disk,15,0.26666666666666666
RE2,L2,alertcount,microrank,RE2::OB,loss,15,0.13333333333333333
RE2,L2,alertcount,microrank,RE2::OB,mem,15,0.2
RE2,L2,alertcount,microrank,RE2::OB,socket,15,0.13333333333333333
RE2,L2,alertcount,microrank,RE2::TT,cpu,15,0.0
RE2,L2,alertcount,microrank,RE2::TT,delay,15,0.0
RE2,L2,alertcount,microrank,RE2::TT,disk,15,0.26666666666666666
RE2,L2,alertcount,microrank,RE2::TT,loss,15,0.0
RE2,L2,alertcount,microrank,RE2::TT,mem,15,0.2
RE2,L2,alertcount,microrank,RE2::TT,socket,15,0.06666666666666667
RE2,L2,alertcount,mmbaro,RE2::OB,cpu,15,0.2
RE2,L2,alertcount,mmbaro,RE2::OB,delay,15,0.3333333333333333
RE2,L2,alertcount,mmbaro,RE2::OB,disk,15,0.2
RE2,L2,alertcount,mmbaro,RE2::OB,loss,15,-0.3333333333333333
RE2,L2,alertcount,mmbaro,RE2::OB,mem,15,-0.26666666666666666
RE2,L2,alertcount,mmbaro,RE2::OB,socket,15,0.13333333333333333
RE2,L2,alertcount,mmbaro,RE2::SS,cpu,15,0.6
RE2,L2,alertcount,mmbaro,RE2::SS,delay,15,0.3333333333333333
RE2,L2,alertcount,mmbaro,RE2::SS,disk,15,0.4666666666666667
RE2,L2,alertcount,mmbaro,RE2::SS,loss,15,0.06666666666666667
RE2,L2,alertcount,mmbaro,RE2::SS,mem,15,0.2
RE2,L2,alertcount,mmbaro,RE2::SS,socket,15,0.26666666666666666
RE2,L2,alertcount,mmbaro,RE2::TT,cpu,15,-0.26666666666666666
RE2,L2,alertcount,mmbaro,RE2::TT,delay,15,-0.4
RE2,L2,alertcount,mmbaro,RE2::TT,disk,15,-0.7333333333333333
RE2,L2,alertcount,mmbaro,RE2::TT,loss,15,-0.5333333333333333
RE2,L2,alertcount,mmbaro,RE2::TT,mem,15,-0.6
RE2,L2,alertcount,mmbaro,RE2::TT,socket,15,-0.3333333333333333
RE2,L2,alertcount,simplerca_author,RE2::OB,cpu,15,-0.3333333333333333
RE2,L2,alertcount,simplerca_author,RE2::OB,delay,15,0.13333333333333333
RE2,L2,alertcount,simplerca_author,RE2::OB,disk,15,-0.26666666666666666
RE2,L2,alertcount,simplerca_author,RE2::OB,loss,15,-0.5333333333333333
RE2,L2,alertcount,simplerca_author,RE2::OB,mem,15,-0.4
RE2,L2,alertcount,simplerca_author,RE2::OB,socket,15,-0.13333333333333333
RE2,L2,alertcount,simplerca_author,RE2::SS,cpu,15,0.6
RE2,L2,alertcount,simplerca_author,RE2::SS,delay,15,0.3333333333333333
RE2,L2,alertcount,simplerca_author,RE2::SS,disk,15,-0.26666666666666666
RE2,L2,alertcount,simplerca_author,RE2::SS,loss,15,-0.13333333333333333
RE2,L2,alertcount,simplerca_author,RE2::SS,mem,15,0.06666666666666667
RE2,L2,alertcount,simplerca_author,RE2::SS,socket,15,0.26666666666666666
RE2,L2,alertcount,simplerca_author,RE2::TT,cpu,15,-0.6666666666666666
RE2,L2,alertcount,simplerca_author,RE2::TT,delay,15,-0.6
RE2,L2,alertcount,simplerca_author,RE2::TT,disk,15,-0.6666666666666666
RE2,L2,alertcount,simplerca_author,RE2::TT,loss,15,-0.4666666666666667
RE2,L2,alertcount,simplerca_author,RE2::TT,mem,15,-0.6666666666666666
RE2,L2,alertcount,simplerca_author,RE2::TT,socket,15,-0.4666666666666667
RE2,L2,alertcount,tracerca,RE2::OB,cpu,15,0.13333333333333333
RE2,L2,alertcount,tracerca,RE2::OB,delay,15,0.13333333333333333
RE2,L2,alertcount,tracerca,RE2::OB,disk,15,0.06666666666666667
RE2,L2,alertcount,tracerca,RE2::OB,loss,15,0.06666666666666667
RE2,L2,alertcount,tracerca,RE2::OB,mem,15,0.2
RE2,L2,alertcount,tracerca,RE2::OB,socket,15,0.06666666666666667
RE2,L2,alertcount,tracerca,RE2::TT,cpu,15,-0.4
RE2,L2,alertcount,tracerca,RE2::TT,delay,15,-0.6666666666666666
RE2,L2,alertcount,tracerca,RE2::TT,disk,15,-0.3333333333333333
RE2,L2,alertcount,tracerca,RE2::TT,loss,15,-0.4
RE2,L2,alertcount,tracerca,RE2::TT,mem,15,0.0
RE2,L2,alertcount,tracerca,RE2::TT,socket,15,-0.13333333333333333
RE2,L2,baro,causalrca,RE2::OB,cpu,15,-0.26666666666666666
RE2,L2,baro,causalrca,RE2::OB,delay,15,-0.1111111111111111
RE2,L2,baro,causalrca,RE2::OB,disk,15,-0.022222222222222216
RE2,L2,baro,causalrca,RE2::OB,loss,15,0.24444444444444446
RE2,L2,baro,causalrca,RE2::OB,mem,15,-0.15555555555555556
RE2,L2,baro,causalrca,RE2::OB,socket,15,-0.06666666666666667
RE2,L2,baro,causalrca,RE2::SS,cpu,15,-0.13333333333333333
RE2,L2,baro,causalrca,RE2::SS,delay,15,-0.13333333333333333
RE2,L2,baro,causalrca,RE2::SS,disk,15,-0.17777777777777776
RE2,L2,baro,causalrca,RE2::SS,loss,15,0.11111111111111112
RE2,L2,baro,causalrca,RE2::SS,mem,15,-0.06666666666666667
RE2,L2,baro,causalrca,RE2::SS,socket,15,-0.08888888888888888
RE2,L2,baro,causalrca,RE2::TT,cpu,15,2.2204460492503132e-17
RE2,L2,baro,causalrca,RE2::TT,delay,15,0.35555555555555557
RE2,L2,baro,causalrca,RE2::TT,disk,15,0.6222222222222222
RE2,L2,baro,causalrca,RE2::TT,loss,15,0.48888888888888893
RE2,L2,baro,causalrca,RE2::TT,mem,15,0.888888888888889
RE2,L2,baro,causalrca,RE2::TT,socket,15,0.4
RE2,L2,baro,cd1min,RE2::OB,cpu,15,-0.7333333333333333
RE2,L2,baro,cd1min,RE2::OB,delay,15,-0.7333333333333333
RE2,L2,baro,cd1min,RE2::OB,disk,15,-0.4666666666666667
RE2,L2,baro,cd1min,RE2::OB,loss,15,-0.4
RE2,L2,baro,cd1min,RE2::OB,mem,15,-0.4666666666666667
RE2,L2,baro,cd1min,RE2::OB,socket,15,-0.7333333333333333
RE2,L2,baro,cd1min,RE2::SS,cpu,15,-1.0
RE2,L2,baro,cd1min,RE2::SS,delay,15,-0.8
RE2,L2,baro,cd1min,RE2::SS,disk,15,-0.8666666666666667
RE2,L2,baro,cd1min,RE2::SS,loss,15,-0.8
RE2,L2,baro,cd1min,RE2::SS,mem,15,-0.8
RE2,L2,baro,cd1min,RE2::SS,socket,15,-1.0
RE2,L2,baro,cd1min,RE2::TT,cpu,15,-0.13333333333333333
RE2,L2,baro,cd1min,RE2::TT,delay,15,-0.2
RE2,L2,baro,cd1min,RE2::TT,disk,15,0.0
RE2,L2,baro,cd1min,RE2::TT,loss,15,-0.06666666666666667
RE2,L2,baro,cd1min,RE2::TT,mem,15,-0.06666666666666667
RE2,L2,baro,cd1min,RE2::TT,socket,15,-0.26666666666666666
RE2,L2,baro,circa,RE2::OB,cpu,15,-0.6
RE2,L2,baro,circa,RE2::OB,delay,15,-0.4666666666666667
RE2,L2,baro,circa,RE2::OB,disk,15,-0.7333333333333333
RE2,L2,baro,circa,RE2::OB,loss,15,-0.26666666666666666
RE2,L2,baro,circa,RE2::OB,mem,15,-0.4666666666666667
RE2,L2,baro,circa,RE2::OB,socket,15,-0.6
RE2,L2,baro,circa,RE2::SS,cpu,15,-0.9333333333333333
RE2,L2,baro,circa,RE2::SS,delay,15,-0.6
RE2,L2,baro,circa,RE2::SS,disk,15,-0.8
RE2,L2,baro,circa,RE2::SS,loss,15,-0.4
RE2,L2,baro,circa,RE2::SS,mem,15,-0.7333333333333333
RE2,L2,baro,circa,RE2::SS,socket,15,-0.8
RE2,L2,baro,circa,RE2::TT,cpu,15,0.06666666666666667
RE2,L2,baro,circa,RE2::TT,delay,15,0.26666666666666666
RE2,L2,baro,circa,RE2::TT,disk,15,0.2
RE2,L2,baro,circa,RE2::TT,loss,15,0.2
RE2,L2,baro,circa,RE2::TT,mem,15,0.2
RE2,L2,baro,circa,RE2::TT,socket,15,-0.2
RE2,L2,baro,e_diagnosis,RE2::OB,cpu,15,0.0
RE2,L2,baro,e_diagnosis,RE2::OB,delay,15,-0.06666666666666667
RE2,L2,baro,e_diagnosis,RE2::OB,disk,15,0.06666666666666667
RE2,L2,baro,e_diagnosis,RE2::OB,loss,15,0.3333333333333333
RE2,L2,baro,e_diagnosis,RE2::OB,mem,15,0.3333333333333333
RE2,L2,baro,e_diagnosis,RE2::OB,socket,15,0.0
RE2,L2,baro,e_diagnosis,RE2::SS,cpu,15,-0.2
RE2,L2,baro,e_diagnosis,RE2::SS,delay,15,-0.26666666666666666
RE2,L2,baro,e_diagnosis,RE2::SS,disk,15,-0.13333333333333333
RE2,L2,baro,e_diagnosis,RE2::SS,loss,15,0.2
RE2,L2,baro,e_diagnosis,RE2::SS,mem,15,-0.06666666666666667
RE2,L2,baro,e_diagnosis,RE2::SS,socket,15,-0.06666666666666667
RE2,L2,baro,e_diagnosis,RE2::TT,cpu,15,0.4666666666666667
RE2,L2,baro,e_diagnosis,RE2::TT,delay,15,0.4666666666666667
RE2,L2,baro,e_diagnosis,RE2::TT,disk,15,1.0
RE2,L2,baro,e_diagnosis,RE2::TT,loss,15,0.5333333333333333
RE2,L2,baro,e_diagnosis,RE2::TT,mem,15,0.9333333333333333
RE2,L2,baro,e_diagnosis,RE2::TT,socket,15,0.6
RE2,L2,baro,max_z,RE2::OB,cpu,15,-0.7333333333333333
RE2,L2,baro,max_z,RE2::OB,delay,15,-0.6666666666666666
RE2,L2,baro,max_z,RE2::OB,disk,15,-0.7333333333333333
RE2,L2,baro,max_z,RE2::OB,loss,15,-0.26666666666666666
RE2,L2,baro,max_z,RE2::OB,mem,15,-0.6
RE2,L2,baro,max_z,RE2::OB,socket,15,-0.8
RE2,L2,baro,max_z,RE2::SS,cpu,15,-0.9333333333333333
RE2,L2,baro,max_z,RE2::SS,delay,15,-0.6666666666666666
RE2,L2,baro,max_z,RE2::SS,disk,15,-0.9333333333333333
RE2,L2,baro,max_z,RE2::SS,loss,15,-0.6
RE2,L2,baro,max_z,RE2::SS,mem,15,-0.7333333333333333
RE2,L2,baro,max_z,RE2::SS,socket,15,-0.8
RE2,L2,baro,max_z,RE2::TT,cpu,15,-0.06666666666666667
RE2,L2,baro,max_z,RE2::TT,delay,15,0.2
RE2,L2,baro,max_z,RE2::TT,disk,15,0.4
RE2,L2,baro,max_z,RE2::TT,loss,15,0.4
RE2,L2,baro,max_z,RE2::TT,mem,15,0.3333333333333333
RE2,L2,baro,max_z,RE2::TT,socket,15,0.26666666666666666
RE2,L2,baro,microrank,RE2::OB,cpu,15,0.0
RE2,L2,baro,microrank,RE2::OB,delay,15,0.0
RE2,L2,baro,microrank,RE2::OB,disk,15,0.13333333333333333
RE2,L2,baro,microrank,RE2::OB,loss,15,0.4
RE2,L2,baro,microrank,RE2::OB,mem,15,0.3333333333333333
RE2,L2,baro,microrank,RE2::OB,socket,15,0.0
RE2,L2,baro,microrank,RE2::TT,cpu,15,0.26666666666666666
RE2,L2,baro,microrank,RE2::TT,delay,15,0.4
RE2,L2,baro,microrank,RE2::TT,disk,15,1.0
RE2,L2,baro,microrank,RE2::TT,loss,15,0.4
RE2,L2,baro,microrank,RE2::TT,mem,15,0.8
RE2,L2,baro,microrank,RE2::TT,socket,15,0.4
RE2,L2,baro,mmbaro,RE2::OB,cpu,15,0.0
RE2,L2,baro,mmbaro,RE2::OB,delay,15,0.0
RE2,L2,baro,mmbaro,RE2::OB,disk,15,0.06666666666666667
RE2,L2,baro,mmbaro,RE2::OB,loss,15,-0.06666666666666667
RE2,L2,baro,mmbaro,RE2::OB,mem,15,-0.13333333333333333
RE2,L2,baro,mmbaro,RE2::OB,socket,15,0.0
RE2,L2,baro,mmbaro,RE2::SS,cpu,15,0.0
RE2,L2,baro,mmbaro,RE2::SS,delay,15,0.0
RE2,L2,baro,mmbaro,RE2::SS,disk,15,0.0
RE2,L2,baro,mmbaro,RE2::SS,loss,15,0.0
RE2,L2,baro,mmbaro,RE2::SS,mem,15,0.0
RE2,L2,baro,mmbaro,RE2::SS,socket,15,0.0
RE2,L2,baro,mmbaro,RE2::TT,cpu,15,0.0
RE2,L2,baro,mmbaro,RE2::TT,delay,15,0.0
RE2,L2,baro,mmbaro,RE2::TT,disk,15,0.0
RE2,L2,baro,mmbaro,RE2::TT,loss,15,-0.13333333333333333
RE2,L2,baro,mmbaro,RE2::TT,mem,15,0.0
RE2,L2,baro,mmbaro,RE2::TT,socket,15,0.0
RE2,L2,baro,simplerca_author,RE2::OB,cpu,15,-0.5333333333333333
RE2,L2,baro,simplerca_author,RE2::OB,delay,15,-0.2
RE2,L2,baro,simplerca_author,RE2::OB,disk,15,-0.4
RE2,L2,baro,simplerca_author,RE2::OB,loss,15,-0.26666666666666666
RE2,L2,baro,simplerca_author,RE2::OB,mem,15,-0.26666666666666666
RE2,L2,baro,simplerca_author,RE2::OB,socket,15,-0.26666666666666666
RE2,L2,baro,simplerca_author,RE2::SS,cpu,15,0.0
RE2,L2,baro,simplerca_author,RE2::SS,delay,15,0.0
RE2,L2,baro,simplerca_author,RE2::SS,disk,15,-0.7333333333333333
RE2,L2,baro,simplerca_author,RE2::SS,loss,15,-0.2
RE2,L2,baro,simplerca_author,RE2::SS,mem,15,-0.13333333333333333
RE2,L2,baro,simplerca_author,RE2::SS,socket,15,0.0
RE2,L2,baro,simplerca_author,RE2::TT,cpu,15,-0.4
RE2,L2,baro,simplerca_author,RE2::TT,delay,15,-0.2
RE2,L2,baro,simplerca_author,RE2::TT,disk,15,0.06666666666666667
RE2,L2,baro,simplerca_author,RE2::TT,loss,15,-0.06666666666666667
RE2,L2,baro,simplerca_author,RE2::TT,mem,15,-0.06666666666666667
RE2,L2,baro,simplerca_author,RE2::TT,socket,15,-0.13333333333333333
RE2,L2,baro,tracerca,RE2::OB,cpu,15,-0.06666666666666667
RE2,L2,baro,tracerca,RE2::OB,delay,15,-0.2
RE2,L2,baro,tracerca,RE2::OB,disk,15,-0.06666666666666667
RE2,L2,baro,tracerca,RE2::OB,loss,15,0.3333333333333333
RE2,L2,baro,tracerca,RE2::OB,mem,15,0.3333333333333333
RE2,L2,baro,tracerca,RE2::OB,socket,15,-0.06666666666666667
RE2,L2,baro,tracerca,RE2::TT,cpu,15,-0.13333333333333333
RE2,L2,baro,tracerca,RE2::TT,delay,15,-0.26666666666666666
RE2,L2,baro,tracerca,RE2::TT,disk,15,0.4
RE2,L2,baro,tracerca,RE2::TT,loss,15,0.0
RE2,L2,baro,tracerca,RE2::TT,mem,15,0.6
RE2,L2,baro,tracerca,RE2::TT,socket,15,0.2
RE2,L2,causalrca,cd1min,RE2::OB,cpu,15,-0.4666666666666667
RE2,L2,causalrca,cd1min,RE2::OB,delay,15,-0.6222222222222222
RE2,L2,causalrca,cd1min,RE2::OB,disk,15,-0.4444444444444445
RE2,L2,causalrca,cd1min,RE2::OB,loss,15,-0.6444444444444444
RE2,L2,causalrca,cd1min,RE2::OB,mem,15,-0.3111111111111111
RE2,L2,causalrca,cd1min,RE2::OB,socket,15,-0.6666666666666666
RE2,L2,causalrca,cd1min,RE2::SS,cpu,15,-0.8666666666666667
RE2,L2,causalrca,cd1min,RE2::SS,delay,15,-0.6666666666666666
RE2,L2,causalrca,cd1min,RE2::SS,disk,15,-0.6888888888888889
RE2,L2,causalrca,cd1min,RE2::SS,loss,15,-0.9111111111111111
RE2,L2,causalrca,cd1min,RE2::SS,mem,15,-0.7333333333333333
RE2,L2,causalrca,cd1min,RE2::SS,socket,15,-0.9111111111111111
RE2,L2,causalrca,cd1min,RE2::TT,cpu,15,-0.13333333333333336
RE2,L2,causalrca,cd1min,RE2::TT,delay,15,-0.5555555555555556
RE2,L2,causalrca,cd1min,RE2::TT,disk,15,-0.6222222222222222
RE2,L2,causalrca,cd1min,RE2::TT,loss,15,-0.5555555555555556
RE2,L2,causalrca,cd1min,RE2::TT,mem,15,-0.9555555555555556
RE2,L2,causalrca,cd1min,RE2::TT,socket,15,-0.6666666666666666
RE2,L2,causalrca,circa,RE2::OB,cpu,15,-0.3333333333333333
RE2,L2,causalrca,circa,RE2::OB,delay,15,-0.35555555555555557
RE2,L2,causalrca,circa,RE2::OB,disk,15,-0.7111111111111111
RE2,L2,causalrca,circa,RE2::OB,loss,15,-0.5111111111111112
RE2,L2,causalrca,circa,RE2::OB,mem,15,-0.3111111111111111
RE2,L2,causalrca,circa,RE2::OB,socket,15,-0.5333333333333333
RE2,L2,causalrca,circa,RE2::SS,cpu,15,-0.8
RE2,L2,causalrca,circa,RE2::SS,delay,15,-0.4666666666666667
RE2,L2,causalrca,circa,RE2::SS,disk,15,-0.6222222222222222
RE2,L2,causalrca,circa,RE2::SS,loss,15,-0.5111111111111112
RE2,L2,causalrca,circa,RE2::SS,mem,15,-0.6666666666666666
RE2,L2,causalrca,circa,RE2::SS,socket,15,-0.711111111111111
RE2,L2,causalrca,circa,RE2::TT,cpu,15,0.06666666666666664
RE2,L2,causalrca,circa,RE2::TT,delay,15,-0.08888888888888889
RE2,L2,causalrca,circa,RE2::TT,disk,15,-0.4222222222222223
RE2,L2,causalrca,circa,RE2::TT,loss,15,-0.2888888888888889
RE2,L2,causalrca,circa,RE2::TT,mem,15,-0.6888888888888889
RE2,L2,causalrca,circa,RE2::TT,socket,15,-0.6
RE2,L2,causalrca,e_diagnosis,RE2::OB,cpu,15,0.26666666666666666
RE2,L2,causalrca,e_diagnosis,RE2::OB,delay,15,0.04444444444444444
RE2,L2,causalrca,e_diagnosis,RE2::OB,disk,15,0.08888888888888888
RE2,L2,causalrca,e_diagnosis,RE2::OB,loss,15,0.08888888888888888
RE2,L2,causalrca,e_diagnosis,RE2::OB,mem,15,0.4888888888888889
RE2,L2,causalrca,e_diagnosis,RE2::OB,socket,15,0.06666666666666667
RE2,L2,causalrca,e_diagnosis,RE2::SS,cpu,15,-0.06666666666666667
RE2,L2,causalrca,e_diagnosis,RE2::SS,delay,15,-0.13333333333333333
RE2,L2,causalrca,e_diagnosis,RE2::SS,disk,15,0.04444444444444443
RE2,L2,causalrca,e_diagnosis,RE2::SS,loss,15,0.08888888888888888
RE2,L2,causalrca,e_diagnosis,RE2::SS,mem,15,-1.4802973661668754e-17
RE2,L2,causalrca,e_diagnosis,RE2::SS,socket,15,0.022222222222222216
RE2,L2,causalrca,e_diagnosis,RE2::TT,cpu,15,0.4666666666666667
RE2,L2,causalrca,e_diagnosis,RE2::TT,delay,15,0.1111111111111111
RE2,L2,causalrca,e_diagnosis,RE2::TT,disk,15,0.3777777777777777
RE2,L2,causalrca,e_diagnosis,RE2::TT,loss,15,0.04444444444444444
RE2,L2,causalrca,e_diagnosis,RE2::TT,mem,15,0.04444444444444444
RE2,L2,causalrca,e_diagnosis,RE2::TT,socket,15,0.2
RE2,L2,causalrca,max_z,RE2::OB,cpu,15,-0.4666666666666667
RE2,L2,causalrca,max_z,RE2::OB,delay,15,-0.5555555555555556
RE2,L2,causalrca,max_z,RE2::OB,disk,15,-0.7111111111111111
RE2,L2,causalrca,max_z,RE2::OB,loss,15,-0.5111111111111112
RE2,L2,causalrca,max_z,RE2::OB,mem,15,-0.4444444444444445
RE2,L2,causalrca,max_z,RE2::OB,socket,15,-0.7333333333333333
RE2,L2,causalrca,max_z,RE2::SS,cpu,15,-0.8
RE2,L2,causalrca,max_z,RE2::SS,delay,15,-0.5333333333333333
RE2,L2,causalrca,max_z,RE2::SS,disk,15,-0.7555555555555556
RE2,L2,causalrca,max_z,RE2::SS,loss,15,-0.711111111111111
RE2,L2,causalrca,max_z,RE2::SS,mem,15,-0.6666666666666666
RE2,L2,causalrca,max_z,RE2::SS,socket,15,-0.711111111111111
RE2,L2,causalrca,max_z,RE2::TT,cpu,15,-0.06666666666666668
RE2,L2,causalrca,max_z,RE2::TT,delay,15,-0.15555555555555556
RE2,L2,causalrca,max_z,RE2::TT,disk,15,-0.22222222222222227
RE2,L2,causalrca,max_z,RE2::TT,loss,15,-0.08888888888888889
RE2,L2,causalrca,max_z,RE2::TT,mem,15,-0.5555555555555556
RE2,L2,causalrca,max_z,RE2::TT,socket,15,-0.13333333333333336
RE2,L2,causalrca,microrank,RE2::OB,cpu,15,0.26666666666666666
RE2,L2,causalrca,microrank,RE2::OB,delay,15,0.1111111111111111
RE2,L2,causalrca,microrank,RE2::OB,disk,15,0.15555555555555553
RE2,L2,causalrca,microrank,RE2::OB,loss,15,0.15555555555555553
RE2,L2,causalrca,microrank,RE2::OB,mem,15,0.4888888888888889
RE2,L2,causalrca,microrank,RE2::OB,socket,15,0.06666666666666667
RE2,L2,causalrca,microrank,RE2::TT,cpu,15,0.26666666666666666
RE2,L2,causalrca,microrank,RE2::TT,delay,15,0.04444444444444444
RE2,L2,causalrca,microrank,RE2::TT,disk,15,0.3777777777777777
RE2,L2,causalrca,microrank,RE2::TT,loss,15,-0.08888888888888889
RE2,L2,causalrca,microrank,RE2::TT,mem,15,-0.08888888888888889
RE2,L2,causalrca,microrank,RE2::TT,socket,15,-1.4802973661668754e-17
RE2,L2,causalrca,mmbaro,RE2::OB,cpu,15,0.26666666666666666
RE2,L2,causalrca,mmbaro,RE2::OB,delay,15,0.1111111111111111
RE2,L2,causalrca,mmbaro,RE2::OB,disk,15,0.08888888888888888
RE2,L2,causalrca,mmbaro,RE2::OB,loss,15,-0.3111111111111111
RE2,L2,causalrca,mmbaro,RE2::OB,mem,15,0.02222222222222221
RE2,L2,causalrca,mmbaro,RE2::OB,socket,15,0.06666666666666667
RE2,L2,causalrca,mmbaro,RE2::SS,cpu,15,0.13333333333333333
RE2,L2,causalrca,mmbaro,RE2::SS,delay,15,0.13333333333333333
RE2,L2,causalrca,mmbaro,RE2::SS,disk,15,0.17777777777777776
RE2,L2,causalrca,mmbaro,RE2::SS,loss,15,-0.11111111111111112
RE2,L2,causalrca,mmbaro,RE2::SS,mem,15,0.06666666666666665
RE2,L2,causalrca,mmbaro,RE2::SS,socket,15,0.08888888888888888
RE2,L2,causalrca,mmbaro,RE2::TT,cpu,15,-2.2204460492503132e-17
RE2,L2,causalrca,mmbaro,RE2::TT,delay,15,-0.35555555555555557
RE2,L2,causalrca,mmbaro,RE2::TT,disk,15,-0.6222222222222222
RE2,L2,causalrca,mmbaro,RE2::TT,loss,15,-0.6222222222222222
RE2,L2,causalrca,mmbaro,RE2::TT,mem,15,-0.888888888888889
RE2,L2,causalrca,mmbaro,RE2::TT,socket,15,-0.4
RE2,L2,causalrca,simplerca_author,RE2::OB,cpu,15,-0.26666666666666666
RE2,L2,causalrca,simplerca_author,RE2::OB,delay,15,-0.08888888888888889
RE2,L2,causalrca,simplerca_author,RE2::OB,disk,15,-0.3777777777777778
RE2,L2,causalrca,simplerca_author,RE2::OB,loss,15,-0.5111111111111112
RE2,L2,causalrca,simplerca_author,RE2::OB,mem,15,-0.11111111111111113
RE2,L2,causalrca,simplerca_author,RE2::OB,socket,15,-0.2
RE2,L2,causalrca,simplerca_author,RE2::SS,cpu,15,0.13333333333333333
RE2,L2,causalrca,simplerca_author,RE2::SS,delay,15,0.13333333333333333
RE2,L2,causalrca,simplerca_author,RE2::SS,disk,15,-0.5555555555555556
RE2,L2,causalrca,simplerca_author,RE2::SS,loss,15,-0.3111111111111111
RE2,L2,causalrca,simplerca_author,RE2::SS,mem,15,-0.06666666666666667
RE2,L2,causalrca,simplerca_author,RE2::SS,socket,15,0.08888888888888888
RE2,L2,causalrca,simplerca_author,RE2::TT,cpu,15,-0.4
RE2,L2,causalrca,simplerca_author,RE2::TT,delay,15,-0.5555555555555556
RE2,L2,causalrca,simplerca_author,RE2::TT,disk,15,-0.5555555555555556
RE2,L2,causalrca,simplerca_author,RE2::TT,loss,15,-0.5555555555555556
RE2,L2,causalrca,simplerca_author,RE2::TT,mem,15,-0.9555555555555556
RE2,L2,causalrca,simplerca_author,RE2::TT,socket,15,-0.5333333333333333
RE2,L2,causalrca,tracerca,RE2::OB,cpu,15,0.2
RE2,L2,causalrca,tracerca,RE2::OB,delay,15,-0.08888888888888889
RE2,L2,causalrca,tracerca,RE2::OB,disk,15,-0.04444444444444446
RE2,L2,causalrca,tracerca,RE2::OB,loss,15,0.08888888888888888
RE2,L2,causalrca,tracerca,RE2::OB,mem,15,0.4888888888888889
RE2,L2,causalrca,tracerca,RE2::OB,socket,15,0.0
RE2,L2,causalrca,tracerca,RE2::TT,cpu,15,-0.13333333333333336
RE2,L2,causalrca,tracerca,RE2::TT,delay,15,-0.6222222222222222
RE2,L2,causalrca,tracerca,RE2::TT,disk,15,-0.22222222222222227
RE2,L2,causalrca,tracerca,RE2::TT,loss,15,-0.48888888888888893
RE2,L2,causalrca,tracerca,RE2::TT,mem,15,-0.28888888888888886
RE2,L2,causalrca,tracerca,RE2::TT,socket,15,-0.2
RE2,L2,cd1min,circa,RE2::OB,cpu,15,0.13333333333333333
RE2,L2,cd1min,circa,RE2::OB,delay,15,0.26666666666666666
RE2,L2,cd1min,circa,RE2::OB,disk,15,-0.26666666666666666
RE2,L2,cd1min,circa,RE2::OB,loss,15,0.13333333333333333
RE2,L2,cd1min,circa,RE2::OB,mem,15,0.0
RE2,L2,cd1min,circa,RE2::OB,socket,15,0.13333333333333333
RE2,L2,cd1min,circa,RE2::SS,cpu,15,0.06666666666666667
RE2,L2,cd1min,circa,RE2::SS,delay,15,0.2
RE2,L2,cd1min,circa,RE2::SS,disk,15,0.06666666666666667
RE2,L2,cd1min,circa,RE2::SS,loss,15,0.4
RE2,L2,cd1min,circa,RE2::SS,mem,15,0.06666666666666667
RE2,L2,cd1min,circa,RE2::SS,socket,15,0.2
RE2,L2,cd1min,circa,RE2::TT,cpu,15,0.2
RE2,L2,cd1min,circa,RE2::TT,delay,15,0.4666666666666667
RE2,L2,cd1min,circa,RE2::TT,disk,15,0.2
RE2,L2,cd1min,circa,RE2::TT,loss,15,0.26666666666666666
RE2,L2,cd1min,circa,RE2::TT,mem,15,0.26666666666666666
RE2,L2,cd1min,circa,RE2::TT,socket,15,0.06666666666666667
RE2,L2,cd1min,e_diagnosis,RE2::OB,cpu,15,0.7333333333333333
RE2,L2,cd1min,e_diagnosis,RE2::OB,delay,15,0.6666666666666666
RE2,L2,cd1min,e_diagnosis,RE2::OB,disk,15,0.5333333333333333
RE2,L2,cd1min,e_diagnosis,RE2::OB,loss,15,0.7333333333333333
RE2,L2,cd1min,e_diagnosis,RE2::OB,mem,15,0.8
RE2,L2,cd1min,e_diagnosis,RE2::OB,socket,15,0.7333333333333333
RE2,L2,cd1min,e_diagnosis,RE2::SS,cpu,15,0.8
RE2,L2,cd1min,e_diagnosis,RE2::SS,delay,15,0.5333333333333333
RE2,L2,cd1min,e_diagnosis,RE2::SS,disk,15,0.7333333333333333
RE2,L2,cd1min,e_diagnosis,RE2::SS,loss,15,1.0
RE2,L2,cd1min,e_diagnosis,RE2::SS,mem,15,0.7333333333333333
RE2,L2,cd1min,e_diagnosis,RE2::SS,socket,15,0.9333333333333333
RE2,L2,cd1min,e_diagnosis,RE2::TT,cpu,15,0.6
RE2,L2,cd1min,e_diagnosis,RE2::TT,delay,15,0.6666666666666666
RE2,L2,cd1min,e_diagnosis,RE2::TT,disk,15,1.0
RE2,L2,cd1min,e_diagnosis,RE2::TT,loss,15,0.6
RE2,L2,cd1min,e_diagnosis,RE2::TT,mem,15,1.0
RE2,L2,cd1min,e_diagnosis,RE2::TT,socket,15,0.8666666666666667
RE2,L2,cd1min,max_z,RE2::OB,cpu,15,0.0
RE2,L2,cd1min,max_z,RE2::OB,delay,15,0.06666666666666667
RE2,L2,cd1min,max_z,RE2::OB,disk,15,-0.26666666666666666
RE2,L2,cd1min,max_z,RE2::OB,loss,15,0.13333333333333333
RE2,L2,cd1min,max_z,RE2::OB,mem,15,-0.13333333333333333
RE2,L2,cd1min,max_z,RE2::OB,socket,15,-0.06666666666666667
RE2,L2,cd1min,max_z,RE2::SS,cpu,15,0.06666666666666667
RE2,L2,cd1min,max_z,RE2::SS,delay,15,0.13333333333333333
RE2,L2,cd1min,max_z,RE2::SS,disk,15,-0.06666666666666667
RE2,L2,cd1min,max_z,RE2::SS,loss,15,0.2
RE2,L2,cd1min,max_z,RE2::SS,mem,15,0.06666666666666667
RE2,L2,cd1min,max_z,RE2::SS,socket,15,0.2
RE2,L2,cd1min,max_z,RE2::TT,cpu,15,0.06666666666666667
RE2,L2,cd1min,max_z,RE2::TT,delay,15,0.4
RE2,L2,cd1min,max_z,RE2::TT,disk,15,0.4
RE2,L2,cd1min,max_z,RE2::TT,loss,15,0.4666666666666667
RE2,L2,cd1min,max_z,RE2::TT,mem,15,0.4
RE2,L2,cd1min,max_z,RE2::TT,socket,15,0.5333333333333333
RE2,L2,cd1min,microrank,RE2::OB,cpu,15,0.7333333333333333
RE2,L2,cd1min,microrank,RE2::OB,delay,15,0.7333333333333333
RE2,L2,cd1min,microrank,RE2::OB,disk,15,0.6
RE2,L2,cd1min,microrank,RE2::OB,loss,15,0.8
RE2,L2,cd1min,microrank,RE2::OB,mem,15,0.8
RE2,L2,cd1min,microrank,RE2::OB,socket,15,0.7333333333333333
RE2,L2,cd1min,microrank,RE2::TT,cpu,15,0.4
RE2,L2,cd1min,microrank,RE2::TT,delay,15,0.6
RE2,L2,cd1min,microrank,RE2::TT,disk,15,1.0
RE2,L2,cd1min,microrank,RE2::TT,loss,15,0.4666666666666667
RE2,L2,cd1min,microrank,RE2::TT,mem,15,0.8666666666666667
RE2,L2,cd1min,microrank,RE2::TT,socket,15,0.6666666666666666
RE2,L2,cd1min,mmbaro,RE2::OB,cpu,15,0.7333333333333333
RE2,L2,cd1min,mmbaro,RE2::OB,delay,15,0.7333333333333333
RE2,L2,cd1min,mmbaro,RE2::OB,disk,15,0.5333333333333333
RE2,L2,cd1min,mmbaro,RE2::OB,loss,15,0.3333333333333333
RE2,L2,cd1min,mmbaro,RE2::OB,mem,15,0.3333333333333333
RE2,L2,cd1min,mmbaro,RE2::OB,socket,15,0.7333333333333333
RE2,L2,cd1min,mmbaro,RE2::SS,cpu,15,1.0
RE2,L2,cd1min,mmbaro,RE2::SS,delay,15,0.8
RE2,L2,cd1min,mmbaro,RE2::SS,disk,15,0.8666666666666667
RE2,L2,cd1min,mmbaro,RE2::SS,loss,15,0.8
RE2,L2,cd1min,mmbaro,RE2::SS,mem,15,0.8
RE2,L2,cd1min,mmbaro,RE2::SS,socket,15,1.0
RE2,L2,cd1min,mmbaro,RE2::TT,cpu,15,0.13333333333333333
RE2,L2,cd1min,mmbaro,RE2::TT,delay,15,0.2
RE2,L2,cd1min,mmbaro,RE2::TT,disk,15,0.0
RE2,L2,cd1min,mmbaro,RE2::TT,loss,15,-0.06666666666666667
RE2,L2,cd1min,mmbaro,RE2::TT,mem,15,0.06666666666666667
RE2,L2,cd1min,mmbaro,RE2::TT,socket,15,0.26666666666666666
RE2,L2,cd1min,simplerca_author,RE2::OB,cpu,15,0.2
RE2,L2,cd1min,simplerca_author,RE2::OB,delay,15,0.5333333333333333
RE2,L2,cd1min,simplerca_author,RE2::OB,disk,15,0.06666666666666667
RE2,L2,cd1min,simplerca_author,RE2::OB,loss,15,0.13333333333333333
RE2,L2,cd1min,simplerca_author,RE2::OB,mem,15,0.2
RE2,L2,cd1min,simplerca_author,RE2::OB,socket,15,0.4666666666666667
RE2,L2,cd1min,simplerca_author,RE2::SS,cpu,15,1.0
RE2,L2,cd1min,simplerca_author,RE2::SS,delay,15,0.8
RE2,L2,cd1min,simplerca_author,RE2::SS,disk,15,0.13333333333333333
RE2,L2,cd1min,simplerca_author,RE2::SS,loss,15,0.6
RE2,L2,cd1min,simplerca_author,RE2::SS,mem,15,0.6666666666666666
RE2,L2,cd1min,simplerca_author,RE2::SS,socket,15,1.0
RE2,L2,cd1min,simplerca_author,RE2::TT,cpu,15,-0.26666666666666666
RE2,L2,cd1min,simplerca_author,RE2::TT,delay,15,0.0
RE2,L2,cd1min,simplerca_author,RE2::TT,disk,15,0.06666666666666667
RE2,L2,cd1min,simplerca_author,RE2::TT,loss,15,0.0
RE2,L2,cd1min,simplerca_author,RE2::TT,mem,15,0.0
RE2,L2,cd1min,simplerca_author,RE2::TT,socket,15,0.13333333333333333
RE2,L2,cd1min,tracerca,RE2::OB,cpu,15,0.6666666666666666
RE2,L2,cd1min,tracerca,RE2::OB,delay,15,0.5333333333333333
RE2,L2,cd1min,tracerca,RE2::OB,disk,15,0.4
RE2,L2,cd1min,tracerca,RE2::OB,loss,15,0.7333333333333333
RE2,L2,cd1min,tracerca,RE2::OB,mem,15,0.8
RE2,L2,cd1min,tracerca,RE2::OB,socket,15,0.6666666666666666
RE2,L2,cd1min,tracerca,RE2::TT,cpu,15,0.0
RE2,L2,cd1min,tracerca,RE2::TT,delay,15,-0.06666666666666667
RE2,L2,cd1min,tracerca,RE2::TT,disk,15,0.4
RE2,L2,cd1min,tracerca,RE2::TT,loss,15,0.06666666666666667
RE2,L2,cd1min,tracerca,RE2::TT,mem,15,0.6666666666666666
RE2,L2,cd1min,tracerca,RE2::TT,socket,15,0.4666666666666667
RE2,L2,circa,e_diagnosis,RE2::OB,cpu,15,0.6
RE2,L2,circa,e_diagnosis,RE2::OB,delay,15,0.4
RE2,L2,circa,e_diagnosis,RE2::OB,disk,15,0.8
RE2,L2,circa,e_diagnosis,RE2::OB,loss,15,0.6
RE2,L2,circa,e_diagnosis,RE2::OB,mem,15,0.8
RE2,L2,circa,e_diagnosis,RE2::OB,socket,15,0.6
RE2,L2,circa,e_diagnosis,RE2::SS,cpu,15,0.7333333333333333
RE2,L2,circa,e_diagnosis,RE2::SS,delay,15,0.3333333333333333
RE2,L2,circa,e_diagnosis,RE2::SS,disk,15,0.6666666666666666
RE2,L2,circa,e_diagnosis,RE2::SS,loss,15,0.6
RE2,L2,circa,e_diagnosis,RE2::SS,mem,15,0.6666666666666666
RE2,L2,circa,e_diagnosis,RE2::SS,socket,15,0.7333333333333333
RE2,L2,circa,e_diagnosis,RE2::TT,cpu,15,0.4
RE2,L2,circa,e_diagnosis,RE2::TT,delay,15,0.2
RE2,L2,circa,e_diagnosis,RE2::TT,disk,15,0.8
RE2,L2,circa,e_diagnosis,RE2::TT,loss,15,0.3333333333333333
RE2,L2,circa,e_diagnosis,RE2::TT,mem,15,0.7333333333333333
RE2,L2,circa,e_diagnosis,RE2::TT,socket,15,0.8
RE2,L2,circa,max_z,RE2::OB,cpu,15,-0.13333333333333333
RE2,L2,circa,max_z,RE2::OB,delay,15,-0.2
RE2,L2,circa,max_z,RE2::OB,disk,15,0.0
RE2,L2,circa,max_z,RE2::OB,loss,15,0.0
RE2,L2,circa,max_z,RE2::OB,mem,15,-0.13333333333333333
RE2,L2,circa,max_z,RE2::OB,socket,15,-0.2
RE2,L2,circa,max_z,RE2::SS,cpu,15,0.0
RE2,L2,circa,max_z,RE2::SS,delay,15,-0.06666666666666667
RE2,L2,circa,max_z,RE2::SS,disk,15,-0.13333333333333333
RE2,L2,circa,max_z,RE2::SS,loss,15,-0.2
RE2,L2,circa,max_z,RE2::SS,mem,15,0.0
RE2,L2,circa,max_z,RE2::SS,socket,15,0.0
RE2,L2,circa,max_z,RE2::TT,cpu,15,-0.13333333333333333
RE2,L2,circa,max_z,RE2::TT,delay,15,-0.06666666666666667
RE2,L2,circa,max_z,RE2::TT,disk,15,0.2
RE2,L2,circa,max_z,RE2::TT,loss,15,0.2
RE2,L2,circa,max_z,RE2::TT,mem,15,0.13333333333333333
RE2,L2,circa,max_z,RE2::TT,socket,15,0.4666666666666667
RE2,L2,circa,microrank,RE2::OB,cpu,15,0.6
RE2,L2,circa,microrank,RE2::OB,delay,15,0.4666666666666667
RE2,L2,circa,microrank,RE2::OB,disk,15,0.8666666666666667
RE2,L2,circa,microrank,RE2::OB,loss,15,0.6666666666666666
RE2,L2,circa,microrank,RE2::OB,mem,15,0.8
RE2,L2,circa,microrank,RE2::OB,socket,15,0.6
RE2,L2,circa,microrank,RE2::TT,cpu,15,0.2
RE2,L2,circa,microrank,RE2::TT,delay,15,0.13333333333333333
RE2,L2,circa,microrank,RE2::TT,disk,15,0.8
RE2,L2,circa,microrank,RE2::TT,loss,15,0.2
RE2,L2,circa,microrank,RE2::TT,mem,15,0.6
RE2,L2,circa,microrank,RE2::TT,socket,15,0.6
RE2,L2,circa,mmbaro,RE2::OB,cpu,15,0.6
RE2,L2,circa,mmbaro,RE2::OB,delay,15,0.4666666666666667
RE2,L2,circa,mmbaro,RE2::OB,disk,15,0.8
RE2,L2,circa,mmbaro,RE2::OB,loss,15,0.2
RE2,L2,circa,mmbaro,RE2::OB,mem,15,0.3333333333333333
RE2,L2,circa,mmbaro,RE2::OB,socket,15,0.6
RE2,L2,circa,mmbaro,RE2::SS,cpu,15,0.9333333333333333
RE2,L2,circa,mmbaro,RE2::SS,delay,15,0.6
RE2,L2,circa,mmbaro,RE2::SS,disk,15,0.8
RE2,L2,circa,mmbaro,RE2::SS,loss,15,0.4
RE2,L2,circa,mmbaro,RE2::SS,mem,15,0.7333333333333333
RE2,L2,circa,mmbaro,RE2::SS,socket,15,0.8
RE2,L2,circa,mmbaro,RE2::TT,cpu,15,-0.06666666666666667
RE2,L2,circa,mmbaro,RE2::TT,delay,15,-0.26666666666666666
RE2,L2,circa,mmbaro,RE2::TT,disk,15,-0.2
RE2,L2,circa,mmbaro,RE2::TT,loss,15,-0.3333333333333333
RE2,L2,circa,mmbaro,RE2::TT,mem,15,-0.2
RE2,L2,circa,mmbaro,RE2::TT,socket,15,0.2
RE2,L2,circa,simplerca_author,RE2::OB,cpu,15,0.06666666666666667
RE2,L2,circa,simplerca_author,RE2::OB,delay,15,0.26666666666666666
RE2,L2,circa,simplerca_author,RE2::OB,disk,15,0.3333333333333333
RE2,L2,circa,simplerca_author,RE2::OB,loss,15,0.0
RE2,L2,circa,simplerca_author,RE2::OB,mem,15,0.2
RE2,L2,circa,simplerca_author,RE2::OB,socket,15,0.3333333333333333
RE2,L2,circa,simplerca_author,RE2::SS,cpu,15,0.9333333333333333
RE2,L2,circa,simplerca_author,RE2::SS,delay,15,0.6
RE2,L2,circa,simplerca_author,RE2::SS,disk,15,0.06666666666666667
RE2,L2,circa,simplerca_author,RE2::SS,loss,15,0.2
RE2,L2,circa,simplerca_author,RE2::SS,mem,15,0.6
RE2,L2,circa,simplerca_author,RE2::SS,socket,15,0.8
RE2,L2,circa,simplerca_author,RE2::TT,cpu,15,-0.4666666666666667
RE2,L2,circa,simplerca_author,RE2::TT,delay,15,-0.4666666666666667
RE2,L2,circa,simplerca_author,RE2::TT,disk,15,-0.13333333333333333
RE2,L2,circa,simplerca_author,RE2::TT,loss,15,-0.26666666666666666
RE2,L2,circa,simplerca_author,RE2::TT,mem,15,-0.26666666666666666
RE2,L2,circa,simplerca_author,RE2::TT,socket,15,0.06666666666666667
RE2,L2,circa,tracerca,RE2::OB,cpu,15,0.5333333333333333
RE2,L2,circa,tracerca,RE2::OB,delay,15,0.26666666666666666
RE2,L2,circa,tracerca,RE2::OB,disk,15,0.6666666666666666
RE2,L2,circa,tracerca,RE2::OB,loss,15,0.6
RE2,L2,circa,tracerca,RE2::OB,mem,15,0.8
RE2,L2,circa,tracerca,RE2::OB,socket,15,0.5333333333333333
RE2,L2,circa,tracerca,RE2::TT,cpu,15,-0.2
RE2,L2,circa,tracerca,RE2::TT,delay,15,-0.5333333333333333
RE2,L2,circa,tracerca,RE2::TT,disk,15,0.2
RE2,L2,circa,tracerca,RE2::TT,loss,15,-0.2
RE2,L2,circa,tracerca,RE2::TT,mem,15,0.4
RE2,L2,circa,tracerca,RE2::TT,socket,15,0.4
RE2,L2,e_diagnosis,max_z,RE2::OB,cpu,15,-0.7333333333333333
RE2,L2,e_diagnosis,max_z,RE2::OB,delay,15,-0.6
RE2,L2,e_diagnosis,max_z,RE2::OB,disk,15,-0.8
RE2,L2,e_diagnosis,max_z,RE2::OB,loss,15,-0.6
RE2,L2,e_diagnosis,max_z,RE2::OB,mem,15,-0.9333333333333333
RE2,L2,e_diagnosis,max_z,RE2::OB,socket,15,-0.8
RE2,L2,e_diagnosis,max_z,RE2::SS,cpu,15,-0.7333333333333333
RE2,L2,e_diagnosis,max_z,RE2::SS,delay,15,-0.4
RE2,L2,e_diagnosis,max_z,RE2::SS,disk,15,-0.8
RE2,L2,e_diagnosis,max_z,RE2::SS,loss,15,-0.8
RE2,L2,e_diagnosis,max_z,RE2::SS,mem,15,-0.6666666666666666
RE2,L2,e_diagnosis,max_z,RE2::SS,socket,15,-0.7333333333333333
RE2,L2,e_diagnosis,max_z,RE2::TT,cpu,15,-0.5333333333333333
RE2,L2,e_diagnosis,max_z,RE2::TT,delay,15,-0.26666666666666666
RE2,L2,e_diagnosis,max_z,RE2::TT,disk,15,-0.6
RE2,L2,e_diagnosis,max_z,RE2::TT,loss,15,-0.13333333333333333
RE2,L2,e_diagnosis,max_z,RE2::TT,mem,15,-0.6
RE2,L2,e_diagnosis,max_z,RE2::TT,socket,15,-0.3333333333333333
RE2,L2,e_diagnosis,microrank,RE2::OB,cpu,15,0.0
RE2,L2,e_diagnosis,microrank,RE2::OB,delay,15,0.06666666666666667
RE2,L2,e_diagnosis,microrank,RE2::OB,disk,15,0.06666666666666667
RE2,L2,e_diagnosis,microrank,RE2::OB,loss,15,0.06666666666666667
RE2,L2,e_diagnosis,microrank,RE2::OB,mem,15,0.0
RE2,L2,e_diagnosis,microrank,RE2::OB,socket,15,0.0
RE2,L2,e_diagnosis,microrank,RE2::TT,cpu,15,-0.2
RE2,L2,e_diagnosis,microrank,RE2::TT,delay,15,-0.06666666666666667
RE2,L2,e_diagnosis,microrank,RE2::TT,disk,15,0.0
RE2,L2,e_diagnosis,microrank,RE2::TT,loss,15,-0.13333333333333333
RE2,L2,e_diagnosis,microrank,RE2::TT,mem,15,-0.13333333333333333
RE2,L2,e_diagnosis,microrank,RE2::TT,socket,15,-0.2
RE2,L2,e_diagnosis,mmbaro,RE2::OB,cpu,15,0.0
RE2,L2,e_diagnosis,mmbaro,RE2::OB,delay,15,0.06666666666666667
RE2,L2,e_diagnosis,mmbaro,RE2::OB,disk,15,0.0
RE2,L2,e_diagnosis,mmbaro,RE2::OB,loss,15,-0.4
RE2,L2,e_diagnosis,mmbaro,RE2::OB,mem,15,-0.4666666666666667
RE2,L2,e_diagnosis,mmbaro,RE2::OB,socket,15,0.0
RE2,L2,e_diagnosis,mmbaro,RE2::SS,cpu,15,0.2
RE2,L2,e_diagnosis,mmbaro,RE2::SS,delay,15,0.26666666666666666
RE2,L2,e_diagnosis,mmbaro,RE2::SS,disk,15,0.13333333333333333
RE2,L2,e_diagnosis,mmbaro,RE2::SS,loss,15,-0.2
RE2,L2,e_diagnosis,mmbaro,RE2::SS,mem,15,0.06666666666666667
RE2,L2,e_diagnosis,mmbaro,RE2::SS,socket,15,0.06666666666666667
RE2,L2,e_diagnosis,mmbaro,RE2::TT,cpu,15,-0.4666666666666667
RE2,L2,e_diagnosis,mmbaro,RE2::TT,delay,15,-0.4666666666666667
RE2,L2,e_diagnosis,mmbaro,RE2::TT,disk,15,-1.0
RE2,L2,e_diagnosis,mmbaro,RE2::TT,loss,15,-0.6666666666666666
RE2,L2,e_diagnosis,mmbaro,RE2::TT,mem,15,-0.9333333333333333
RE2,L2,e_diagnosis,mmbaro,RE2::TT,socket,15,-0.6
RE2,L2,e_diagnosis,simplerca_author,RE2::OB,cpu,15,-0.5333333333333333
RE2,L2,e_diagnosis,simplerca_author,RE2::OB,delay,15,-0.13333333333333333
RE2,L2,e_diagnosis,simplerca_author,RE2::OB,disk,15,-0.4666666666666667
RE2,L2,e_diagnosis,simplerca_author,RE2::OB,loss,15,-0.6
RE2,L2,e_diagnosis,simplerca_author,RE2::OB,mem,15,-0.6
RE2,L2,e_diagnosis,simplerca_author,RE2::OB,socket,15,-0.26666666666666666
RE2,L2,e_diagnosis,simplerca_author,RE2::SS,cpu,15,0.2
RE2,L2,e_diagnosis,simplerca_author,RE2::SS,delay,15,0.26666666666666666
RE2,L2,e_diagnosis,simplerca_author,RE2::SS,disk,15,-0.6
RE2,L2,e_diagnosis,simplerca_author,RE2::SS,loss,15,-0.4
RE2,L2,e_diagnosis,simplerca_author,RE2::SS,mem,15,-0.06666666666666667
RE2,L2,e_diagnosis,simplerca_author,RE2::SS,socket,15,0.06666666666666667
RE2,L2,e_diagnosis,simplerca_author,RE2::TT,cpu,15,-0.8666666666666667
RE2,L2,e_diagnosis,simplerca_author,RE2::TT,delay,15,-0.6666666666666666
RE2,L2,e_diagnosis,simplerca_author,RE2::TT,disk,15,-0.9333333333333333
RE2,L2,e_diagnosis,simplerca_author,RE2::TT,loss,15,-0.6
RE2,L2,e_diagnosis,simplerca_author,RE2::TT,mem,15,-1.0
RE2,L2,e_diagnosis,simplerca_author,RE2::TT,socket,15,-0.7333333333333333
RE2,L2,e_diagnosis,tracerca,RE2::OB,cpu,15,-0.06666666666666667
RE2,L2,e_diagnosis,tracerca,RE2::OB,delay,15,-0.13333333333333333
RE2,L2,e_diagnosis,tracerca,RE2::OB,disk,15,-0.13333333333333333
RE2,L2,e_diagnosis,tracerca,RE2::OB,loss,15,0.0
RE2,L2,e_diagnosis,tracerca,RE2::OB,mem,15,0.0
RE2,L2,e_diagnosis,tracerca,RE2::OB,socket,15,-0.06666666666666667
RE2,L2,e_diagnosis,tracerca,RE2::TT,cpu,15,-0.6
RE2,L2,e_diagnosis,tracerca,RE2::TT,delay,15,-0.7333333333333333
RE2,L2,e_diagnosis,tracerca,RE2::TT,disk,15,-0.6
RE2,L2,e_diagnosis,tracerca,RE2::TT,loss,15,-0.5333333333333333
RE2,L2,e_diagnosis,tracerca,RE2::TT,mem,15,-0.3333333333333333
RE2,L2,e_diagnosis,tracerca,RE2::TT,socket,15,-0.4
RE2,L2,max_z,microrank,RE2::OB,cpu,15,0.7333333333333333
RE2,L2,max_z,microrank,RE2::OB,delay,15,0.6666666666666666
RE2,L2,max_z,microrank,RE2::OB,disk,15,0.8666666666666667
RE2,L2,max_z,microrank,RE2::OB,loss,15,0.6666666666666666
RE2,L2,max_z,microrank,RE2::OB,mem,15,0.9333333333333333
RE2,L2,max_z,microrank,RE2::OB,socket,15,0.8
RE2,L2,max_z,microrank,RE2::TT,cpu,15,0.3333333333333333
RE2,L2,max_z,microrank,RE2::TT,delay,15,0.2
RE2,L2,max_z,microrank,RE2::TT,disk,15,0.6
RE2,L2,max_z,microrank,RE2::TT,loss,15,0.0
RE2,L2,max_z,microrank,RE2::TT,mem,15,0.4666666666666667
RE2,L2,max_z,microrank,RE2::TT,socket,15,0.13333333333333333
RE2,L2,max_z,mmbaro,RE2::OB,cpu,15,0.7333333333333333
RE2,L2,max_z,mmbaro,RE2::OB,delay,15,0.6666666666666666
RE2,L2,max_z,mmbaro,RE2::OB,disk,15,0.8
RE2,L2,max_z,mmbaro,RE2::OB,loss,15,0.2
RE2,L2,max_z,mmbaro,RE2::OB,mem,15,0.4666666666666667
RE2,L2,max_z,mmbaro,RE2::OB,socket,15,0.8
RE2,L2,max_z,mmbaro,RE2::SS,cpu,15,0.9333333333333333
RE2,L2,max_z,mmbaro,RE2::SS,delay,15,0.6666666666666666
RE2,L2,max_z,mmbaro,RE2::SS,disk,15,0.9333333333333333
RE2,L2,max_z,mmbaro,RE2::SS,loss,15,0.6
RE2,L2,max_z,mmbaro,RE2::SS,mem,15,0.7333333333333333
RE2,L2,max_z,mmbaro,RE2::SS,socket,15,0.8
RE2,L2,max_z,mmbaro,RE2::TT,cpu,15,0.06666666666666667
RE2,L2,max_z,mmbaro,RE2::TT,delay,15,-0.2
RE2,L2,max_z,mmbaro,RE2::TT,disk,15,-0.4
RE2,L2,max_z,mmbaro,RE2::TT,loss,15,-0.5333333333333333
RE2,L2,max_z,mmbaro,RE2::TT,mem,15,-0.3333333333333333
RE2,L2,max_z,mmbaro,RE2::TT,socket,15,-0.26666666666666666
RE2,L2,max_z,simplerca_author,RE2::OB,cpu,15,0.2
RE2,L2,max_z,simplerca_author,RE2::OB,delay,15,0.4666666666666667
RE2,L2,max_z,simplerca_author,RE2::OB,disk,15,0.3333333333333333
RE2,L2,max_z,simplerca_author,RE2::OB,loss,15,0.0
RE2,L2,max_z,simplerca_author,RE2::OB,mem,15,0.3333333333333333
RE2,L2,max_z,simplerca_author,RE2::OB,socket,15,0.5333333333333333
RE2,L2,max_z,simplerca_author,RE2::SS,cpu,15,0.9333333333333333
RE2,L2,max_z,simplerca_author,RE2::SS,delay,15,0.6666666666666666
RE2,L2,max_z,simplerca_author,RE2::SS,disk,15,0.2
RE2,L2,max_z,simplerca_author,RE2::SS,loss,15,0.4
RE2,L2,max_z,simplerca_author,RE2::SS,mem,15,0.6
RE2,L2,max_z,simplerca_author,RE2::SS,socket,15,0.8
RE2,L2,max_z,simplerca_author,RE2::TT,cpu,15,-0.3333333333333333
RE2,L2,max_z,simplerca_author,RE2::TT,delay,15,-0.4
RE2,L2,max_z,simplerca_author,RE2::TT,disk,15,-0.3333333333333333
RE2,L2,max_z,simplerca_author,RE2::TT,loss,15,-0.4666666666666667
RE2,L2,max_z,simplerca_author,RE2::TT,mem,15,-0.4
RE2,L2,max_z,simplerca_author,RE2::TT,socket,15,-0.4
RE2,L2,max_z,tracerca,RE2::OB,cpu,15,0.6666666666666666
RE2,L2,max_z,tracerca,RE2::OB,delay,15,0.4666666666666667
RE2,L2,max_z,tracerca,RE2::OB,disk,15,0.6666666666666666
RE2,L2,max_z,tracerca,RE2::OB,loss,15,0.6
RE2,L2,max_z,tracerca,RE2::OB,mem,15,0.9333333333333333
RE2,L2,max_z,tracerca,RE2::OB,socket,15,0.7333333333333333
RE2,L2,max_z,tracerca,RE2::TT,cpu,15,-0.06666666666666667
RE2,L2,max_z,tracerca,RE2::TT,delay,15,-0.4666666666666667
RE2,L2,max_z,tracerca,RE2::TT,disk,15,0.0
RE2,L2,max_z,tracerca,RE2::TT,loss,15,-0.4
RE2,L2,max_z,tracerca,RE2::TT,mem,15,0.26666666666666666
RE2,L2,max_z,tracerca,RE2::TT,socket,15,-0.06666666666666667
RE2,L2,microrank,mmbaro,RE2::OB,cpu,15,0.0
RE2,L2,microrank,mmbaro,RE2::OB,delay,15,0.0
RE2,L2,microrank,mmbaro,RE2::OB,disk,15,-0.06666666666666667
RE2,L2,microrank,mmbaro,RE2::OB,loss,15,-0.4666666666666667
RE2,L2,microrank,mmbaro,RE2::OB,mem,15,-0.4666666666666667
RE2,L2,microrank,mmbaro,RE2::OB,socket,15,0.0
RE2,L2,microrank,mmbaro,RE2::TT,cpu,15,-0.26666666666666666
RE2,L2,microrank,mmbaro,RE2::TT,delay,15,-0.4
RE2,L2,microrank,mmbaro,RE2::TT,disk,15,-1.0
RE2,L2,microrank,mmbaro,RE2::TT,loss,15,-0.5333333333333333
RE2,L2,microrank,mmbaro,RE2::TT,mem,15,-0.8
RE2,L2,microrank,mmbaro,RE2::TT,socket,15,-0.4
RE2,L2,microrank,simplerca_author,RE2::OB,cpu,15,-0.5333333333333333
RE2,L2,microrank,simplerca_author,RE2::OB,delay,15,-0.2
RE2,L2,microrank,simplerca_author,RE2::OB,disk,15,-0.5333333333333333
RE2,L2,microrank,simplerca_author,RE2::OB,loss,15,-0.6666666666666666
RE2,L2,microrank,simplerca_author,RE2::OB,mem,15,-0.6
RE2,L2,microrank,simplerca_author,RE2::OB,socket,15,-0.26666666666666666
RE2,L2,microrank,simplerca_author,RE2::TT,cpu,15,-0.6666666666666666
RE2,L2,microrank,simplerca_author,RE2::TT,delay,15,-0.6
RE2,L2,microrank,simplerca_author,RE2::TT,disk,15,-0.9333333333333333
RE2,L2,microrank,simplerca_author,RE2::TT,loss,15,-0.4666666666666667
RE2,L2,microrank,simplerca_author,RE2::TT,mem,15,-0.8666666666666667
RE2,L2,microrank,simplerca_author,RE2::TT,socket,15,-0.5333333333333333
RE2,L2,microrank,tracerca,RE2::OB,cpu,15,-0.06666666666666667
RE2,L2,microrank,tracerca,RE2::OB,delay,15,-0.2
RE2,L2,microrank,tracerca,RE2::OB,disk,15,-0.2
RE2,L2,microrank,tracerca,RE2::OB,loss,15,-0.06666666666666667
RE2,L2,microrank,tracerca,RE2::OB,mem,15,0.0
RE2,L2,microrank,tracerca,RE2::OB,socket,15,-0.06666666666666667
RE2,L2,microrank,tracerca,RE2::TT,cpu,15,-0.4
RE2,L2,microrank,tracerca,RE2::TT,delay,15,-0.6666666666666666
RE2,L2,microrank,tracerca,RE2::TT,disk,15,-0.6
RE2,L2,microrank,tracerca,RE2::TT,loss,15,-0.4
RE2,L2,microrank,tracerca,RE2::TT,mem,15,-0.2
RE2,L2,microrank,tracerca,RE2::TT,socket,15,-0.2
RE2,L2,mmbaro,simplerca_author,RE2::OB,cpu,15,-0.5333333333333333
RE2,L2,mmbaro,simplerca_author,RE2::OB,delay,15,-0.2
RE2,L2,mmbaro,simplerca_author,RE2::OB,disk,15,-0.4666666666666667
RE2,L2,mmbaro,simplerca_author,RE2::OB,loss,15,-0.2
RE2,L2,mmbaro,simplerca_author,RE2::OB,mem,15,-0.13333333333333333
RE2,L2,mmbaro,simplerca_author,RE2::OB,socket,15,-0.26666666666666666
RE2,L2,mmbaro,simplerca_author,RE2::SS,cpu,15,0.0
RE2,L2,mmbaro,simplerca_author,RE2::SS,delay,15,0.0
RE2,L2,mmbaro,simplerca_author,RE2::SS,disk,15,-0.7333333333333333
RE2,L2,mmbaro,simplerca_author,RE2::SS,loss,15,-0.2
RE2,L2,mmbaro,simplerca_author,RE2::SS,mem,15,-0.13333333333333333
RE2,L2,mmbaro,simplerca_author,RE2::SS,socket,15,0.0
RE2,L2,mmbaro,simplerca_author,RE2::TT,cpu,15,-0.4
RE2,L2,mmbaro,simplerca_author,RE2::TT,delay,15,-0.2
RE2,L2,mmbaro,simplerca_author,RE2::TT,disk,15,0.06666666666666667
RE2,L2,mmbaro,simplerca_author,RE2::TT,loss,15,0.06666666666666667
RE2,L2,mmbaro,simplerca_author,RE2::TT,mem,15,-0.06666666666666667
RE2,L2,mmbaro,simplerca_author,RE2::TT,socket,15,-0.13333333333333333
RE2,L2,mmbaro,tracerca,RE2::OB,cpu,15,-0.06666666666666667
RE2,L2,mmbaro,tracerca,RE2::OB,delay,15,-0.2
RE2,L2,mmbaro,tracerca,RE2::OB,disk,15,-0.13333333333333333
RE2,L2,mmbaro,tracerca,RE2::OB,loss,15,0.4
RE2,L2,mmbaro,tracerca,RE2::OB,mem,15,0.4666666666666667
RE2,L2,mmbaro,tracerca,RE2::OB,socket,15,-0.06666666666666667
RE2,L2,mmbaro,tracerca,RE2::TT,cpu,15,-0.13333333333333333
RE2,L2,mmbaro,tracerca,RE2::TT,delay,15,-0.26666666666666666
RE2,L2,mmbaro,tracerca,RE2::TT,disk,15,0.4
RE2,L2,mmbaro,tracerca,RE2::TT,loss,15,0.13333333333333333
RE2,L2,mmbaro,tracerca,RE2::TT,mem,15,0.6
RE2,L2,mmbaro,tracerca,RE2::TT,socket,15,0.2
RE2,L2,simplerca_author,tracerca,RE2::OB,cpu,15,0.4666666666666667
RE2,L2,simplerca_author,tracerca,RE2::OB,delay,15,0.0
RE2,L2,simplerca_author,tracerca,RE2::OB,disk,15,0.3333333333333333
RE2,L2,simplerca_author,tracerca,RE2::OB,loss,15,0.6
RE2,L2,simplerca_author,tracerca,RE2::OB,mem,15,0.6
RE2,L2,simplerca_author,tracerca,RE2::OB,socket,15,0.2
RE2,L2,simplerca_author,tracerca,RE2::TT,cpu,15,0.26666666666666666
RE2,L2,simplerca_author,tracerca,RE2::TT,delay,15,-0.06666666666666667
RE2,L2,simplerca_author,tracerca,RE2::TT,disk,15,0.3333333333333333
RE2,L2,simplerca_author,tracerca,RE2::TT,loss,15,0.06666666666666667
RE2,L2,simplerca_author,tracerca,RE2::TT,mem,15,0.6666666666666666
RE2,L2,simplerca_author,tracerca,RE2::TT,socket,15,0.3333333333333333
openrca,L1,baro,e_diagnosis,openrca::bank,cpu,36,0.09944444444444445
openrca,L1,baro,e_diagnosis,openrca::bank,disk,24,0.48625
openrca,L1,baro,e_diagnosis,openrca::bank,memory,17,0.0
openrca,L1,baro,e_diagnosis,openrca::bank,network,59,0.029491525423728814
openrca,L1,baro,e_diagnosis,openrca::mkt1,cpu,13,-0.07076923076923078
openrca,L1,baro,e_diagnosis,openrca::mkt1,disk,24,0.03833333333333334
openrca,L1,baro,e_diagnosis,openrca::mkt1,memory,12,0.06916666666666667
openrca,L1,baro,e_diagnosis,openrca::mkt1,network,17,0.058823529411764705
openrca,L1,baro,e_diagnosis,openrca::mkt1,other,4,-0.125
openrca,L1,baro,e_diagnosis,openrca::mkt2,cpu,13,0.10923076923076923
openrca,L1,baro,e_diagnosis,openrca::mkt2,disk,27,0.03407407407407407
openrca,L1,baro,e_diagnosis,openrca::mkt2,memory,10,0.2
openrca,L1,baro,e_diagnosis,openrca::mkt2,network,25,0.01
openrca,L1,baro,e_diagnosis,openrca::mkt2,other,3,0.08333333333333333
openrca,L1,baro,e_diagnosis,openrca::tel,cpu,19,0.3678947368421053
openrca,L1,baro,e_diagnosis,openrca::tel,network,20,0.0
openrca,L1,baro,e_diagnosis,openrca::tel,other,12,0.0
openrca,L1,baro,rcd,openrca::bank,cpu,36,0.06305555555555556
openrca,L1,baro,rcd,openrca::bank,disk,24,0.27805555555555556
openrca,L1,baro,rcd,openrca::bank,memory,17,-0.04411764705882352
openrca,L1,baro,rcd,openrca::bank,network,59,0.025706214689265535
openrca,L1,baro,rcd,openrca::mkt1,cpu,13,0.0020512820512820517
openrca,L1,baro,rcd,openrca::mkt1,disk,24,0.03833333333333334
openrca,L1,baro,rcd,openrca::mkt1,memory,12,-0.07
openrca,L1,baro,rcd,openrca::mkt1,network,17,0.019607843137254905
openrca,L1,baro,rcd,openrca::mkt1,other,4,0.0
openrca,L1,baro,rcd,openrca::mkt2,cpu,13,0.21153846153846154
openrca,L1,baro,rcd,openrca::mkt2,disk,27,0.015432098765432101
openrca,L1,baro,rcd,openrca::mkt2,memory,10,0.008333333333333337
openrca,L1,baro,rcd,openrca::mkt2,network,25,-0.013333333333333332
openrca,L1,baro,rcd,openrca::mkt2,other,3,0.05555555555555556
openrca,L1,baro,rcd,openrca::tel,cpu,19,0.029122807017543866
openrca,L1,baro,rcd,openrca::tel,network,20,-0.041666666666666664
openrca,L1,baro,rcd,openrca::tel,other,12,-0.018611111111111113
openrca,L1,e_diagnosis,rcd,openrca::bank,cpu,36,-0.03638888888888889
openrca,L1,e_diagnosis,rcd,openrca::bank,disk,24,-0.20819444444444446
openrca,L1,e_diagnosis,rcd,openrca::bank,memory,17,-0.044117647058823525
openrca,L1,e_diagnosis,rcd,openrca::bank,network,59,-0.0037853107344632767
openrca,L1,e_diagnosis,rcd,openrca::mkt1,cpu,13,0.07282051282051283
openrca,L1,e_diagnosis,rcd,openrca::mkt1,disk,24,5.782411586589357e-19
openrca,L1,e_diagnosis,rcd,openrca::mkt1,memory,12,-0.13916666666666666
openrca,L1,e_diagnosis,rcd,openrca::mkt1,network,17,-0.03921568627450981
openrca,L1,e_diagnosis,rcd,openrca::mkt1,other,4,0.125
openrca,L1,e_diagnosis,rcd,openrca::mkt2,cpu,13,0.10230769230769231
openrca,L1,e_diagnosis,rcd,openrca::mkt2,disk,27,-0.01864197530864197
openrca,L1,e_diagnosis,rcd,openrca::mkt2,memory,10,-0.19166666666666668
openrca,L1,e_diagnosis,rcd,openrca::mkt2,network,25,-0.02333333333333333
openrca,L1,e_diagnosis,rcd,openrca::mkt2,other,3,-0.027777777777777773
openrca,L1,e_diagnosis,rcd,openrca::tel,cpu,19,-0.3387719298245614
openrca,L1,e_diagnosis,rcd,openrca::tel,network,20,-0.041666666666666664
openrca,L1,e_diagnosis,rcd,openrca::tel,other,12,-0.018611111111111113
openrca,L2,alertcount,baro,openrca::bank,cpu,36,0.027777777777777776
openrca,L2,alertcount,baro,openrca::bank,disk,24,-0.11458333333333333
openrca,L2,alertcount,baro,openrca::bank,memory,17,0.08823529411764706
openrca,L2,alertcount,baro,openrca::bank,network,59,0.0311864406779661
openrca,L2,alertcount,baro,openrca::mkt1,cpu,13,0.19846153846153847
openrca,L2,alertcount,baro,openrca::mkt1,disk,24,0.10416666666666667
openrca,L2,alertcount,baro,openrca::mkt1,memory,12,0.041666666666666664
openrca,L2,alertcount,baro,openrca::mkt1,network,17,-0.029411764705882353
openrca,L2,alertcount,baro,openrca::mkt1,other,4,0.25
openrca,L2,alertcount,baro,openrca::mkt2,cpu,13,0.09615384615384616
openrca,L2,alertcount,baro,openrca::mkt2,disk,27,0.23444444444444446
openrca,L2,alertcount,baro,openrca::mkt2,memory,10,0.0
openrca,L2,alertcount,baro,openrca::mkt2,network,25,0.0
openrca,L2,alertcount,baro,openrca::mkt2,other,3,-0.16666666666666666
openrca,L2,alertcount,baro,openrca::tel,cpu,19,0.017894736842105265
openrca,L2,alertcount,baro,openrca::tel,network,20,-0.025
openrca,L2,alertcount,baro,openrca::tel,other,12,0.26333333333333336
openrca,L2,alertcount,cd1min,openrca::bank,cpu,36,-0.053611111111111116
openrca,L2,alertcount,cd1min,openrca::bank,disk,24,0.08708333333333333
openrca,L2,alertcount,cd1min,openrca::bank,memory,17,0.07352941176470588
openrca,L2,alertcount,cd1min,openrca::bank,network,59,-0.007118644067796612
openrca,L2,alertcount,cd1min,openrca::mkt1,cpu,13,0.15307692307692308
openrca,L2,alertcount,cd1min,openrca::mkt1,disk,24,-0.041666666666666664
openrca,L2,alertcount,cd1min,openrca::mkt1,memory,12,-0.19499999999999998
openrca,L2,alertcount,cd1min,openrca::mkt1,network,17,-0.04882352941176471
openrca,L2,alertcount,cd1min,openrca::mkt1,other,4,0.25
openrca,L2,alertcount,cd1min,openrca::mkt2,cpu,13,0.019230769230769232
openrca,L2,alertcount,cd1min,openrca::mkt2,disk,27,0.16037037037037039
openrca,L2,alertcount,cd1min,openrca::mkt2,memory,10,-0.275
openrca,L2,alertcount,cd1min,openrca::mkt2,network,25,-0.04
openrca,L2,alertcount,cd1min,openrca::mkt2,other,3,-0.16666666666666666
openrca,L2,alertcount,cd1min,openrca::tel,cpu,19,0.2984210526315789
openrca,L2,alertcount,cd1min,openrca::tel,network,20,-0.14150000000000001
openrca,L2,alertcount,cd1min,openrca::tel,other,12,0.09666666666666668
openrca,L2,alertcount,e_diagnosis,openrca::bank,cpu,36,0.12722222222222224
openrca,L2,alertcount,e_diagnosis,openrca::bank,disk,24,0.37166666666666665
openrca,L2,alertcount,e_diagnosis,openrca::bank,memory,17,0.08823529411764706
openrca,L2,alertcount,e_diagnosis,openrca::bank,network,59,0.060677966101694916
openrca,L2,alertcount,e_diagnosis,openrca::mkt1,cpu,13,0.1276923076923077
openrca,L2,alertcount,e_diagnosis,openrca::mkt1,disk,24,0.1425
openrca,L2,alertcount,e_diagnosis,openrca::mkt1,memory,12,0.11083333333333334
openrca,L2,alertcount,e_diagnosis,openrca::mkt1,network,17,0.029411764705882353
openrca,L2,alertcount,e_diagnosis,openrca::mkt1,other,4,0.125
openrca,L2,alertcount,e_diagnosis,openrca::mkt2,cpu,13,0.2053846153846154
openrca,L2,alertcount,e_diagnosis,openrca::mkt2,disk,27,0.26851851851851855
openrca,L2,alertcount,e_diagnosis,openrca::mkt2,memory,10,0.2
openrca,L2,alertcount,e_diagnosis,openrca::mkt2,network,25,0.01
openrca,L2,alertcount,e_diagnosis,openrca::mkt2,other,3,-0.08333333333333333
openrca,L2,alertcount,e_diagnosis,openrca::tel,cpu,19,0.3857894736842105
openrca,L2,alertcount,e_diagnosis,openrca::tel,network,20,-0.025
openrca,L2,alertcount,e_diagnosis,openrca::tel,other,12,0.26333333333333336
openrca,L2,alertcount,max_z,openrca::bank,cpu,36,0.05527777777777778
openrca,L2,alertcount,max_z,openrca::bank,disk,24,0.09708333333333334
openrca,L2,alertcount,max_z,openrca::bank,memory,17,0.07352941176470588
openrca,L2,alertcount,max_z,openrca::bank,network,59,0.00983050847457627
openrca,L2,alertcount,max_z,openrca::mkt1,cpu,13,-0.07076923076923078
openrca,L2,alertcount,max_z,openrca::mkt1,disk,24,-0.010416666666666666
openrca,L2,alertcount,max_z,openrca::mkt1,memory,12,-0.041666666666666664
openrca,L2,alertcount,max_z,openrca::mkt1,network,17,0.0
openrca,L2,alertcount,max_z,openrca::mkt1,other,4,0.125
openrca,L2,alertcount,max_z,openrca::mkt2,cpu,13,0.0
openrca,L2,alertcount,max_z,openrca::mkt2,disk,27,0.0
openrca,L2,alertcount,max_z,openrca::mkt2,memory,10,0.025
openrca,L2,alertcount,max_z,openrca::mkt2,network,25,-0.02
openrca,L2,alertcount,max_z,openrca::mkt2,other,3,0.0
openrca,L2,alertcount,max_z,openrca::tel,cpu,19,0.12315789473684209
openrca,L2,alertcount,max_z,openrca::tel,network,20,-0.125
openrca,L2,alertcount,max_z,openrca::tel,other,12,0.055
openrca,L2,alertcount,rcd,openrca::bank,cpu,36,0.09083333333333334
openrca,L2,alertcount,rcd,openrca::bank,disk,24,0.1634722222222222
openrca,L2,alertcount,rcd,openrca::bank,memory,17,0.044117647058823546
openrca,L2,alertcount,rcd,openrca::bank,network,59,0.056892655367231634
openrca,L2,alertcount,rcd,openrca::mkt1,cpu,13,0.2005128205128205
openrca,L2,alertcount,rcd,openrca::mkt1,disk,24,0.1425
openrca,L2,alertcount,rcd,openrca::mkt1,memory,12,-0.028333333333333335
openrca,L2,alertcount,rcd,openrca::mkt1,network,17,-0.00980392156862745
openrca,L2,alertcount,rcd,openrca::mkt1,other,4,0.25
openrca,L2,alertcount,rcd,openrca::mkt2,cpu,13,0.3076923076923077
openrca,L2,alertcount,rcd,openrca::mkt2,disk,27,0.24987654320987657
openrca,L2,alertcount,rcd,openrca::mkt2,memory,10,0.008333333333333337
openrca,L2,alertcount,rcd,openrca::mkt2,network,25,-0.013333333333333332
openrca,L2,alertcount,rcd,openrca::mkt2,other,3,-0.1111111111111111
openrca,L2,alertcount,rcd,openrca::tel,cpu,19,0.04701754385964913
openrca,L2,alertcount,rcd,openrca::tel,network,20,-0.06666666666666667
openrca,L2,alertcount,rcd,openrca::tel,other,12,0.2447222222222222
openrca,L2,baro,cd1min,openrca::bank,cpu,36,-0.0813888888888889
openrca,L2,baro,cd1min,openrca::bank,disk,24,0.20166666666666666
openrca,L2,baro,cd1min,openrca::bank,memory,17,-0.014705882352941176
openrca,L2,baro,cd1min,openrca::bank,network,59,-0.03830508474576271
openrca,L2,baro,cd1min,openrca::mkt1,cpu,13,-0.045384615384615384
openrca,L2,baro,cd1min,openrca::mkt1,disk,24,-0.14583333333333334
openrca,L2,baro,cd1min,openrca::mkt1,memory,12,-0.23666666666666666
openrca,L2,baro,cd1min,openrca::mkt1,network,17,-0.019411764705882354
openrca,L2,baro,cd1min,openrca::mkt1,other,4,0.0
openrca,L2,baro,cd1min,openrca::mkt2,cpu,13,-0.07692307692307693
openrca,L2,baro,cd1min,openrca::mkt2,disk,27,-0.07407407407407407
openrca,L2,baro,cd1min,openrca::mkt2,memory,10,-0.275
openrca,L2,baro,cd1min,openrca::mkt2,network,25,-0.04
openrca,L2,baro,cd1min,openrca::mkt2,other,3,0.0
openrca,L2,baro,cd1min,openrca::tel,cpu,19,0.2805263157894737
openrca,L2,baro,cd1min,openrca::tel,network,20,-0.1165
openrca,L2,baro,cd1min,openrca::tel,other,12,-0.16666666666666666
openrca,L2,baro,e_diagnosis,openrca::bank,cpu,36,0.09944444444444445
openrca,L2,baro,e_diagnosis,openrca::bank,disk,24,0.48625
openrca,L2,baro,e_diagnosis,openrca::bank,memory,17,0.0
openrca,L2,baro,e_diagnosis,openrca::bank,network,59,0.029491525423728814
openrca,L2,baro,e_diagnosis,openrca::mkt1,cpu,13,-0.07076923076923078
openrca,L2,baro,e_diagnosis,openrca::mkt1,disk,24,0.03833333333333334
openrca,L2,baro,e_diagnosis,openrca::mkt1,memory,12,0.06916666666666667
openrca,L2,baro,e_diagnosis,openrca::mkt1,network,17,0.058823529411764705
openrca,L2,baro,e_diagnosis,openrca::mkt1,other,4,-0.125
openrca,L2,baro,e_diagnosis,openrca::mkt2,cpu,13,0.10923076923076923
openrca,L2,baro,e_diagnosis,openrca::mkt2,disk,27,0.03407407407407407
openrca,L2,baro,e_diagnosis,openrca::mkt2,memory,10,0.2
openrca,L2,baro,e_diagnosis,openrca::mkt2,network,25,0.01
openrca,L2,baro,e_diagnosis,openrca::mkt2,other,3,0.08333333333333333
openrca,L2,baro,e_diagnosis,openrca::tel,cpu,19,0.3678947368421053
openrca,L2,baro,e_diagnosis,openrca::tel,network,20,0.0
openrca,L2,baro,e_diagnosis,openrca::tel,other,12,0.0
openrca,L2,baro,max_z,openrca::bank,cpu,36,0.0275
openrca,L2,baro,max_z,openrca::bank,disk,24,0.21166666666666667
openrca,L2,baro,max_z,openrca::bank,memory,17,-0.014705882352941176
openrca,L2,baro,max_z,openrca::bank,network,59,-0.02135593220338983
openrca,L2,baro,max_z,openrca::mkt1,cpu,13,-0.2692307692307692
openrca,L2,baro,max_z,openrca::mkt1,disk,24,-0.11458333333333333
openrca,L2,baro,max_z,openrca::mkt1,memory,12,-0.08333333333333333
openrca,L2,baro,max_z,openrca::mkt1,network,17,0.029411764705882353
openrca,L2,baro,max_z,openrca::mkt1,other,4,-0.125
openrca,L2,baro,max_z,openrca::mkt2,cpu,13,-0.09615384615384616
openrca,L2,baro,max_z,openrca::mkt2,disk,27,-0.23444444444444446
openrca,L2,baro,max_z,openrca::mkt2,memory,10,0.025
openrca,L2,baro,max_z,openrca::mkt2,network,25,-0.02
openrca,L2,baro,max_z,openrca::mkt2,other,3,0.16666666666666666
openrca,L2,baro,max_z,openrca::tel,cpu,19,0.10526315789473684
openrca,L2,baro,max_z,openrca::tel,network,20,-0.1
openrca,L2,baro,max_z,openrca::tel,other,12,-0.20833333333333334
openrca,L2,baro,rcd,openrca::bank,cpu,36,0.06305555555555556
openrca,L2,baro,rcd,openrca::bank,disk,24,0.27805555555555556
openrca,L2,baro,rcd,openrca::bank,memory,17,-0.04411764705882352
openrca,L2,baro,rcd,openrca::bank,network,59,0.025706214689265535
openrca,L2,baro,rcd,openrca::mkt1,cpu,13,0.0020512820512820517
openrca,L2,baro,rcd,openrca::mkt1,disk,24,0.03833333333333334
openrca,L2,baro,rcd,openrca::mkt1,memory,12,-0.07
openrca,L2,baro,rcd,openrca::mkt1,network,17,0.019607843137254905
openrca,L2,baro,rcd,openrca::mkt1,other,4,0.0
openrca,L2,baro,rcd,openrca::mkt2,cpu,13,0.21153846153846154
openrca,L2,baro,rcd,openrca::mkt2,disk,27,0.015432098765432101
openrca,L2,baro,rcd,openrca::mkt2,memory,10,0.008333333333333337
openrca,L2,baro,rcd,openrca::mkt2,network,25,-0.013333333333333332
openrca,L2,baro,rcd,openrca::mkt2,other,3,0.05555555555555556
openrca,L2,baro,rcd,openrca::tel,cpu,19,0.029122807017543866
openrca,L2,baro,rcd,openrca::tel,network,20,-0.041666666666666664
openrca,L2,baro,rcd,openrca::tel,other,12,-0.018611111111111113
openrca,L2,cd1min,e_diagnosis,openrca::bank,cpu,36,0.18083333333333332
openrca,L2,cd1min,e_diagnosis,openrca::bank,disk,24,0.28458333333333335
openrca,L2,cd1min,e_diagnosis,openrca::bank,memory,17,0.014705882352941176
openrca,L2,cd1min,e_diagnosis,openrca::bank,network,59,0.06779661016949153
openrca,L2,cd1min,e_diagnosis,openrca::mkt1,cpu,13,-0.025384615384615387
openrca,L2,cd1min,e_diagnosis,openrca::mkt1,disk,24,0.18416666666666667
openrca,L2,cd1min,e_diagnosis,openrca::mkt1,memory,12,0.30583333333333335
openrca,L2,cd1min,e_diagnosis,openrca::mkt1,network,17,0.07823529411764707
openrca,L2,cd1min,e_diagnosis,openrca::mkt1,other,4,-0.125
openrca,L2,cd1min,e_diagnosis,openrca::mkt2,cpu,13,0.18615384615384614
openrca,L2,cd1min,e_diagnosis,openrca::mkt2,disk,27,0.10814814814814815
openrca,L2,cd1min,e_diagnosis,openrca::mkt2,memory,10,0.475
openrca,L2,cd1min,e_diagnosis,openrca::mkt2,network,25,0.05
openrca,L2,cd1min,e_diagnosis,openrca::mkt2,other,3,0.08333333333333333
openrca,L2,cd1min,e_diagnosis,openrca::tel,cpu,19,0.08736842105263158
openrca,L2,cd1min,e_diagnosis,openrca::tel,network,20,0.1165
openrca,L2,cd1min,e_diagnosis,openrca::tel,other,12,0.16666666666666666
openrca,L2,cd1min,max_z,openrca::bank,cpu,36,0.10888888888888888
openrca,L2,cd1min,max_z,openrca::bank,disk,24,0.01
openrca,L2,cd1min,max_z,openrca::bank,memory,17,0.0
openrca,L2,cd1min,max_z,openrca::bank,network,59,0.01694915254237288
openrca,L2,cd1min,max_z,openrca::mkt1,cpu,13,-0.22384615384615386
openrca,L2,cd1min,max_z,openrca::mkt1,disk,24,0.03125
openrca,L2,cd1min,max_z,openrca::mkt1,memory,12,0.15333333333333335
openrca,L2,cd1min,max_z,openrca::mkt1,network,17,0.04882352941176471
openrca,L2,cd1min,max_z,openrca::mkt1,other,4,-0.125
openrca,L2,cd1min,max_z,openrca::mkt2,cpu,13,-0.019230769230769232
openrca,L2,cd1min,max_z,openrca::mkt2,disk,27,-0.16037037037037039
openrca,L2,cd1min,max_z,openrca::mkt2,memory,10,0.3
openrca,L2,cd1min,max_z,openrca::mkt2,network,25,0.02
openrca,L2,cd1min,max_z,openrca::mkt2,other,3,0.16666666666666666
openrca,L2,cd1min,max_z,openrca::tel,cpu,19,-0.17526315789473684
openrca,L2,cd1min,max_z,openrca::tel,network,20,0.0165
openrca,L2,cd1min,max_z,openrca::tel,other,12,-0.041666666666666664
openrca,L2,cd1min,rcd,openrca::bank,cpu,36,0.14444444444444446
openrca,L2,cd1min,rcd,openrca::bank,disk,24,0.0763888888888889
openrca,L2,cd1min,rcd,openrca::bank,memory,17,-0.029411764705882346
openrca,L2,cd1min,rcd,openrca::bank,network,59,0.06401129943502826
openrca,L2,cd1min,rcd,openrca::mkt1,cpu,13,0.04743589743589744
openrca,L2,cd1min,rcd,openrca::mkt1,disk,24,0.18416666666666667
openrca,L2,cd1min,rcd,openrca::mkt1,memory,12,0.16666666666666666
openrca,L2,cd1min,rcd,openrca::mkt1,network,17,0.03901960784313725
openrca,L2,cd1min,rcd,openrca::mkt1,other,4,0.0
openrca,L2,cd1min,rcd,openrca::mkt2,cpu,13,0.28846153846153844
openrca,L2,cd1min,rcd,openrca::mkt2,disk,27,0.08950617283950618
openrca,L2,cd1min,rcd,openrca::mkt2,memory,10,0.2833333333333333
openrca,L2,cd1min,rcd,openrca::mkt2,network,25,0.02666666666666667
openrca,L2,cd1min,rcd,openrca::mkt2,other,3,0.05555555555555556
openrca,L2,cd1min,rcd,openrca::tel,cpu,19,-0.2514035087719298
openrca,L2,cd1min,rcd,openrca::tel,network,20,0.07483333333333334
openrca,L2,cd1min,rcd,openrca::tel,other,12,0.14805555555555555
openrca,L2,e_diagnosis,max_z,openrca::bank,cpu,36,-0.07194444444444444
openrca,L2,e_diagnosis,max_z,openrca::bank,disk,24,-0.27458333333333335
openrca,L2,e_diagnosis,max_z,openrca::bank,memory,17,-0.014705882352941176
openrca,L2,e_diagnosis,max_z,openrca::bank,network,59,-0.05084745762711865
openrca,L2,e_diagnosis,max_z,openrca::mkt1,cpu,13,-0.19846153846153847
openrca,L2,e_diagnosis,max_z,openrca::mkt1,disk,24,-0.15291666666666667
openrca,L2,e_diagnosis,max_z,openrca::mkt1,memory,12,-0.1525
openrca,L2,e_diagnosis,max_z,openrca::mkt1,network,17,-0.029411764705882353
openrca,L2,e_diagnosis,max_z,openrca::mkt1,other,4,0.0
openrca,L2,e_diagnosis,max_z,openrca::mkt2,cpu,13,-0.2053846153846154
openrca,L2,e_diagnosis,max_z,openrca::mkt2,disk,27,-0.26851851851851855
openrca,L2,e_diagnosis,max_z,openrca::mkt2,memory,10,-0.175
openrca,L2,e_diagnosis,max_z,openrca::mkt2,network,25,-0.03
openrca,L2,e_diagnosis,max_z,openrca::mkt2,other,3,0.08333333333333333
openrca,L2,e_diagnosis,max_z,openrca::tel,cpu,19,-0.26263157894736844
openrca,L2,e_diagnosis,max_z,openrca::tel,network,20,-0.1
openrca,L2,e_diagnosis,max_z,openrca::tel,other,12,-0.20833333333333334
openrca,L2,e_diagnosis,rcd,openrca::bank,cpu,36,-0.03638888888888889
openrca,L2,e_diagnosis,rcd,openrca::bank,disk,24,-0.20819444444444446
openrca,L2,e_diagnosis,rcd,openrca::bank,memory,17,-0.044117647058823525
openrca,L2,e_diagnosis,rcd,openrca::bank,network,59,-0.0037853107344632767
openrca,L2,e_diagnosis,rcd,openrca::mkt1,cpu,13,0.07282051282051283
openrca,L2,e_diagnosis,rcd,openrca::mkt1,disk,24,5.782411586589357e-19
openrca,L2,e_diagnosis,rcd,openrca::mkt1,memory,12,-0.13916666666666666
openrca,L2,e_diagnosis,rcd,openrca::mkt1,network,17,-0.03921568627450981
openrca,L2,e_diagnosis,rcd,openrca::mkt1,other,4,0.125
openrca,L2,e_diagnosis,rcd,openrca::mkt2,cpu,13,0.10230769230769231
openrca,L2,e_diagnosis,rcd,openrca::mkt2,disk,27,-0.01864197530864197
openrca,L2,e_diagnosis,rcd,openrca::mkt2,memory,10,-0.19166666666666668
openrca,L2,e_diagnosis,rcd,openrca::mkt2,network,25,-0.02333333333333333
openrca,L2,e_diagnosis,rcd,openrca::mkt2,other,3,-0.027777777777777773
openrca,L2,e_diagnosis,rcd,openrca::tel,cpu,19,-0.3387719298245614
openrca,L2,e_diagnosis,rcd,openrca::tel,network,20,-0.041666666666666664
openrca,L2,e_diagnosis,rcd,openrca::tel,other,12,-0.018611111111111113
openrca,L2,max_z,rcd,openrca::bank,cpu,36,0.035555555555555556
openrca,L2,max_z,rcd,openrca::bank,disk,24,0.06638888888888889
openrca,L2,max_z,rcd,openrca::bank,memory,17,-0.02941176470588234
openrca,L2,max_z,rcd,openrca::bank,network,59,0.04706214689265537
openrca,L2,max_z,rcd,openrca::mkt1,cpu,13,0.2712820512820513
openrca,L2,max_z,rcd,openrca::mkt1,disk,24,0.15291666666666667
openrca,L2,max_z,rcd,openrca::mkt1,memory,12,0.013333333333333336
openrca,L2,max_z,rcd,openrca::mkt1,network,17,-0.009803921568627453
openrca,L2,max_z,rcd,openrca::mkt1,other,4,0.125
openrca,L2,max_z,rcd,openrca::mkt2,cpu,13,0.3076923076923077
openrca,L2,max_z,rcd,openrca::mkt2,disk,27,0.24987654320987657
openrca,L2,max_z,rcd,openrca::mkt2,memory,10,-0.016666666666666663
openrca,L2,max_z,rcd,openrca::mkt2,network,25,0.006666666666666667
openrca,L2,max_z,rcd,openrca::mkt2,other,3,-0.1111111111111111
openrca,L2,max_z,rcd,openrca::tel,cpu,19,-0.07614035087719298
openrca,L2,max_z,rcd,openrca::tel,network,20,0.058333333333333334
openrca,L2,max_z,rcd,openrca::tel,other,12,0.18972222222222224
petshop,L1,baro,circa,petshop::high_traffic,availability,12,0.0
petshop,L1,baro,circa,petshop::high_traffic,latency,14,-0.21428571428571427
petshop,L1,baro,circa,petshop::low_traffic,availability,12,-0.16666666666666666
petshop,L1,baro,circa,petshop::low_traffic,latency,14,-0.2857142857142857
petshop,L1,baro,circa,petshop::temporal_traffic1,availability,4,-0.25
petshop,L1,baro,circa,petshop::temporal_traffic1,latency,4,-0.25
petshop,L1,baro,circa,petshop::temporal_traffic2,availability,4,-0.5
petshop,L1,baro,circa,petshop::temporal_traffic2,latency,4,-0.25
petshop,L1,baro,counterfactual_attribution,petshop::high_traffic,availability,12,0.0
petshop,L1,baro,counterfactual_attribution,petshop::high_traffic,latency,14,-0.2857142857142857
petshop,L1,baro,counterfactual_attribution,petshop::low_traffic,availability,12,0.25
petshop,L1,baro,counterfactual_attribution,petshop::low_traffic,latency,14,-0.21428571428571427
petshop,L1,baro,counterfactual_attribution,petshop::temporal_traffic1,availability,4,0.0
petshop,L1,baro,counterfactual_attribution,petshop::temporal_traffic1,latency,4,0.25
petshop,L1,baro,counterfactual_attribution,petshop::temporal_traffic2,availability,4,0.0
petshop,L1,baro,counterfactual_attribution,petshop::temporal_traffic2,latency,4,0.0
petshop,L1,baro,epsilon_diagnosis,petshop::high_traffic,availability,12,0.0
petshop,L1,baro,epsilon_diagnosis,petshop::high_traffic,latency,14,0.2857142857142857
petshop,L1,baro,epsilon_diagnosis,petshop::low_traffic,availability,12,0.25
petshop,L1,baro,epsilon_diagnosis,petshop::low_traffic,latency,14,0.07142857142857142
petshop,L1,baro,epsilon_diagnosis,petshop::temporal_traffic1,availability,4,0.0
petshop,L1,baro,epsilon_diagnosis,petshop::temporal_traffic1,latency,4,0.5
petshop,L1,baro,epsilon_diagnosis,petshop::temporal_traffic2,availability,4,0.0
petshop,L1,baro,epsilon_diagnosis,petshop::temporal_traffic2,latency,4,0.25
petshop,L1,baro,rcd,petshop::high_traffic,availability,12,0.0
petshop,L1,baro,rcd,petshop::high_traffic,latency,14,0.2857142857142857
petshop,L1,baro,rcd,petshop::low_traffic,availability,12,-0.4166666666666667
petshop,L1,baro,rcd,petshop::low_traffic,latency,14,0.0
petshop,L1,baro,rcd,petshop::temporal_traffic1,availability,4,-0.75
petshop,L1,baro,rcd,petshop::temporal_traffic1,latency,4,0.0
petshop,L1,baro,rcd,petshop::temporal_traffic2,availability,4,-0.5
petshop,L1,baro,rcd,petshop::temporal_traffic2,latency,4,0.25
petshop,L1,circa,counterfactual_attribution,petshop::high_traffic,availability,12,0.0
petshop,L1,circa,counterfactual_attribution,petshop::high_traffic,latency,14,-0.07142857142857142
petshop,L1,circa,counterfactual_attribution,petshop::low_traffic,availability,12,0.4166666666666667
petshop,L1,circa,counterfactual_attribution,petshop::low_traffic,latency,14,0.07142857142857142
petshop,L1,circa,counterfactual_attribution,petshop::temporal_traffic1,availability,4,0.25
petshop,L1,circa,counterfactual_attribution,petshop::temporal_traffic1,latency,4,0.5
petshop,L1,circa,counterfactual_attribution,petshop::temporal_traffic2,availability,4,0.5
petshop,L1,circa,counterfactual_attribution,petshop::temporal_traffic2,latency,4,0.25
petshop,L1,circa,epsilon_diagnosis,petshop::high_traffic,availability,12,0.0
petshop,L1,circa,epsilon_diagnosis,petshop::high_traffic,latency,14,0.5
petshop,L1,circa,epsilon_diagnosis,petshop::low_traffic,availability,12,0.4166666666666667
petshop,L1,circa,epsilon_diagnosis,petshop::low_traffic,latency,14,0.35714285714285715
petshop,L1,circa,epsilon_diagnosis,petshop::temporal_traffic1,availability,4,0.25
petshop,L1,circa,epsilon_diagnosis,petshop::temporal_traffic1,latency,4,0.75
petshop,L1,circa,epsilon_diagnosis,petshop::temporal_traffic2,availability,4,0.5
petshop,L1,circa,epsilon_diagnosis,petshop::temporal_traffic2,latency,4,0.5
petshop,L1,circa,rcd,petshop::high_traffic,availability,12,0.0
petshop,L1,circa,rcd,petshop::high_traffic,latency,14,0.5
petshop,L1,circa,rcd,petshop::low_traffic,availability,12,-0.25
petshop,L1,circa,rcd,petshop::low_traffic,latency,14,0.2857142857142857
petshop,L1,circa,rcd,petshop::temporal_traffic1,availability,4,-0.5
petshop,L1,circa,rcd,petshop::temporal_traffic1,latency,4,0.25
petshop,L1,circa,rcd,petshop::temporal_traffic2,availability,4,0.0
petshop,L1,circa,rcd,petshop::temporal_traffic2,latency,4,0.5
petshop,L1,counterfactual_attribution,epsilon_diagnosis,petshop::high_traffic,availability,12,0.0
petshop,L1,counterfactual_attribution,epsilon_diagnosis,petshop::high_traffic,latency,14,0.5714285714285714
petshop,L1,counterfactual_attribution,epsilon_diagnosis,petshop::low_traffic,availability,12,0.0
petshop,L1,counterfactual_attribution,epsilon_diagnosis,petshop::low_traffic,latency,14,0.2857142857142857
petshop,L1,counterfactual_attribution,epsilon_diagnosis,petshop::temporal_traffic1,availability,4,0.0
petshop,L1,counterfactual_attribution,epsilon_diagnosis,petshop::temporal_traffic1,latency,4,0.25
petshop,L1,counterfactual_attribution,epsilon_diagnosis,petshop::temporal_traffic2,availability,4,0.0
petshop,L1,counterfactual_attribution,epsilon_diagnosis,petshop::temporal_traffic2,latency,4,0.25
petshop,L1,counterfactual_attribution,rcd,petshop::high_traffic,availability,12,0.0
petshop,L1,counterfactual_attribution,rcd,petshop::high_traffic,latency,14,0.5714285714285714
petshop,L1,counterfactual_attribution,rcd,petshop::low_traffic,availability,12,-0.6666666666666666
petshop,L1,counterfactual_attribution,rcd,petshop::low_traffic,latency,14,0.21428571428571427
petshop,L1,counterfactual_attribution,rcd,petshop::temporal_traffic1,availability,4,-0.75
petshop,L1,counterfactual_attribution,rcd,petshop::temporal_traffic1,latency,4,-0.25
petshop,L1,counterfactual_attribution,rcd,petshop::temporal_traffic2,availability,4,-0.5
petshop,L1,counterfactual_attribution,rcd,petshop::temporal_traffic2,latency,4,0.25
petshop,L1,epsilon_diagnosis,rcd,petshop::high_traffic,availability,12,0.0
petshop,L1,epsilon_diagnosis,rcd,petshop::high_traffic,latency,14,0.0
petshop,L1,epsilon_diagnosis,rcd,petshop::low_traffic,availability,12,-0.6666666666666666
petshop,L1,epsilon_diagnosis,rcd,petshop::low_traffic,latency,14,-0.07142857142857142
petshop,L1,epsilon_diagnosis,rcd,petshop::temporal_traffic1,availability,4,-0.75
petshop,L1,epsilon_diagnosis,rcd,petshop::temporal_traffic1,latency,4,-0.5
petshop,L1,epsilon_diagnosis,rcd,petshop::temporal_traffic2,availability,4,-0.5
petshop,L1,epsilon_diagnosis,rcd,petshop::temporal_traffic2,latency,4,0.0
petshop,L2,alertcount,baro,petshop::high_traffic,availability,12,0.08333333333333333
petshop,L2,alertcount,baro,petshop::high_traffic,latency,14,-0.2857142857142857
petshop,L2,alertcount,baro,petshop::low_traffic,availability,12,-0.25
petshop,L2,alertcount,baro,petshop::low_traffic,latency,14,-0.07142857142857142
petshop,L2,alertcount,baro,petshop::temporal_traffic1,availability,4,0.0
petshop,L2,alertcount,baro,petshop::temporal_traffic1,latency,4,-0.5
petshop,L2,alertcount,baro,petshop::temporal_traffic2,availability,4,0.25
petshop,L2,alertcount,baro,petshop::temporal_traffic2,latency,4,-0.25
petshop,L2,alertcount,baseline,petshop::high_traffic,availability,12,-0.08333333333333333
petshop,L2,alertcount,baseline,petshop::high_traffic,latency,14,-0.5714285714285714
petshop,L2,alertcount,baseline,petshop::low_traffic,availability,12,-0.5833333333333334
petshop,L2,alertcount,baseline,petshop::low_traffic,latency,14,-0.5714285714285714
petshop,L2,alertcount,baseline,petshop::temporal_traffic1,availability,4,-0.25
petshop,L2,alertcount,baseline,petshop::temporal_traffic1,latency,4,-1.0
petshop,L2,alertcount,baseline,petshop::temporal_traffic2,availability,4,-0.5
petshop,L2,alertcount,baseline,petshop::temporal_traffic2,latency,4,-0.75
petshop,L2,alertcount,cd1min,petshop::high_traffic,availability,12,0.08333333333333333
petshop,L2,alertcount,cd1min,petshop::high_traffic,latency,14,0.0
petshop,L2,alertcount,cd1min,petshop::low_traffic,availability,12,-0.08333333333333333
petshop,L2,alertcount,cd1min,petshop::low_traffic,latency,14,0.0
petshop,L2,alertcount,cd1min,petshop::temporal_traffic1,availability,4,0.0
petshop,L2,alertcount,cd1min,petshop::temporal_traffic1,latency,4,-0.25
petshop,L2,alertcount,cd1min,petshop::temporal_traffic2,availability,4,0.25
petshop,L2,alertcount,cd1min,petshop::temporal_traffic2,latency,4,0.0
petshop,L2,alertcount,circa,petshop::high_traffic,availability,12,0.08333333333333333
petshop,L2,alertcount,circa,petshop::high_traffic,latency,14,-0.5
petshop,L2,alertcount,circa,petshop::low_traffic,availability,12,-0.4166666666666667
petshop,L2,alertcount,circa,petshop::low_traffic,latency,14,-0.35714285714285715
petshop,L2,alertcount,circa,petshop::temporal_traffic1,availability,4,-0.25
petshop,L2,alertcount,circa,petshop::temporal_traffic1,latency,4,-0.75
petshop,L2,alertcount,circa,petshop::temporal_traffic2,availability,4,-0.25
petshop,L2,alertcount,circa,petshop::temporal_traffic2,latency,4,-0.5
petshop,L2,alertcount,counterfactual_attribution,petshop::high_traffic,availability,12,0.08333333333333333
petshop,L2,alertcount,counterfactual_attribution,petshop::high_traffic,latency,14,-0.5714285714285714
petshop,L2,alertcount,counterfactual_attribution,petshop::low_traffic,availability,12,0.0
petshop,L2,alertcount,counterfactual_attribution,petshop::low_traffic,latency,14,-0.2857142857142857
petshop,L2,alertcount,counterfactual_attribution,petshop::temporal_traffic1,availability,4,0.0
petshop,L2,alertcount,counterfactual_attribution,petshop::temporal_traffic1,latency,4,-0.25
petshop,L2,alertcount,counterfactual_attribution,petshop::temporal_traffic2,availability,4,0.25
petshop,L2,alertcount,counterfactual_attribution,petshop::temporal_traffic2,latency,4,-0.25
petshop,L2,alertcount,epsilon_diagnosis,petshop::high_traffic,availability,12,0.08333333333333333
petshop,L2,alertcount,epsilon_diagnosis,petshop::high_traffic,latency,14,0.0
petshop,L2,alertcount,epsilon_diagnosis,petshop::low_traffic,availability,12,0.0
petshop,L2,alertcount,epsilon_diagnosis,petshop::low_traffic,latency,14,0.0
petshop,L2,alertcount,epsilon_diagnosis,petshop::temporal_traffic1,availability,4,0.0
petshop,L2,alertcount,epsilon_diagnosis,petshop::temporal_traffic1,latency,4,0.0
petshop,L2,alertcount,epsilon_diagnosis,petshop::temporal_traffic2,availability,4,0.25
petshop,L2,alertcount,epsilon_diagnosis,petshop::temporal_traffic2,latency,4,0.0
petshop,L2,alertcount,max_z,petshop::high_traffic,availability,12,0.08333333333333333
petshop,L2,alertcount,max_z,petshop::high_traffic,latency,14,-0.14285714285714285
petshop,L2,alertcount,max_z,petshop::low_traffic,availability,12,-0.3333333333333333
petshop,L2,alertcount,max_z,petshop::low_traffic,latency,14,-0.07142857142857142
petshop,L2,alertcount,max_z,petshop::temporal_traffic1,availability,4,-0.25
petshop,L2,alertcount,max_z,petshop::temporal_traffic1,latency,4,-0.5
petshop,L2,alertcount,max_z,petshop::temporal_traffic2,availability,4,0.0
petshop,L2,alertcount,max_z,petshop::temporal_traffic2,latency,4,-0.25
petshop,L2,alertcount,random_walk,petshop::high_traffic,availability,12,0.08333333333333333
petshop,L2,alertcount,random_walk,petshop::high_traffic,latency,14,0.0
petshop,L2,alertcount,random_walk,petshop::low_traffic,availability,12,0.0
petshop,L2,alertcount,random_walk,petshop::low_traffic,latency,14,0.0
petshop,L2,alertcount,random_walk,petshop::temporal_traffic1,availability,4,0.0
petshop,L2,alertcount,random_walk,petshop::temporal_traffic1,latency,4,-0.25
petshop,L2,alertcount,random_walk,petshop::temporal_traffic2,availability,4,0.25
petshop,L2,alertcount,random_walk,petshop::temporal_traffic2,latency,4,0.25
petshop,L2,alertcount,ranked_correlation,petshop::high_traffic,availability,12,-0.75
petshop,L2,alertcount,ranked_correlation,petshop::high_traffic,latency,14,-0.6428571428571429
petshop,L2,alertcount,ranked_correlation,petshop::low_traffic,availability,12,-0.75
petshop,L2,alertcount,ranked_correlation,petshop::low_traffic,latency,14,-0.42857142857142855
petshop,L2,alertcount,ranked_correlation,petshop::temporal_traffic1,availability,4,-0.75
petshop,L2,alertcount,ranked_correlation,petshop::temporal_traffic1,latency,4,-0.75
petshop,L2,alertcount,ranked_correlation,petshop::temporal_traffic2,availability,4,-0.25
petshop,L2,alertcount,ranked_correlation,petshop::temporal_traffic2,latency,4,-0.25
petshop,L2,alertcount,rcd,petshop::high_traffic,availability,12,0.08333333333333333
petshop,L2,alertcount,rcd,petshop::high_traffic,latency,14,0.0
petshop,L2,alertcount,rcd,petshop::low_traffic,availability,12,-0.6666666666666666
petshop,L2,alertcount,rcd,petshop::low_traffic,latency,14,-0.07142857142857142
petshop,L2,alertcount,rcd,petshop::temporal_traffic1,availability,4,-0.75
petshop,L2,alertcount,rcd,petshop::temporal_traffic1,latency,4,-0.5
petshop,L2,alertcount,rcd,petshop::temporal_traffic2,availability,4,-0.25
petshop,L2,alertcount,rcd,petshop::temporal_traffic2,latency,4,0.0
petshop,L2,baro,baseline,petshop::high_traffic,availability,12,-0.16666666666666666
petshop,L2,baro,baseline,petshop::high_traffic,latency,14,-0.2857142857142857
petshop,L2,baro,baseline,petshop::low_traffic,availability,12,-0.3333333333333333
petshop,L2,baro,baseline,petshop::low_traffic,latency,14,-0.5
petshop,L2,baro,baseline,petshop::temporal_traffic1,availability,4,-0.25
petshop,L2,baro,baseline,petshop::temporal_traffic1,latency,4,-0.5
petshop,L2,baro,baseline,petshop::temporal_traffic2,availability,4,-0.75
petshop,L2,baro,baseline,petshop::temporal_traffic2,latency,4,-0.5
petshop,L2,baro,cd1min,petshop::high_traffic,availability,12,0.0
petshop,L2,baro,cd1min,petshop::high_traffic,latency,14,0.2857142857142857
petshop,L2,baro,cd1min,petshop::low_traffic,availability,12,0.16666666666666666
petshop,L2,baro,cd1min,petshop::low_traffic,latency,14,0.07142857142857142
petshop,L2,baro,cd1min,petshop::temporal_traffic1,availability,4,0.0
petshop,L2,baro,cd1min,petshop::temporal_traffic1,latency,4,0.25
petshop,L2,baro,cd1min,petshop::temporal_traffic2,availability,4,0.0
petshop,L2,baro,cd1min,petshop::temporal_traffic2,latency,4,0.25
petshop,L2,baro,circa,petshop::high_traffic,availability,12,0.0
petshop,L2,baro,circa,petshop::high_traffic,latency,14,-0.21428571428571427
petshop,L2,baro,circa,petshop::low_traffic,availability,12,-0.16666666666666666
petshop,L2,baro,circa,petshop::low_traffic,latency,14,-0.2857142857142857
petshop,L2,baro,circa,petshop::temporal_traffic1,availability,4,-0.25
petshop,L2,baro,circa,petshop::temporal_traffic1,latency,4,-0.25
petshop,L2,baro,circa,petshop::temporal_traffic2,availability,4,-0.5
petshop,L2,baro,circa,petshop::temporal_traffic2,latency,4,-0.25
petshop,L2,baro,counterfactual_attribution,petshop::high_traffic,availability,12,0.0
petshop,L2,baro,counterfactual_attribution,petshop::high_traffic,latency,14,-0.2857142857142857
petshop,L2,baro,counterfactual_attribution,petshop::low_traffic,availability,12,0.25
petshop,L2,baro,counterfactual_attribution,petshop::low_traffic,latency,14,-0.21428571428571427
petshop,L2,baro,counterfactual_attribution,petshop::temporal_traffic1,availability,4,0.0
petshop,L2,baro,counterfactual_attribution,petshop::temporal_traffic1,latency,4,0.25
petshop,L2,baro,counterfactual_attribution,petshop::temporal_traffic2,availability,4,0.0
petshop,L2,baro,counterfactual_attribution,petshop::temporal_traffic2,latency,4,0.0
petshop,L2,baro,epsilon_diagnosis,petshop::high_traffic,availability,12,0.0
petshop,L2,baro,epsilon_diagnosis,petshop::high_traffic,latency,14,0.2857142857142857
petshop,L2,baro,epsilon_diagnosis,petshop::low_traffic,availability,12,0.25
petshop,L2,baro,epsilon_diagnosis,petshop::low_traffic,latency,14,0.07142857142857142
petshop,L2,baro,epsilon_diagnosis,petshop::temporal_traffic1,availability,4,0.0
petshop,L2,baro,epsilon_diagnosis,petshop::temporal_traffic1,latency,4,0.5
petshop,L2,baro,epsilon_diagnosis,petshop::temporal_traffic2,availability,4,0.0
petshop,L2,baro,epsilon_diagnosis,petshop::temporal_traffic2,latency,4,0.25
petshop,L2,baro,max_z,petshop::high_traffic,availability,12,0.0
petshop,L2,baro,max_z,petshop::high_traffic,latency,14,0.14285714285714285
petshop,L2,baro,max_z,petshop::low_traffic,availability,12,-0.08333333333333333
petshop,L2,baro,max_z,petshop::low_traffic,latency,14,0.0
petshop,L2,baro,max_z,petshop::temporal_traffic1,availability,4,-0.25
petshop,L2,baro,max_z,petshop::temporal_traffic1,latency,4,0.0
petshop,L2,baro,max_z,petshop::temporal_traffic2,availability,4,-0.25
petshop,L2,baro,max_z,petshop::temporal_traffic2,latency,4,0.0
petshop,L2,baro,random_walk,petshop::high_traffic,availability,12,0.0
petshop,L2,baro,random_walk,petshop::high_traffic,latency,14,0.2857142857142857
petshop,L2,baro,random_walk,petshop::low_traffic,availability,12,0.25
petshop,L2,baro,random_walk,petshop::low_traffic,latency,14,0.07142857142857142
petshop,L2,baro,random_walk,petshop::temporal_traffic1,availability,4,0.0
petshop,L2,baro,random_walk,petshop::temporal_traffic1,latency,4,0.25
petshop,L2,baro,random_walk,petshop::temporal_traffic2,availability,4,0.0
petshop,L2,baro,random_walk,petshop::temporal_traffic2,latency,4,0.5
petshop,L2,baro,ranked_correlation,petshop::high_traffic,availability,12,-0.8333333333333334
petshop,L2,baro,ranked_correlation,petshop::high_traffic,latency,14,-0.35714285714285715
petshop,L2,baro,ranked_correlation,petshop::low_traffic,availability,12,-0.5
petshop,L2,baro,ranked_correlation,petshop::low_traffic,latency,14,-0.35714285714285715
petshop,L2,baro,ranked_correlation,petshop::temporal_traffic1,availability,4,-0.75
petshop,L2,baro,ranked_correlation,petshop::temporal_traffic1,latency,4,-0.25
petshop,L2,baro,ranked_correlation,petshop::temporal_traffic2,availability,4,-0.5
petshop,L2,baro,ranked_correlation,petshop::temporal_traffic2,latency,4,0.0
petshop,L2,baro,rcd,petshop::high_traffic,availability,12,0.0
petshop,L2,baro,rcd,petshop::high_traffic,latency,14,0.2857142857142857
petshop,L2,baro,rcd,petshop::low_traffic,availability,12,-0.4166666666666667
petshop,L2,baro,rcd,petshop::low_traffic,latency,14,0.0
petshop,L2,baro,rcd,petshop::temporal_traffic1,availability,4,-0.75
petshop,L2,baro,rcd,petshop::temporal_traffic1,latency,4,0.0
petshop,L2,baro,rcd,petshop::temporal_traffic2,availability,4,-0.5
petshop,L2,baro,rcd,petshop::temporal_traffic2,latency,4,0.25
petshop,L2,baseline,cd1min,petshop::high_traffic,availability,12,0.16666666666666666
petshop,L2,baseline,cd1min,petshop::high_traffic,latency,14,0.5714285714285714
petshop,L2,baseline,cd1min,petshop::low_traffic,availability,12,0.5
petshop,L2,baseline,cd1min,petshop::low_traffic,latency,14,0.5714285714285714
petshop,L2,baseline,cd1min,petshop::temporal_traffic1,availability,4,0.25
petshop,L2,baseline,cd1min,petshop::temporal_traffic1,latency,4,0.75
petshop,L2,baseline,cd1min,petshop::temporal_traffic2,availability,4,0.75
petshop,L2,baseline,cd1min,petshop::temporal_traffic2,latency,4,0.75
petshop,L2,baseline,circa,petshop::high_traffic,availability,12,0.16666666666666666
petshop,L2,baseline,circa,petshop::high_traffic,latency,14,0.07142857142857142
petshop,L2,baseline,circa,petshop::low_traffic,availability,12,0.16666666666666666
petshop,L2,baseline,circa,petshop::low_traffic,latency,14,0.21428571428571427
petshop,L2,baseline,circa,petshop::temporal_traffic1,availability,4,0.0
petshop,L2,baseline,circa,petshop::temporal_traffic1,latency,4,0.25
petshop,L2,baseline,circa,petshop::temporal_traffic2,availability,4,0.25
petshop,L2,baseline,circa,petshop::temporal_traffic2,latency,4,0.25
petshop,L2,baseline,counterfactual_attribution,petshop::high_traffic,availability,12,0.16666666666666666
petshop,L2,baseline,counterfactual_attribution,petshop::high_traffic,latency,14,0.0
petshop,L2,baseline,counterfactual_attribution,petshop::low_traffic,availability,12,0.5833333333333334
petshop,L2,baseline,counterfactual_attribution,petshop::low_traffic,latency,14,0.2857142857142857
petshop,L2,baseline,counterfactual_attribution,petshop::temporal_traffic1,availability,4,0.25
petshop,L2,baseline,counterfactual_attribution,petshop::temporal_traffic1,latency,4,0.75
petshop,L2,baseline,counterfactual_attribution,petshop::temporal_traffic2,availability,4,0.75
petshop,L2,baseline,counterfactual_attribution,petshop::temporal_traffic2,latency,4,0.5
petshop,L2,baseline,epsilon_diagnosis,petshop::high_traffic,availability,12,0.16666666666666666
petshop,L2,baseline,epsilon_diagnosis,petshop::high_traffic,latency,14,0.5714285714285714
petshop,L2,baseline,epsilon_diagnosis,petshop::low_traffic,availability,12,0.5833333333333334
petshop,L2,baseline,epsilon_diagnosis,petshop::low_traffic,latency,14,0.5714285714285714
petshop,L2,baseline,epsilon_diagnosis,petshop::temporal_traffic1,availability,4,0.25
petshop,L2,baseline,epsilon_diagnosis,petshop::temporal_traffic1,latency,4,1.0
petshop,L2,baseline,epsilon_diagnosis,petshop::temporal_traffic2,availability,4,0.75
petshop,L2,baseline,epsilon_diagnosis,petshop::temporal_traffic2,latency,4,0.75
petshop,L2,baseline,max_z,petshop::high_traffic,availability,12,0.16666666666666666
petshop,L2,baseline,max_z,petshop::high_traffic,latency,14,0.42857142857142855
petshop,L2,baseline,max_z,petshop::low_traffic,availability,12,0.25
petshop,L2,baseline,max_z,petshop::low_traffic,latency,14,0.5
petshop,L2,baseline,max_z,petshop::temporal_traffic1,availability,4,0.0
petshop,L2,baseline,max_z,petshop::temporal_traffic1,latency,4,0.5
petshop,L2,baseline,max_z,petshop::temporal_traffic2,availability,4,0.5
petshop,L2,baseline,max_z,petshop::temporal_traffic2,latency,4,0.5
petshop,L2,baseline,random_walk,petshop::high_traffic,availability,12,0.16666666666666666
petshop,L2,baseline,random_walk,petshop::high_traffic,latency,14,0.5714285714285714
petshop,L2,baseline,random_walk,petshop::low_traffic,availability,12,0.5833333333333334
petshop,L2,baseline,random_walk,petshop::low_traffic,latency,14,0.5714285714285714
petshop,L2,baseline,random_walk,petshop::temporal_traffic1,availability,4,0.25
petshop,L2,baseline,random_walk,petshop::temporal_traffic1,latency,4,0.75
petshop,L2,baseline,random_walk,petshop::temporal_traffic2,availability,4,0.75
petshop,L2,baseline,random_walk,petshop::temporal_traffic2,latency,4,1.0
petshop,L2,baseline,ranked_correlation,petshop::high_traffic,availability,12,-0.6666666666666666
petshop,L2,baseline,ranked_correlation,petshop::high_traffic,latency,14,-0.07142857142857142
petshop,L2,baseline,ranked_correlation,petshop::low_traffic,availability,12,-0.16666666666666666
petshop,L2,baseline,ranked_correlation,petshop::low_traffic,latency,14,0.14285714285714285
petshop,L2,baseline,ranked_correlation,petshop::temporal_traffic1,availability,4,-0.5
petshop,L2,baseline,ranked_correlation,petshop::temporal_traffic1,latency,4,0.25
petshop,L2,baseline,ranked_correlation,petshop::temporal_traffic2,availability,4,0.25
petshop,L2,baseline,ranked_correlation,petshop::temporal_traffic2,latency,4,0.5
petshop,L2,baseline,rcd,petshop::high_traffic,availability,12,0.16666666666666666
petshop,L2,baseline,rcd,petshop::high_traffic,latency,14,0.5714285714285714
petshop,L2,baseline,rcd,petshop::low_traffic,availability,12,-0.08333333333333333
petshop,L2,baseline,rcd,petshop::low_traffic,latency,14,0.5
petshop,L2,baseline,rcd,petshop::temporal_traffic1,availability,4,-0.5
petshop,L2,baseline,rcd,petshop::temporal_traffic1,latency,4,0.5
petshop,L2,baseline,rcd,petshop::temporal_traffic2,availability,4,0.25
petshop,L2,baseline,rcd,petshop::temporal_traffic2,latency,4,0.75
petshop,L2,cd1min,circa,petshop::high_traffic,availability,12,0.0
petshop,L2,cd1min,circa,petshop::high_traffic,latency,14,-0.5
petshop,L2,cd1min,circa,petshop::low_traffic,availability,12,-0.3333333333333333
petshop,L2,cd1min,circa,petshop::low_traffic,latency,14,-0.35714285714285715
petshop,L2,cd1min,circa,petshop::temporal_traffic1,availability,4,-0.25
petshop,L2,cd1min,circa,petshop::temporal_traffic1,latency,4,-0.5
petshop,L2,cd1min,circa,petshop::temporal_traffic2,availability,4,-0.5
petshop,L2,cd1min,circa,petshop::temporal_traffic2,latency,4,-0.5
petshop,L2,cd1min,counterfactual_attribution,petshop::high_traffic,availability,12,0.0
petshop,L2,cd1min,counterfactual_attribution,petshop::high_traffic,latency,14,-0.5714285714285714
petshop,L2,cd1min,counterfactual_attribution,petshop::low_traffic,availability,12,0.08333333333333333
petshop,L2,cd1min,counterfactual_attribution,petshop::low_traffic,latency,14,-0.2857142857142857
petshop,L2,cd1min,counterfactual_attribution,petshop::temporal_traffic1,availability,4,0.0
petshop,L2,cd1min,counterfactual_attribution,petshop::temporal_traffic1,latency,4,0.0
petshop,L2,cd1min,counterfactual_attribution,petshop::temporal_traffic2,availability,4,0.0
petshop,L2,cd1min,counterfactual_attribution,petshop::temporal_traffic2,latency,4,-0.25
petshop,L2,cd1min,epsilon_diagnosis,petshop::high_traffic,availability,12,0.0
petshop,L2,cd1min,epsilon_diagnosis,petshop::high_traffic,latency,14,0.0
petshop,L2,cd1min,epsilon_diagnosis,petshop::low_traffic,availability,12,0.08333333333333333
petshop,L2,cd1min,epsilon_diagnosis,petshop::low_traffic,latency,14,0.0
petshop,L2,cd1min,epsilon_diagnosis,petshop::temporal_traffic1,availability,4,0.0
petshop,L2,cd1min,epsilon_diagnosis,petshop::temporal_traffic1,latency,4,0.25
petshop,L2,cd1min,epsilon_diagnosis,petshop::temporal_traffic2,availability,4,0.0
petshop,L2,cd1min,epsilon_diagnosis,petshop::temporal_traffic2,latency,4,0.0
petshop,L2,cd1min,max_z,petshop::high_traffic,availability,12,0.0
petshop,L2,cd1min,max_z,petshop::high_traffic,latency,14,-0.14285714285714285
petshop,L2,cd1min,max_z,petshop::low_traffic,availability,12,-0.25
petshop,L2,cd1min,max_z,petshop::low_traffic,latency,14,-0.07142857142857142
petshop,L2,cd1min,max_z,petshop::temporal_traffic1,availability,4,-0.25
petshop,L2,cd1min,max_z,petshop::temporal_traffic1,latency,4,-0.25
petshop,L2,cd1min,max_z,petshop::temporal_traffic2,availability,4,-0.25
petshop,L2,cd1min,max_z,petshop::temporal_traffic2,latency,4,-0.25
petshop,L2,cd1min,random_walk,petshop::high_traffic,availability,12,0.0
petshop,L2,cd1min,random_walk,petshop::high_traffic,latency,14,0.0
petshop,L2,cd1min,random_walk,petshop::low_traffic,availability,12,0.08333333333333333
petshop,L2,cd1min,random_walk,petshop::low_traffic,latency,14,0.0
petshop,L2,cd1min,random_walk,petshop::temporal_traffic1,availability,4,0.0
petshop,L2,cd1min,random_walk,petshop::temporal_traffic1,latency,4,0.0
petshop,L2,cd1min,random_walk,petshop::temporal_traffic2,availability,4,0.0
petshop,L2,cd1min,random_walk,petshop::temporal_traffic2,latency,4,0.25
petshop,L2,cd1min,ranked_correlation,petshop::high_traffic,availability,12,-0.8333333333333334
petshop,L2,cd1min,ranked_correlation,petshop::high_traffic,latency,14,-0.6428571428571429
petshop,L2,cd1min,ranked_correlation,petshop::low_traffic,availability,12,-0.6666666666666666
petshop,L2,cd1min,ranked_correlation,petshop::low_traffic,latency,14,-0.42857142857142855
petshop,L2,cd1min,ranked_correlation,petshop::temporal_traffic1,availability,4,-0.75
petshop,L2,cd1min,ranked_correlation,petshop::temporal_traffic1,latency,4,-0.5
petshop,L2,cd1min,ranked_correlation,petshop::temporal_traffic2,availability,4,-0.5
petshop,L2,cd1min,ranked_correlation,petshop::temporal_traffic2,latency,4,-0.25
petshop,L2,cd1min,rcd,petshop::high_traffic,availability,12,0.0
petshop,L2,cd1min,rcd,petshop::high_traffic,latency,14,0.0
petshop,L2,cd1min,rcd,petshop::low_traffic,availability,12,-0.5833333333333334
petshop,L2,cd1min,rcd,petshop::low_traffic,latency,14,-0.07142857142857142
petshop,L2,cd1min,rcd,petshop::temporal_traffic1,availability,4,-0.75
petshop,L2,cd1min,rcd,petshop::temporal_traffic1,latency,4,-0.25
petshop,L2,cd1min,rcd,petshop::temporal_traffic2,availability,4,-0.5
petshop,L2,cd1min,rcd,petshop::temporal_traffic2,latency,4,0.0
petshop,L2,circa,counterfactual_attribution,petshop::high_traffic,availability,12,0.0
petshop,L2,circa,counterfactual_attribution,petshop::high_traffic,latency,14,-0.07142857142857142
petshop,L2,circa,counterfactual_attribution,petshop::low_traffic,availability,12,0.4166666666666667
petshop,L2,circa,counterfactual_attribution,petshop::low_traffic,latency,14,0.07142857142857142
petshop,L2,circa,counterfactual_attribution,petshop::temporal_traffic1,availability,4,0.25
petshop,L2,circa,counterfactual_attribution,petshop::temporal_traffic1,latency,4,0.5
petshop,L2,circa,counterfactual_attribution,petshop::temporal_traffic2,availability,4,0.5
petshop,L2,circa,counterfactual_attribution,petshop::temporal_traffic2,latency,4,0.25
petshop,L2,circa,epsilon_diagnosis,petshop::high_traffic,availability,12,0.0
petshop,L2,circa,epsilon_diagnosis,petshop::high_traffic,latency,14,0.5
petshop,L2,circa,epsilon_diagnosis,petshop::low_traffic,availability,12,0.4166666666666667
petshop,L2,circa,epsilon_diagnosis,petshop::low_traffic,latency,14,0.35714285714285715
petshop,L2,circa,epsilon_diagnosis,petshop::temporal_traffic1,availability,4,0.25
petshop,L2,circa,epsilon_diagnosis,petshop::temporal_traffic1,latency,4,0.75
petshop,L2,circa,epsilon_diagnosis,petshop::temporal_traffic2,availability,4,0.5
petshop,L2,circa,epsilon_diagnosis,petshop::temporal_traffic2,latency,4,0.5
petshop,L2,circa,max_z,petshop::high_traffic,availability,12,0.0
petshop,L2,circa,max_z,petshop::high_traffic,latency,14,0.35714285714285715
petshop,L2,circa,max_z,petshop::low_traffic,availability,12,0.08333333333333333
petshop,L2,circa,max_z,petshop::low_traffic,latency,14,0.2857142857142857
petshop,L2,circa,max_z,petshop::temporal_traffic1,availability,4,0.0
petshop,L2,circa,max_z,petshop::temporal_traffic1,latency,4,0.25
petshop,L2,circa,max_z,petshop::temporal_traffic2,availability,4,0.25
petshop,L2,circa,max_z,petshop::temporal_traffic2,latency,4,0.25
petshop,L2,circa,random_walk,petshop::high_traffic,availability,12,0.0
petshop,L2,circa,random_walk,petshop::high_traffic,latency,14,0.5
petshop,L2,circa,random_walk,petshop::low_traffic,availability,12,0.4166666666666667
petshop,L2,circa,random_walk,petshop::low_traffic,latency,14,0.35714285714285715
petshop,L2,circa,random_walk,petshop::temporal_traffic1,availability,4,0.25
petshop,L2,circa,random_walk,petshop::temporal_traffic1,latency,4,0.5
petshop,L2,circa,random_walk,petshop::temporal_traffic2,availability,4,0.5
petshop,L2,circa,random_walk,petshop::temporal_traffic2,latency,4,0.75
petshop,L2,circa,ranked_correlation,petshop::high_traffic,availability,12,-0.8333333333333334
petshop,L2,circa,ranked_correlation,petshop::high_traffic,latency,14,-0.14285714285714285
petshop,L2,circa,ranked_correlation,petshop::low_traffic,availability,12,-0.3333333333333333
petshop,L2,circa,ranked_correlation,petshop::low_traffic,latency,14,-0.07142857142857142
petshop,L2,circa,ranked_correlation,petshop::temporal_traffic1,availability,4,-0.5
petshop,L2,circa,ranked_correlation,petshop::temporal_traffic1,latency,4,0.0
petshop,L2,circa,ranked_correlation,petshop::temporal_traffic2,availability,4,0.0
petshop,L2,circa,ranked_correlation,petshop::temporal_traffic2,latency,4,0.25
petshop,L2,circa,rcd,petshop::high_traffic,availability,12,0.0
petshop,L2,circa,rcd,petshop::high_traffic,latency,14,0.5
petshop,L2,circa,rcd,petshop::low_traffic,availability,12,-0.25
petshop,L2,circa,rcd,petshop::low_traffic,latency,14,0.2857142857142857
petshop,L2,circa,rcd,petshop::temporal_traffic1,availability,4,-0.5
petshop,L2,circa,rcd,petshop::temporal_traffic1,latency,4,0.25
petshop,L2,circa,rcd,petshop::temporal_traffic2,availability,4,0.0
petshop,L2,circa,rcd,petshop::temporal_traffic2,latency,4,0.5
petshop,L2,counterfactual_attribution,epsilon_diagnosis,petshop::high_traffic,availability,12,0.0
petshop,L2,counterfactual_attribution,epsilon_diagnosis,petshop::high_traffic,latency,14,0.5714285714285714
petshop,L2,counterfactual_attribution,epsilon_diagnosis,petshop::low_traffic,availability,12,0.0
petshop,L2,counterfactual_attribution,epsilon_diagnosis,petshop::low_traffic,latency,14,0.2857142857142857
petshop,L2,counterfactual_attribution,epsilon_diagnosis,petshop::temporal_traffic1,availability,4,0.0
petshop,L2,counterfactual_attribution,epsilon_diagnosis,petshop::temporal_traffic1,latency,4,0.25
petshop,L2,counterfactual_attribution,epsilon_diagnosis,petshop::temporal_traffic2,availability,4,0.0
petshop,L2,counterfactual_attribution,epsilon_diagnosis,petshop::temporal_traffic2,latency,4,0.25
petshop,L2,counterfactual_attribution,max_z,petshop::high_traffic,availability,12,0.0
petshop,L2,counterfactual_attribution,max_z,petshop::high_traffic,latency,14,0.42857142857142855
petshop,L2,counterfactual_attribution,max_z,petshop::low_traffic,availability,12,-0.3333333333333333
petshop,L2,counterfactual_attribution,max_z,petshop::low_traffic,latency,14,0.21428571428571427
petshop,L2,counterfactual_attribution,max_z,petshop::temporal_traffic1,availability,4,-0.25
petshop,L2,counterfactual_attribution,max_z,petshop::temporal_traffic1,latency,4,-0.25
petshop,L2,counterfactual_attribution,max_z,petshop::temporal_traffic2,availability,4,-0.25
petshop,L2,counterfactual_attribution,max_z,petshop::temporal_traffic2,latency,4,0.0
petshop,L2,counterfactual_attribution,random_walk,petshop::high_traffic,availability,12,0.0
petshop,L2,counterfactual_attribution,random_walk,petshop::high_traffic,latency,14,0.5714285714285714
petshop,L2,counterfactual_attribution,random_walk,petshop::low_traffic,availability,12,0.0
petshop,L2,counterfactual_attribution,random_walk,petshop::low_traffic,latency,14,0.2857142857142857
petshop,L2,counterfactual_attribution,random_walk,petshop::temporal_traffic1,availability,4,0.0
petshop,L2,counterfactual_attribution,random_walk,petshop::temporal_traffic1,latency,4,0.0
petshop,L2,counterfactual_attribution,random_walk,petshop::temporal_traffic2,availability,4,0.0
petshop,L2,counterfactual_attribution,random_walk,petshop::temporal_traffic2,latency,4,0.5
petshop,L2,counterfactual_attribution,ranked_correlation,petshop::high_traffic,availability,12,-0.8333333333333334
petshop,L2,counterfactual_attribution,ranked_correlation,petshop::high_traffic,latency,14,-0.07142857142857142
petshop,L2,counterfactual_attribution,ranked_correlation,petshop::low_traffic,availability,12,-0.75
petshop,L2,counterfactual_attribution,ranked_correlation,petshop::low_traffic,latency,14,-0.14285714285714285
petshop,L2,counterfactual_attribution,ranked_correlation,petshop::temporal_traffic1,availability,4,-0.75
petshop,L2,counterfactual_attribution,ranked_correlation,petshop::temporal_traffic1,latency,4,-0.5
petshop,L2,counterfactual_attribution,ranked_correlation,petshop::temporal_traffic2,availability,4,-0.5
petshop,L2,counterfactual_attribution,ranked_correlation,petshop::temporal_traffic2,latency,4,0.0
petshop,L2,counterfactual_attribution,rcd,petshop::high_traffic,availability,12,0.0
petshop,L2,counterfactual_attribution,rcd,petshop::high_traffic,latency,14,0.5714285714285714
petshop,L2,counterfactual_attribution,rcd,petshop::low_traffic,availability,12,-0.6666666666666666
petshop,L2,counterfactual_attribution,rcd,petshop::low_traffic,latency,14,0.21428571428571427
petshop,L2,counterfactual_attribution,rcd,petshop::temporal_traffic1,availability,4,-0.75
petshop,L2,counterfactual_attribution,rcd,petshop::temporal_traffic1,latency,4,-0.25
petshop,L2,counterfactual_attribution,rcd,petshop::temporal_traffic2,availability,4,-0.5
petshop,L2,counterfactual_attribution,rcd,petshop::temporal_traffic2,latency,4,0.25
petshop,L2,epsilon_diagnosis,max_z,petshop::high_traffic,availability,12,0.0
petshop,L2,epsilon_diagnosis,max_z,petshop::high_traffic,latency,14,-0.14285714285714285
petshop,L2,epsilon_diagnosis,max_z,petshop::low_traffic,availability,12,-0.3333333333333333
petshop,L2,epsilon_diagnosis,max_z,petshop::low_traffic,latency,14,-0.07142857142857142
petshop,L2,epsilon_diagnosis,max_z,petshop::temporal_traffic1,availability,4,-0.25
petshop,L2,epsilon_diagnosis,max_z,petshop::temporal_traffic1,latency,4,-0.5
petshop,L2,epsilon_diagnosis,max_z,petshop::temporal_traffic2,availability,4,-0.25
petshop,L2,epsilon_diagnosis,max_z,petshop::temporal_traffic2,latency,4,-0.25
petshop,L2,epsilon_diagnosis,random_walk,petshop::high_traffic,availability,12,0.0
petshop,L2,epsilon_diagnosis,random_walk,petshop::high_traffic,latency,14,0.0
petshop,L2,epsilon_diagnosis,random_walk,petshop::low_traffic,availability,12,0.0
petshop,L2,epsilon_diagnosis,random_walk,petshop::low_traffic,latency,14,0.0
petshop,L2,epsilon_diagnosis,random_walk,petshop::temporal_traffic1,availability,4,0.0
petshop,L2,epsilon_diagnosis,random_walk,petshop::temporal_traffic1,latency,4,-0.25
petshop,L2,epsilon_diagnosis,random_walk,petshop::temporal_traffic2,availability,4,0.0
petshop,L2,epsilon_diagnosis,random_walk,petshop::temporal_traffic2,latency,4,0.25
petshop,L2,epsilon_diagnosis,ranked_correlation,petshop::high_traffic,availability,12,-0.8333333333333334
petshop,L2,epsilon_diagnosis,ranked_correlation,petshop::high_traffic,latency,14,-0.6428571428571429
petshop,L2,epsilon_diagnosis,ranked_correlation,petshop::low_traffic,availability,12,-0.75
petshop,L2,epsilon_diagnosis,ranked_correlation,petshop::low_traffic,latency,14,-0.42857142857142855
petshop,L2,epsilon_diagnosis,ranked_correlation,petshop::temporal_traffic1,availability,4,-0.75
petshop,L2,epsilon_diagnosis,ranked_correlation,petshop::temporal_traffic1,latency,4,-0.75
petshop,L2,epsilon_diagnosis,ranked_correlation,petshop::temporal_traffic2,availability,4,-0.5
petshop,L2,epsilon_diagnosis,ranked_correlation,petshop::temporal_traffic2,latency,4,-0.25
petshop,L2,epsilon_diagnosis,rcd,petshop::high_traffic,availability,12,0.0
petshop,L2,epsilon_diagnosis,rcd,petshop::high_traffic,latency,14,0.0
petshop,L2,epsilon_diagnosis,rcd,petshop::low_traffic,availability,12,-0.6666666666666666
petshop,L2,epsilon_diagnosis,rcd,petshop::low_traffic,latency,14,-0.07142857142857142
petshop,L2,epsilon_diagnosis,rcd,petshop::temporal_traffic1,availability,4,-0.75
petshop,L2,epsilon_diagnosis,rcd,petshop::temporal_traffic1,latency,4,-0.5
petshop,L2,epsilon_diagnosis,rcd,petshop::temporal_traffic2,availability,4,-0.5
petshop,L2,epsilon_diagnosis,rcd,petshop::temporal_traffic2,latency,4,0.0
petshop,L2,max_z,random_walk,petshop::high_traffic,availability,12,0.0
petshop,L2,max_z,random_walk,petshop::high_traffic,latency,14,0.14285714285714285
petshop,L2,max_z,random_walk,petshop::low_traffic,availability,12,0.3333333333333333
petshop,L2,max_z,random_walk,petshop::low_traffic,latency,14,0.07142857142857142
petshop,L2,max_z,random_walk,petshop::temporal_traffic1,availability,4,0.25
petshop,L2,max_z,random_walk,petshop::temporal_traffic1,latency,4,0.25
petshop,L2,max_z,random_walk,petshop::temporal_traffic2,availability,4,0.25
petshop,L2,max_z,random_walk,petshop::temporal_traffic2,latency,4,0.5
petshop,L2,max_z,ranked_correlation,petshop::high_traffic,availability,12,-0.8333333333333334
petshop,L2,max_z,ranked_correlation,petshop::high_traffic,latency,14,-0.5
petshop,L2,max_z,ranked_correlation,petshop::low_traffic,availability,12,-0.4166666666666667
petshop,L2,max_z,ranked_correlation,petshop::low_traffic,latency,14,-0.35714285714285715
petshop,L2,max_z,ranked_correlation,petshop::temporal_traffic1,availability,4,-0.5
petshop,L2,max_z,ranked_correlation,petshop::temporal_traffic1,latency,4,-0.25
petshop,L2,max_z,ranked_correlation,petshop::temporal_traffic2,availability,4,-0.25
petshop,L2,max_z,ranked_correlation,petshop::temporal_traffic2,latency,4,0.0
petshop,L2,max_z,rcd,petshop::high_traffic,availability,12,0.0
petshop,L2,max_z,rcd,petshop::high_traffic,latency,14,0.14285714285714285
petshop,L2,max_z,rcd,petshop::low_traffic,availability,12,-0.3333333333333333
petshop,L2,max_z,rcd,petshop::low_traffic,latency,14,0.0
petshop,L2,max_z,rcd,petshop::temporal_traffic1,availability,4,-0.5
petshop,L2,max_z,rcd,petshop::temporal_traffic1,latency,4,0.0
petshop,L2,max_z,rcd,petshop::temporal_traffic2,availability,4,-0.25
petshop,L2,max_z,rcd,petshop::temporal_traffic2,latency,4,0.25
petshop,L2,random_walk,ranked_correlation,petshop::high_traffic,availability,12,-0.8333333333333334
petshop,L2,random_walk,ranked_correlation,petshop::high_traffic,latency,14,-0.6428571428571429
petshop,L2,random_walk,ranked_correlation,petshop::low_traffic,availability,12,-0.75
petshop,L2,random_walk,ranked_correlation,petshop::low_traffic,latency,14,-0.42857142857142855
petshop,L2,random_walk,ranked_correlation,petshop::temporal_traffic1,availability,4,-0.75
petshop,L2,random_walk,ranked_correlation,petshop::temporal_traffic1,latency,4,-0.5
petshop,L2,random_walk,ranked_correlation,petshop::temporal_traffic2,availability,4,-0.5
petshop,L2,random_walk,ranked_correlation,petshop::temporal_traffic2,latency,4,-0.5
petshop,L2,random_walk,rcd,petshop::high_traffic,availability,12,0.0
petshop,L2,random_walk,rcd,petshop::high_traffic,latency,14,0.0
petshop,L2,random_walk,rcd,petshop::low_traffic,availability,12,-0.6666666666666666
petshop,L2,random_walk,rcd,petshop::low_traffic,latency,14,-0.07142857142857142
petshop,L2,random_walk,rcd,petshop::temporal_traffic1,availability,4,-0.75
petshop,L2,random_walk,rcd,petshop::temporal_traffic1,latency,4,-0.25
petshop,L2,random_walk,rcd,petshop::temporal_traffic2,availability,4,-0.5
petshop,L2,random_walk,rcd,petshop::temporal_traffic2,latency,4,-0.25
petshop,L2,ranked_correlation,rcd,petshop::high_traffic,availability,12,0.8333333333333334
petshop,L2,ranked_correlation,rcd,petshop::high_traffic,latency,14,0.6428571428571429
petshop,L2,ranked_correlation,rcd,petshop::low_traffic,availability,12,0.08333333333333333
petshop,L2,ranked_correlation,rcd,petshop::low_traffic,latency,14,0.35714285714285715
petshop,L2,ranked_correlation,rcd,petshop::temporal_traffic1,availability,4,0.0
petshop,L2,ranked_correlation,rcd,petshop::temporal_traffic1,latency,4,0.25
petshop,L2,ranked_correlation,rcd,petshop::temporal_traffic2,availability,4,0.0
petshop,L2,ranked_correlation,rcd,petshop::temporal_traffic2,latency,4,0.25
