family,layer,a,b,sub,common_classes,delta_ref,pooled_ref,delta_rw,lo_rw,hi_rw,pooled_rw,fault_sign_disagree,rev_ref,rev_rw,rev_ci_rw,sign_change
RE1,L1,baro,causalrca,RE1::OB,cpu;delay;disk;loss;mem,0.12000000000000001,0.4053333333333333,0.12,0.045333333333333344,0.19733333333333333,0.4053333333333334,False,False,False,False,False
RE1,L1,baro,causalrca,RE1::SS,cpu;delay;disk;loss;mem,0.672,0.4053333333333333,0.672,0.5946666666666667,0.744,0.4053333333333334,False,False,False,False,False
RE1,L1,baro,causalrca,RE1::TT,cpu;delay;disk;loss;mem,0.424,0.4053333333333333,0.42400000000000004,0.336,0.5093333333333334,0.4053333333333334,False,False,False,False,False
RE1,L1,baro,circa,RE1::OB,cpu;delay;disk;loss;mem,0.064,0.14666666666666667,0.064,-0.032,0.16,0.1466666666666667,True,False,False,False,False
RE1,L1,baro,circa,RE1::SS,cpu;delay;disk;loss;mem,0.144,0.14666666666666667,0.144,0.06399999999999999,0.23199999999999998,0.1466666666666667,False,False,False,False,False
RE1,L1,baro,circa,RE1::TT,cpu;delay;disk;loss;mem,0.232,0.14666666666666667,0.23200000000000004,0.136,0.328,0.1466666666666667,False,False,False,False,False
RE1,L1,baro,e_diagnosis,RE1::OB,cpu;delay;disk;loss;mem,0.704,0.656,0.704,0.632,0.776,0.656,False,False,False,False,False
RE1,L1,baro,e_diagnosis,RE1::SS,cpu;delay;disk;loss;mem,0.704,0.656,0.704,0.624,0.784,0.656,False,False,False,False,False
RE1,L1,baro,e_diagnosis,RE1::TT,cpu;delay;disk;loss;mem,0.56,0.656,0.5599999999999999,0.48,0.6399999999999999,0.656,False,False,False,False,False
RE1,L1,baro,rcd,RE1::OB,cpu;delay;disk;loss;mem,0.19466666666666665,0.3751111111111111,0.19466666666666668,0.10400000000000001,0.2853333333333334,0.3751111111111111,False,False,False,False,False
RE1,L1,baro,rcd,RE1::SS,cpu;delay;disk;loss;mem,0.45866666666666667,0.3751111111111111,0.45866666666666667,0.36000000000000004,0.552,0.3751111111111111,False,False,False,False,False
RE1,L1,baro,rcd,RE1::TT,cpu;delay;disk;loss;mem,0.472,0.3751111111111111,0.4720000000000001,0.38933333333333336,0.5546666666666666,0.3751111111111111,False,False,False,False,False
RE1,L1,causalrca,circa,RE1::OB,cpu;delay;disk;loss;mem,-0.05600000000000001,-0.25866666666666666,-0.05600000000000001,-0.14666666666666667,0.03199999999999999,-0.25866666666666666,True,False,False,False,False
RE1,L1,causalrca,circa,RE1::SS,cpu;delay;disk;loss;mem,-0.5279999999999999,-0.25866666666666666,-0.5279999999999999,-0.6133333333333333,-0.44000000000000006,-0.25866666666666666,False,False,False,False,False
RE1,L1,causalrca,circa,RE1::TT,cpu;delay;disk;loss;mem,-0.19200000000000003,-0.25866666666666666,-0.192,-0.28,-0.10400000000000002,-0.25866666666666666,False,False,False,False,False
RE1,L1,causalrca,e_diagnosis,RE1::OB,cpu;delay;disk;loss;mem,0.5840000000000001,0.2506666666666667,0.584,0.52,0.6479999999999999,0.25066666666666665,False,False,False,False,False
RE1,L1,causalrca,e_diagnosis,RE1::SS,cpu;delay;disk;loss;mem,0.031999999999999994,0.2506666666666667,0.031999999999999994,-0.05066666666666667,0.11199999999999999,0.25066666666666665,True,False,False,False,False
RE1,L1,causalrca,e_diagnosis,RE1::TT,cpu;delay;disk;loss;mem,0.13599999999999998,0.2506666666666667,0.13599999999999998,0.09866666666666665,0.176,0.25066666666666665,False,False,False,False,False
RE1,L1,causalrca,rcd,RE1::OB,cpu;delay;disk;loss;mem,0.07466666666666667,-0.030222222222222223,0.07466666666666669,-0.013333333333333341,0.16533333333333333,-0.030222222222222216,True,True,True,False,False
RE1,L1,causalrca,rcd,RE1::SS,cpu;delay;disk;loss;mem,-0.21333333333333335,-0.030222222222222223,-0.21333333333333332,-0.29333333333333333,-0.13333333333333333,-0.030222222222222216,False,False,False,False,False
RE1,L1,causalrca,rcd,RE1::TT,cpu;delay;disk;loss;mem,0.047999999999999994,-0.030222222222222223,0.047999999999999994,-0.015999999999999997,0.10933333333333332,-0.030222222222222216,True,True,True,False,False
RE1,L1,circa,e_diagnosis,RE1::OB,cpu;delay;disk;loss;mem,0.64,0.5093333333333334,0.6399999999999999,0.56,0.7120000000000001,0.5093333333333333,False,False,False,False,False
RE1,L1,circa,e_diagnosis,RE1::SS,cpu;delay;disk;loss;mem,0.56,0.5093333333333334,0.5599999999999999,0.472,0.648,0.5093333333333333,False,False,False,False,False
RE1,L1,circa,e_diagnosis,RE1::TT,cpu;delay;disk;loss;mem,0.328,0.5093333333333334,0.328,0.24800000000000005,0.40800000000000003,0.5093333333333333,False,False,False,False,False
RE1,L1,circa,rcd,RE1::OB,cpu;delay;disk;loss;mem,0.13066666666666665,0.22844444444444445,0.13066666666666665,0.029333333333333343,0.22933333333333333,0.22844444444444445,True,False,False,False,False
RE1,L1,circa,rcd,RE1::SS,cpu;delay;disk;loss;mem,0.3146666666666667,0.22844444444444445,0.31466666666666665,0.19466666666666668,0.4293333333333334,0.22844444444444445,False,False,False,False,False
RE1,L1,circa,rcd,RE1::TT,cpu;delay;disk;loss;mem,0.24,0.22844444444444445,0.24000000000000005,0.15466666666666667,0.32533333333333336,0.22844444444444445,False,False,False,False,False
RE1,L1,e_diagnosis,rcd,RE1::OB,cpu;delay;disk;loss;mem,-0.5093333333333333,-0.28088888888888885,-0.5093333333333333,-0.5786666666666667,-0.43999999999999995,-0.28088888888888885,False,False,False,False,False
RE1,L1,e_diagnosis,rcd,RE1::SS,cpu;delay;disk;loss;mem,-0.24533333333333332,-0.28088888888888885,-0.24533333333333335,-0.3466666666666667,-0.14399999999999996,-0.28088888888888885,False,False,False,False,False
RE1,L1,e_diagnosis,rcd,RE1::TT,cpu;delay;disk;loss;mem,-0.088,-0.28088888888888885,-0.088,-0.13066666666666665,-0.048,-0.28088888888888885,False,False,False,False,False
RE1,L2,alertcount,baro,RE1::OB,cpu;delay;disk;loss;mem,-0.344,-0.4426666666666666,-0.344,-0.44000000000000006,-0.248,-0.44266666666666676,False,False,False,False,False
RE1,L2,alertcount,baro,RE1::SS,cpu;delay;disk;loss;mem,-0.472,-0.4426666666666666,-0.4720000000000001,-0.576,-0.36000000000000004,-0.44266666666666676,False,False,False,False,False
RE1,L2,alertcount,baro,RE1::TT,cpu;delay;disk;loss;mem,-0.512,-0.4426666666666666,-0.5120000000000001,-0.608,-0.41600000000000004,-0.44266666666666676,False,False,False,False,False
RE1,L2,alertcount,causalrca,RE1::OB,cpu;delay;disk;loss;mem,-0.22399999999999998,-0.03733333333333332,-0.22399999999999998,-0.31733333333333336,-0.13066666666666665,-0.03733333333333332,True,False,False,False,False
RE1,L2,alertcount,causalrca,RE1::SS,cpu;delay;disk;loss;mem,0.2,-0.03733333333333332,0.2,0.10400000000000001,0.2986666666666667,-0.03733333333333332,False,True,True,True,False
RE1,L2,alertcount,causalrca,RE1::TT,cpu;delay;disk;loss;mem,-0.088,-0.03733333333333332,-0.088,-0.14139999999999994,-0.02933333333333333,-0.03733333333333332,True,False,False,False,False
RE1,L2,alertcount,cd1min,RE1::OB,cpu;delay;disk;loss;mem,-0.336,-0.37333333333333335,-0.336,-0.44000000000000006,-0.23200000000000004,-0.37333333333333335,False,False,False,False,False
RE1,L2,alertcount,cd1min,RE1::SS,cpu;delay;disk;loss;mem,-0.552,-0.37333333333333335,-0.552,-0.648,-0.45599999999999996,-0.37333333333333335,False,False,False,False,False
RE1,L2,alertcount,cd1min,RE1::TT,cpu;delay;disk;loss;mem,-0.232,-0.37333333333333335,-0.23200000000000004,-0.312,-0.152,-0.37333333333333335,True,False,False,False,False
RE1,L2,alertcount,circa,RE1::OB,cpu;delay;disk;loss;mem,-0.28,-0.29600000000000004,-0.27999999999999997,-0.384,-0.176,-0.296,False,False,False,False,False
RE1,L2,alertcount,circa,RE1::SS,cpu;delay;disk;loss;mem,-0.328,-0.29600000000000004,-0.328,-0.44800000000000006,-0.2,-0.296,False,False,False,False,False
RE1,L2,alertcount,circa,RE1::TT,cpu;delay;disk;loss;mem,-0.28,-0.29600000000000004,-0.27999999999999997,-0.368,-0.192,-0.296,False,False,False,False,False
RE1,L2,alertcount,e_diagnosis,RE1::OB,cpu;delay;disk;loss;mem,0.36,0.21333333333333335,0.36000000000000004,0.272,0.44000000000000006,0.21333333333333337,False,False,False,False,False
RE1,L2,alertcount,e_diagnosis,RE1::SS,cpu;delay;disk;loss;mem,0.232,0.21333333333333335,0.23200000000000004,0.12000000000000002,0.344,0.21333333333333337,False,False,False,False,False
RE1,L2,alertcount,e_diagnosis,RE1::TT,cpu;delay;disk;loss;mem,0.048,0.21333333333333335,0.048,0.016,0.088,0.21333333333333337,False,False,False,False,False
RE1,L2,alertcount,max_z,RE1::OB,cpu;delay;disk;loss;mem,-0.112,-0.2853333333333333,-0.11200000000000002,-0.21600000000000003,-0.007999999999999991,-0.2853333333333333,False,False,False,False,False
RE1,L2,alertcount,max_z,RE1::SS,cpu;delay;disk;loss;mem,-0.368,-0.2853333333333333,-0.368,-0.48,-0.25599999999999995,-0.2853333333333333,False,False,False,False,False
RE1,L2,alertcount,max_z,RE1::TT,cpu;delay;disk;loss;mem,-0.376,-0.2853333333333333,-0.376,-0.4640000000000001,-0.288,-0.2853333333333333,False,False,False,False,False
RE1,L2,alertcount,rcd,RE1::OB,cpu;delay;disk;loss;mem,-0.14933333333333335,-0.06755555555555555,-0.14933333333333332,-0.24533333333333332,-0.05066666666666665,-0.06755555555555555,True,False,False,False,False
RE1,L2,alertcount,rcd,RE1::SS,cpu;delay;disk;loss;mem,-0.013333333333333327,-0.06755555555555555,-0.013333333333333326,-0.1253333333333333,0.09866666666666668,-0.06755555555555555,True,False,False,False,False
RE1,L2,alertcount,rcd,RE1::TT,cpu;delay;disk;loss;mem,-0.03999999999999999,-0.06755555555555555,-0.039999999999999994,-0.096,0.016000000000000004,-0.06755555555555555,True,False,False,False,False
RE1,L2,baro,causalrca,RE1::OB,cpu;delay;disk;loss;mem,0.12000000000000001,0.4053333333333333,0.12,0.045333333333333344,0.19733333333333333,0.4053333333333334,False,False,False,False,False
RE1,L2,baro,causalrca,RE1::SS,cpu;delay;disk;loss;mem,0.672,0.4053333333333333,0.672,0.5946666666666667,0.744,0.4053333333333334,False,False,False,False,False
RE1,L2,baro,causalrca,RE1::TT,cpu;delay;disk;loss;mem,0.424,0.4053333333333333,0.42400000000000004,0.336,0.5093333333333334,0.4053333333333334,False,False,False,False,False
RE1,L2,baro,cd1min,RE1::OB,cpu;delay;disk;loss;mem,0.008,0.06933333333333334,0.008000000000000002,-0.07999999999999999,0.096,0.06933333333333332,True,False,False,False,False
RE1,L2,baro,cd1min,RE1::SS,cpu;delay;disk;loss;mem,-0.08,0.06933333333333334,-0.08000000000000002,-0.136,-0.024,0.06933333333333332,True,True,True,True,False
RE1,L2,baro,cd1min,RE1::TT,cpu;delay;disk;loss;mem,0.28,0.06933333333333334,0.27999999999999997,0.176,0.376,0.06933333333333332,True,False,False,False,False
RE1,L2,baro,circa,RE1::OB,cpu;delay;disk;loss;mem,0.064,0.14666666666666667,0.064,-0.032,0.16,0.1466666666666667,True,False,False,False,False
RE1,L2,baro,circa,RE1::SS,cpu;delay;disk;loss;mem,0.144,0.14666666666666667,0.144,0.06399999999999999,0.23199999999999998,0.1466666666666667,False,False,False,False,False
RE1,L2,baro,circa,RE1::TT,cpu;delay;disk;loss;mem,0.232,0.14666666666666667,0.23200000000000004,0.136,0.328,0.1466666666666667,False,False,False,False,False
RE1,L2,baro,e_diagnosis,RE1::OB,cpu;delay;disk;loss;mem,0.704,0.656,0.704,0.632,0.776,0.656,False,False,False,False,False
RE1,L2,baro,e_diagnosis,RE1::SS,cpu;delay;disk;loss;mem,0.704,0.656,0.704,0.624,0.784,0.656,False,False,False,False,False
RE1,L2,baro,e_diagnosis,RE1::TT,cpu;delay;disk;loss;mem,0.56,0.656,0.5599999999999999,0.48,0.6399999999999999,0.656,False,False,False,False,False
RE1,L2,baro,max_z,RE1::OB,cpu;delay;disk;loss;mem,0.232,0.15733333333333335,0.23200000000000004,0.144,0.32799999999999996,0.15733333333333335,False,False,False,False,False
RE1,L2,baro,max_z,RE1::SS,cpu;delay;disk;loss;mem,0.104,0.15733333333333335,0.10400000000000001,0.039999999999999994,0.176,0.15733333333333335,False,False,False,False,False
RE1,L2,baro,max_z,RE1::TT,cpu;delay;disk;loss;mem,0.136,0.15733333333333335,0.136,0.048,0.22399999999999998,0.15733333333333335,False,False,False,False,False
RE1,L2,baro,rcd,RE1::OB,cpu;delay;disk;loss;mem,0.19466666666666665,0.3751111111111111,0.19466666666666668,0.10400000000000001,0.2853333333333334,0.3751111111111111,False,False,False,False,False
RE1,L2,baro,rcd,RE1::SS,cpu;delay;disk;loss;mem,0.45866666666666667,0.3751111111111111,0.45866666666666667,0.36000000000000004,0.552,0.3751111111111111,False,False,False,False,False
RE1,L2,baro,rcd,RE1::TT,cpu;delay;disk;loss;mem,0.472,0.3751111111111111,0.4720000000000001,0.38933333333333336,0.5546666666666666,0.3751111111111111,False,False,False,False,False
RE1,L2,causalrca,cd1min,RE1::OB,cpu;delay;disk;loss;mem,-0.11200000000000003,-0.336,-0.11200000000000003,-0.19466666666666668,-0.02933333333333335,-0.336,True,False,False,False,False
RE1,L2,causalrca,cd1min,RE1::SS,cpu;delay;disk;loss;mem,-0.752,-0.336,-0.752,-0.8160000000000001,-0.6853333333333333,-0.336,False,False,False,False,False
RE1,L2,causalrca,cd1min,RE1::TT,cpu;delay;disk;loss;mem,-0.14400000000000002,-0.336,-0.14400000000000004,-0.22399999999999998,-0.06666666666666668,-0.336,True,False,False,False,False
RE1,L2,causalrca,circa,RE1::OB,cpu;delay;disk;loss;mem,-0.05600000000000001,-0.25866666666666666,-0.05600000000000001,-0.14666666666666667,0.03199999999999999,-0.25866666666666666,True,False,False,False,False
RE1,L2,causalrca,circa,RE1::SS,cpu;delay;disk;loss;mem,-0.5279999999999999,-0.25866666666666666,-0.5279999999999999,-0.6133333333333333,-0.44000000000000006,-0.25866666666666666,False,False,False,False,False
RE1,L2,causalrca,circa,RE1::TT,cpu;delay;disk;loss;mem,-0.19200000000000003,-0.25866666666666666,-0.192,-0.28,-0.10400000000000002,-0.25866666666666666,False,False,False,False,False
RE1,L2,causalrca,e_diagnosis,RE1::OB,cpu;delay;disk;loss;mem,0.5840000000000001,0.2506666666666667,0.584,0.52,0.6479999999999999,0.25066666666666665,False,False,False,False,False
RE1,L2,causalrca,e_diagnosis,RE1::SS,cpu;delay;disk;loss;mem,0.031999999999999994,0.2506666666666667,0.031999999999999994,-0.05066666666666667,0.11199999999999999,0.25066666666666665,True,False,False,False,False
RE1,L2,causalrca,e_diagnosis,RE1::TT,cpu;delay;disk;loss;mem,0.13599999999999998,0.2506666666666667,0.13599999999999998,0.09866666666666665,0.176,0.25066666666666665,False,False,False,False,False
RE1,L2,causalrca,max_z,RE1::OB,cpu;delay;disk;loss;mem,0.11199999999999999,-0.248,0.11199999999999996,0.010666666666666658,0.2133333333333333,-0.24800000000000003,True,True,True,True,False
RE1,L2,causalrca,max_z,RE1::SS,cpu;delay;disk;loss;mem,-0.568,-0.248,-0.5680000000000001,-0.656,-0.47733333333333333,-0.24800000000000003,False,False,False,False,False
RE1,L2,causalrca,max_z,RE1::TT,cpu;delay;disk;loss;mem,-0.288,-0.248,-0.28800000000000003,-0.376,-0.2026666666666667,-0.24800000000000003,False,False,False,False,False
RE1,L2,causalrca,rcd,RE1::OB,cpu;delay;disk;loss;mem,0.07466666666666667,-0.030222222222222223,0.07466666666666669,-0.013333333333333341,0.16533333333333333,-0.030222222222222216,True,True,True,False,False
RE1,L2,causalrca,rcd,RE1::SS,cpu;delay;disk;loss;mem,-0.21333333333333335,-0.030222222222222223,-0.21333333333333332,-0.29333333333333333,-0.13333333333333333,-0.030222222222222216,False,False,False,False,False
RE1,L2,causalrca,rcd,RE1::TT,cpu;delay;disk;loss;mem,0.047999999999999994,-0.030222222222222223,0.047999999999999994,-0.015999999999999997,0.10933333333333332,-0.030222222222222216,True,True,True,False,False
RE1,L2,cd1min,circa,RE1::OB,cpu;delay;disk;loss;mem,0.056,0.07733333333333335,0.05600000000000001,-0.039999999999999994,0.14400000000000002,0.07733333333333335,True,False,False,False,False
RE1,L2,cd1min,circa,RE1::SS,cpu;delay;disk;loss;mem,0.224,0.07733333333333335,0.22400000000000003,0.144,0.30400000000000005,0.07733333333333335,False,False,False,False,False
RE1,L2,cd1min,circa,RE1::TT,cpu;delay;disk;loss;mem,-0.048,0.07733333333333335,-0.047999999999999994,-0.152,0.05600000000000001,0.07733333333333335,True,True,True,False,False
RE1,L2,cd1min,e_diagnosis,RE1::OB,cpu;delay;disk;loss;mem,0.696,0.5866666666666667,0.6960000000000001,0.624,0.768,0.5866666666666667,False,False,False,False,False
RE1,L2,cd1min,e_diagnosis,RE1::SS,cpu;delay;disk;loss;mem,0.784,0.5866666666666667,0.784,0.712,0.8480000000000001,0.5866666666666667,False,False,False,False,False
RE1,L2,cd1min,e_diagnosis,RE1::TT,cpu;delay;disk;loss;mem,0.28,0.5866666666666667,0.28,0.20800000000000002,0.352,0.5866666666666667,False,False,False,False,False
RE1,L2,cd1min,max_z,RE1::OB,cpu;delay;disk;loss;mem,0.224,0.08800000000000001,0.22399999999999998,0.12,0.32799999999999996,0.08800000000000001,True,False,False,False,False
RE1,L2,cd1min,max_z,RE1::SS,cpu;delay;disk;loss;mem,0.184,0.08800000000000001,0.184,0.11200000000000002,0.256,0.08800000000000001,False,False,False,False,False
RE1,L2,cd1min,max_z,RE1::TT,cpu;delay;disk;loss;mem,-0.144,0.08800000000000001,-0.144,-0.248,-0.04,0.08800000000000001,True,True,True,True,False
RE1,L2,cd1min,rcd,RE1::OB,cpu;delay;disk;loss;mem,0.18666666666666662,0.3057777777777778,0.1866666666666667,0.08800000000000001,0.28266666666666673,0.30577777777777776,False,False,False,False,False
RE1,L2,cd1min,rcd,RE1::SS,cpu;delay;disk;loss;mem,0.5386666666666667,0.3057777777777778,0.5386666666666666,0.45066666666666666,0.6213333333333335,0.30577777777777776,False,False,False,False,False
RE1,L2,cd1min,rcd,RE1::TT,cpu;delay;disk;loss;mem,0.19200000000000003,0.3057777777777778,0.192,0.10933333333333335,0.2773333333333333,0.30577777777777776,True,False,False,False,False
RE1,L2,circa,e_diagnosis,RE1::OB,cpu;delay;disk;loss;mem,0.64,0.5093333333333334,0.6399999999999999,0.56,0.7120000000000001,0.5093333333333333,False,False,False,False,False
RE1,L2,circa,e_diagnosis,RE1::SS,cpu;delay;disk;loss;mem,0.56,0.5093333333333334,0.5599999999999999,0.472,0.648,0.5093333333333333,False,False,False,False,False
RE1,L2,circa,e_diagnosis,RE1::TT,cpu;delay;disk;loss;mem,0.328,0.5093333333333334,0.328,0.24800000000000005,0.40800000000000003,0.5093333333333333,False,False,False,False,False
RE1,L2,circa,max_z,RE1::OB,cpu;delay;disk;loss;mem,0.168,0.010666666666666666,0.168,0.064,0.272,0.010666666666666666,True,False,False,False,False
RE1,L2,circa,max_z,RE1::SS,cpu;delay;disk;loss;mem,-0.04,0.010666666666666666,-0.039999999999999994,-0.144,0.064,0.010666666666666666,True,True,True,False,False
RE1,L2,circa,max_z,RE1::TT,cpu;delay;disk;loss;mem,-0.096,0.010666666666666666,-0.096,-0.192,0.0,0.010666666666666666,True,True,True,False,False
RE1,L2,circa,rcd,RE1::OB,cpu;delay;disk;loss;mem,0.13066666666666665,0.22844444444444445,0.13066666666666665,0.029333333333333343,0.22933333333333333,0.22844444444444445,True,False,False,False,False
RE1,L2,circa,rcd,RE1::SS,cpu;delay;disk;loss;mem,0.3146666666666667,0.22844444444444445,0.31466666666666665,0.19466666666666668,0.4293333333333334,0.22844444444444445,False,False,False,False,False
RE1,L2,circa,rcd,RE1::TT,cpu;delay;disk;loss;mem,0.24,0.22844444444444445,0.24000000000000005,0.15466666666666667,0.32533333333333336,0.22844444444444445,False,False,False,False,False
RE1,L2,e_diagnosis,max_z,RE1::OB,cpu;delay;disk;loss;mem,-0.472,-0.49866666666666665,-0.472,-0.56,-0.384,-0.49866666666666665,False,False,False,False,False
RE1,L2,e_diagnosis,max_z,RE1::SS,cpu;delay;disk;loss;mem,-0.6,-0.49866666666666665,-0.6,-0.696,-0.504,-0.49866666666666665,False,False,False,False,False
RE1,L2,e_diagnosis,max_z,RE1::TT,cpu;delay;disk;loss;mem,-0.424,-0.49866666666666665,-0.42400000000000004,-0.504,-0.34400000000000003,-0.49866666666666665,False,False,False,False,False
RE1,L2,e_diagnosis,rcd,RE1::OB,cpu;delay;disk;loss;mem,-0.5093333333333333,-0.28088888888888885,-0.5093333333333333,-0.5786666666666667,-0.43999999999999995,-0.28088888888888885,False,False,False,False,False
RE1,L2,e_diagnosis,rcd,RE1::SS,cpu;delay;disk;loss;mem,-0.24533333333333332,-0.28088888888888885,-0.24533333333333335,-0.3466666666666667,-0.14399999999999996,-0.28088888888888885,False,False,False,False,False
RE1,L2,e_diagnosis,rcd,RE1::TT,cpu;delay;disk;loss;mem,-0.088,-0.28088888888888885,-0.088,-0.13066666666666665,-0.048,-0.28088888888888885,False,False,False,False,False
RE1,L2,max_z,rcd,RE1::OB,cpu;delay;disk;loss;mem,-0.03733333333333333,0.21777777777777776,-0.037333333333333316,-0.144,0.072,0.21777777777777776,True,True,True,False,False
RE1,L2,max_z,rcd,RE1::SS,cpu;delay;disk;loss;mem,0.3546666666666667,0.21777777777777776,0.3546666666666667,0.2533333333333333,0.4533333333333333,0.21777777777777776,False,False,False,False,False
RE1,L2,max_z,rcd,RE1::TT,cpu;delay;disk;loss;mem,0.336,0.21777777777777776,0.336,0.2533333333333333,0.4213333333333333,0.21777777777777776,False,False,False,False,False
RE2,L1,baro,causalrca,RE2::OB,cpu;delay;disk;loss;mem;socket,-0.06296296296296296,0.1049382716049383,-0.06296296296296294,-0.15555555555555556,0.029629629629629634,0.10493827160493828,True,True,True,False,False
RE2,L1,baro,causalrca,RE2::SS,cpu;delay;disk;loss;mem;socket,-0.08148148148148147,0.1049382716049383,-0.08148148148148147,-0.16296296296296295,-0.0037037037037037,0.10493827160493828,True,True,True,True,False
RE2,L1,baro,causalrca,RE2::TT,cpu;delay;disk;loss;mem;socket,0.4592592592592593,0.1049382716049383,0.45925925925925926,0.35555555555555557,0.5592592592592592,0.10493827160493828,False,False,False,False,False
RE2,L1,baro,circa,RE2::OB,cpu;delay;disk;loss;mem;socket,-0.5222222222222223,-0.3703703703703704,-0.5222222222222223,-0.6333333333333333,-0.4000000000000001,-0.3703703703703704,False,False,False,False,False
RE2,L1,baro,circa,RE2::SS,cpu;delay;disk;loss;mem;socket,-0.7111111111111111,-0.3703703703703704,-0.7111111111111111,-0.7999999999999999,-0.6222222222222222,-0.3703703703703704,False,False,False,False,False
RE2,L1,baro,circa,RE2::TT,cpu;delay;disk;loss;mem;socket,0.12222222222222222,-0.3703703703703704,0.12222222222222223,0.011111111111111118,0.2333333333333333,-0.3703703703703704,True,True,True,True,False
RE2,L1,baro,e_diagnosis,RE2::OB,cpu;delay;disk;loss;mem;socket,0.1111111111111111,0.22962962962962963,0.1111111111111111,0.03333333333333333,0.18888888888888888,0.22962962962962963,True,False,False,False,False
RE2,L1,baro,e_diagnosis,RE2::SS,cpu;delay;disk;loss;mem;socket,-0.08888888888888889,0.22962962962962963,-0.08888888888888889,-0.17777777777777778,0.0,0.22962962962962963,True,True,True,False,False
RE2,L1,baro,e_diagnosis,RE2::TT,cpu;delay;disk;loss;mem;socket,0.6666666666666666,0.22962962962962963,0.6666666666666666,0.5777777777777778,0.7555555555555555,0.22962962962962963,False,False,False,False,False
RE2,L1,baro,microrank,RE2::OB,cpu;delay;disk;loss;mem;socket,0.14444444444444443,0.34444444444444444,0.14444444444444446,0.08888888888888889,0.2111111111111111,0.3444444444444445,False,False,False,False,False
RE2,L1,baro,microrank,RE2::TT,cpu;delay;disk;loss;mem;socket,0.5444444444444444,0.34444444444444444,0.5444444444444445,0.4222222222222223,0.6666666666666666,0.3444444444444445,False,False,False,False,False
RE2,L1,baro,mmbaro,RE2::OB,cpu;delay;disk;loss;mem;socket,-0.022222222222222223,-0.014814814814814815,-0.022222222222222223,-0.06666666666666667,0.022222222222222223,-0.014814814814814815,True,False,False,False,False
RE2,L1,baro,mmbaro,RE2::SS,cpu;delay;disk;loss;mem;socket,0.0,-0.014814814814814815,0.0,-0.03333333333333333,0.03333333333333333,-0.014814814814814815,False,False,False,False,False
RE2,L1,baro,mmbaro,RE2::TT,cpu;delay;disk;loss;mem;socket,-0.022222222222222223,-0.014814814814814815,-0.022222222222222223,-0.07777777777777778,0.03333333333333333,-0.014814814814814815,False,False,False,False,False
RE2,L1,baro,simplerca_author,RE2::OB,cpu;delay;disk;loss;mem;socket,-0.32222222222222224,-0.2111111111111111,-0.3222222222222222,-0.43333333333333335,-0.2111111111111111,-0.2111111111111111,False,False,False,False,False
RE2,L1,baro,simplerca_author,RE2::SS,cpu;delay;disk;loss;mem;socket,-0.17777777777777778,-0.2111111111111111,-0.17777777777777778,-0.25555555555555554,-0.09999999999999999,-0.2111111111111111,False,False,False,False,False
RE2,L1,baro,simplerca_author,RE2::TT,cpu;delay;disk;loss;mem;socket,-0.13333333333333333,-0.2111111111111111,-0.13333333333333333,-0.21138888888888863,-0.05555555555555555,-0.2111111111111111,True,False,False,False,False
RE2,L1,baro,tracerca,RE2::OB,cpu;delay;disk;loss;mem;socket,0.044444444444444446,0.08888888888888889,0.044444444444444446,-0.04444444444444445,0.13333333333333333,0.08888888888888889,True,False,False,False,False
RE2,L1,baro,tracerca,RE2::TT,cpu;delay;disk;loss;mem;socket,0.13333333333333333,0.08888888888888889,0.13333333333333333,0.011111111111111106,0.25555555555555554,0.08888888888888889,True,False,False,False,False
RE2,L1,causalrca,circa,RE2::OB,cpu;delay;disk;loss;mem;socket,-0.4592592592592593,-0.4753086419753087,-0.45925925925925926,-0.5592592592592592,-0.3592592592592592,-0.4753086419753087,False,False,False,False,False
RE2,L1,causalrca,circa,RE2::SS,cpu;delay;disk;loss;mem;socket,-0.6296296296296297,-0.4753086419753087,-0.6296296296296297,-0.7222222222222223,-0.525925925925926,-0.4753086419753087,False,False,False,False,False
RE2,L1,causalrca,circa,RE2::TT,cpu;delay;disk;loss;mem;socket,-0.3370370370370371,-0.4753086419753087,-0.337037037037037,-0.4444444444444444,-0.22962962962962963,-0.4753086419753087,True,False,False,False,False
RE2,L1,causalrca,e_diagnosis,RE2::OB,cpu;delay;disk;loss;mem;socket,0.17407407407407408,0.12469135802469133,0.17407407407407405,0.09629629629629628,0.2518518518518518,0.12469135802469133,False,False,False,False,False
RE2,L1,causalrca,e_diagnosis,RE2::SS,cpu;delay;disk;loss;mem;socket,-0.00740740740740741,0.12469135802469133,-0.0074074074074074155,-0.1037037037037037,0.08888888888888886,0.12469135802469133,True,True,True,False,False
RE2,L1,causalrca,e_diagnosis,RE2::TT,cpu;delay;disk;loss;mem;socket,0.20740740740740737,0.12469135802469133,0.20740740740740737,0.16296296296296295,0.25555555555555554,0.12469135802469133,False,False,False,False,False
RE2,L1,causalrca,microrank,RE2::OB,cpu;delay;disk;loss;mem;socket,0.20740740740740737,0.14629629629629626,0.2074074074074074,0.14444444444444446,0.2740740740740741,0.14629629629629629,False,False,False,False,False
RE2,L1,causalrca,microrank,RE2::TT,cpu;delay;disk;loss;mem;socket,0.08518518518518516,0.14629629629629626,0.08518518518518518,-1.850371707708594e-17,0.16666666666666666,0.14629629629629629,True,False,False,False,False
RE2,L1,causalrca,mmbaro,RE2::OB,cpu;delay;disk;loss;mem;socket,0.04074074074074074,-0.11975308641975309,0.04074074074074074,-0.05555555555555556,0.14074074074074072,-0.11975308641975309,True,True,True,False,False
RE2,L1,causalrca,mmbaro,RE2::SS,cpu;delay;disk;loss;mem;socket,0.08148148148148149,-0.11975308641975309,0.08148148148148147,0.007407407407407383,0.15925925925925927,-0.11975308641975309,True,True,True,True,False
RE2,L1,causalrca,mmbaro,RE2::TT,cpu;delay;disk;loss;mem;socket,-0.4814814814814815,-0.11975308641975309,-0.48148148148148145,-0.5814814814814815,-0.3776851851851865,-0.11975308641975309,False,False,False,False,False
RE2,L1,causalrca,simplerca_author,RE2::OB,cpu;delay;disk;loss;mem;socket,-0.2592592592592593,-0.31604938271604943,-0.25925925925925924,-0.3666666666666667,-0.14814814814814817,-0.3160493827160494,False,False,False,False,False
RE2,L1,causalrca,simplerca_author,RE2::SS,cpu;delay;disk;loss;mem;socket,-0.09629629629629631,-0.31604938271604943,-0.09629629629629631,-0.18518518518518523,-1.3877787807814457e-17,-0.3160493827160494,True,False,False,False,False
RE2,L1,causalrca,simplerca_author,RE2::TT,cpu;delay;disk;loss;mem;socket,-0.5925925925925927,-0.31604938271604943,-0.5925925925925927,-0.6777777777777777,-0.5037037037037038,-0.3160493827160494,False,False,False,False,False
RE2,L1,causalrca,tracerca,RE2::OB,cpu;delay;disk;loss;mem;socket,0.1074074074074074,-0.10925925925925928,0.1074074074074074,0.018518518518518514,0.1962962962962963,-0.10925925925925928,True,True,True,True,False
RE2,L1,causalrca,tracerca,RE2::TT,cpu;delay;disk;loss;mem;socket,-0.32592592592592595,-0.10925925925925928,-0.32592592592592595,-0.42962962962962964,-0.22222222222222224,-0.10925925925925928,False,False,False,False,False
RE2,L1,circa,e_diagnosis,RE2::OB,cpu;delay;disk;loss;mem;socket,0.6333333333333333,0.6,0.6333333333333334,0.5333333333333333,0.7333333333333333,0.6,False,False,False,False,False
RE2,L1,circa,e_diagnosis,RE2::SS,cpu;delay;disk;loss;mem;socket,0.6222222222222222,0.6,0.6222222222222222,0.5,0.7333333333333334,0.6,False,False,False,False,False
RE2,L1,circa,e_diagnosis,RE2::TT,cpu;delay;disk;loss;mem;socket,0.5444444444444444,0.6,0.5444444444444444,0.45555555555555555,0.6333333333333334,0.6,False,False,False,False,False
RE2,L1,circa,microrank,RE2::OB,cpu;delay;disk;loss;mem;socket,0.6666666666666666,0.5444444444444444,0.6666666666666666,0.5666666666666668,0.7555555555555555,0.5444444444444444,False,False,False,False,False
RE2,L1,circa,microrank,RE2::TT,cpu;delay;disk;loss;mem;socket,0.4222222222222222,0.5444444444444444,0.4222222222222222,0.3111111111111111,0.5222222222222223,0.5444444444444444,False,False,False,False,False
RE2,L1,circa,mmbaro,RE2::OB,cpu;delay;disk;loss;mem;socket,0.5,0.3555555555555556,0.5000000000000001,0.37777777777777777,0.6111111111111112,0.3555555555555556,False,False,False,False,False
RE2,L1,circa,mmbaro,RE2::SS,cpu;delay;disk;loss;mem;socket,0.7111111111111111,0.3555555555555556,0.7111111111111111,0.6222222222222222,0.7999999999999999,0.3555555555555556,False,False,False,False,False
RE2,L1,circa,mmbaro,RE2::TT,cpu;delay;disk;loss;mem;socket,-0.14444444444444443,0.3555555555555556,-0.14444444444444446,-0.2555555555555556,-0.03333333333333333,0.3555555555555556,True,True,True,True,False
RE2,L1,circa,simplerca_author,RE2::OB,cpu;delay;disk;loss;mem;socket,0.2,0.1592592592592593,0.19999999999999998,0.07777777777777778,0.3222222222222222,0.15925925925925924,False,False,False,False,False
RE2,L1,circa,simplerca_author,RE2::SS,cpu;delay;disk;loss;mem;socket,0.5333333333333333,0.1592592592592593,0.5333333333333333,0.43333333333333335,0.6222222222222222,0.15925925925925924,False,False,False,False,False
RE2,L1,circa,simplerca_author,RE2::TT,cpu;delay;disk;loss;mem;socket,-0.25555555555555554,0.1592592592592593,-0.25555555555555554,-0.3666666666666667,-0.13333333333333333,0.15925925925925924,True,True,True,True,False
RE2,L1,circa,tracerca,RE2::OB,cpu;delay;disk;loss;mem;socket,0.5666666666666667,0.28888888888888886,0.5666666666666668,0.45555555555555555,0.6777777777777777,0.2888888888888889,False,False,False,False,False
RE2,L1,circa,tracerca,RE2::TT,cpu;delay;disk;loss;mem;socket,0.011111111111111112,0.28888888888888886,0.011111111111111108,-0.13333333333333333,0.14444444444444446,0.2888888888888889,True,False,False,False,False
RE2,L1,e_diagnosis,microrank,RE2::OB,cpu;delay;disk;loss;mem;socket,0.03333333333333333,-0.04444444444444444,0.03333333333333333,0.0,0.07777777777777778,-0.04444444444444445,False,True,True,False,False
RE2,L1,e_diagnosis,microrank,RE2::TT,cpu;delay;disk;loss;mem;socket,-0.12222222222222222,-0.04444444444444444,-0.12222222222222223,-0.18888888888888888,-0.05555555555555556,-0.04444444444444445,False,False,False,False,False
RE2,L1,e_diagnosis,mmbaro,RE2::OB,cpu;delay;disk;loss;mem;socket,-0.13333333333333333,-0.24444444444444444,-0.13333333333333333,-0.2111111111111111,-0.05555555555555555,-0.24444444444444438,True,False,False,False,False
RE2,L1,e_diagnosis,mmbaro,RE2::SS,cpu;delay;disk;loss;mem;socket,0.08888888888888889,-0.24444444444444444,0.08888888888888889,-2.3129646346357427e-18,0.17777777777777778,-0.24444444444444438,True,True,True,False,False
RE2,L1,e_diagnosis,mmbaro,RE2::TT,cpu;delay;disk;loss;mem;socket,-0.6888888888888889,-0.24444444444444444,-0.6888888888888888,-0.7777777777777777,-0.6,-0.24444444444444438,False,False,False,False,False
RE2,L1,e_diagnosis,simplerca_author,RE2::OB,cpu;delay;disk;loss;mem;socket,-0.43333333333333335,-0.4407407407407408,-0.43333333333333335,-0.5333333333333333,-0.32222222222222224,-0.4407407407407407,False,False,False,False,False
RE2,L1,e_diagnosis,simplerca_author,RE2::SS,cpu;delay;disk;loss;mem;socket,-0.08888888888888889,-0.4407407407407408,-0.08888888888888889,-0.18888888888888886,0.011111111111111113,-0.4407407407407407,True,False,False,False,False
RE2,L1,e_diagnosis,simplerca_author,RE2::TT,cpu;delay;disk;loss;mem;socket,-0.8,-0.4407407407407408,-0.7999999999999999,-0.8777777777777778,-0.7222222222222222,-0.4407407407407407,False,False,False,False,False
RE2,L1,e_diagnosis,tracerca,RE2::OB,cpu;delay;disk;loss;mem;socket,-0.06666666666666667,-0.3,-0.06666666666666667,-0.14444444444444446,2.3707887505007948e-18,-0.3,False,False,False,False,False
RE2,L1,e_diagnosis,tracerca,RE2::TT,cpu;delay;disk;loss;mem;socket,-0.5333333333333333,-0.3,-0.5333333333333333,-0.6333333333333333,-0.43333333333333335,-0.3,False,False,False,False,False
RE2,L1,microrank,mmbaro,RE2::OB,cpu;delay;disk;loss;mem;socket,-0.16666666666666666,-0.36666666666666664,-0.16666666666666666,-0.2333333333333333,-0.09999999999999999,-0.36666666666666664,False,False,False,False,False
RE2,L1,microrank,mmbaro,RE2::TT,cpu;delay;disk;loss;mem;socket,-0.5666666666666667,-0.36666666666666664,-0.5666666666666667,-0.6888888888888888,-0.4444444444444445,-0.36666666666666664,False,False,False,False,False
RE2,L1,microrank,simplerca_author,RE2::OB,cpu;delay;disk;loss;mem;socket,-0.4666666666666667,-0.5722222222222222,-0.4666666666666666,-0.5666666666666667,-0.3666666666666667,-0.5722222222222223,False,False,False,False,False
RE2,L1,microrank,simplerca_author,RE2::TT,cpu;delay;disk;loss;mem;socket,-0.6777777777777778,-0.5722222222222222,-0.6777777777777779,-0.7888888888888889,-0.5555555555555556,-0.5722222222222223,False,False,False,False,False
RE2,L1,microrank,tracerca,RE2::OB,cpu;delay;disk;loss;mem;socket,-0.1,-0.25555555555555554,-0.09999999999999999,-0.16666666666666666,-0.044444444444444446,-0.2555555555555556,False,False,False,False,False
RE2,L1,microrank,tracerca,RE2::TT,cpu;delay;disk;loss;mem;socket,-0.4111111111111111,-0.25555555555555554,-0.41111111111111115,-0.5222222222222223,-0.3,-0.2555555555555556,False,False,False,False,False
RE2,L1,mmbaro,simplerca_author,RE2::OB,cpu;delay;disk;loss;mem;socket,-0.3,-0.19629629629629627,-0.3,-0.41111111111111115,-0.18888888888888888,-0.1962962962962963,False,False,False,False,False
RE2,L1,mmbaro,simplerca_author,RE2::SS,cpu;delay;disk;loss;mem;socket,-0.17777777777777778,-0.19629629629629627,-0.17777777777777778,-0.2555555555555556,-0.0888888888888889,-0.1962962962962963,False,False,False,False,False
RE2,L1,mmbaro,simplerca_author,RE2::TT,cpu;delay;disk;loss;mem;socket,-0.1111111111111111,-0.19629629629629627,-0.11111111111111112,-0.18888888888888888,-0.03333333333333333,-0.1962962962962963,True,False,False,False,False
RE2,L1,mmbaro,tracerca,RE2::OB,cpu;delay;disk;loss;mem;socket,0.06666666666666667,0.1111111111111111,0.06666666666666667,-0.022222222222222237,0.15555555555555556,0.1111111111111111,True,False,False,False,False
RE2,L1,mmbaro,tracerca,RE2::TT,cpu;delay;disk;loss;mem;socket,0.15555555555555556,0.1111111111111111,0.15555555555555556,0.033333333333333305,0.2777777777777778,0.1111111111111111,True,False,False,False,False
RE2,L1,simplerca_author,tracerca,RE2::OB,cpu;delay;disk;loss;mem;socket,0.36666666666666664,0.31666666666666665,0.3666666666666667,0.25555555555555554,0.4777777777777778,0.31666666666666665,False,False,False,False,False
RE2,L1,simplerca_author,tracerca,RE2::TT,cpu;delay;disk;loss;mem;socket,0.26666666666666666,0.31666666666666665,0.26666666666666666,0.13333333333333333,0.3888888888888889,0.31666666666666665,True,False,False,False,False
RE2,L2,alertcount,baro,RE2::OB,cpu;delay;disk;loss;mem;socket,0.06666666666666667,-0.022222222222222216,0.06666666666666665,-0.04444444444444443,0.17777777777777778,-0.022222222222222237,True,True,True,False,False
RE2,L2,alertcount,baro,RE2::SS,cpu;delay;disk;loss;mem;socket,0.32222222222222224,-0.022222222222222216,0.3222222222222222,0.2111111111111111,0.4333333333333333,-0.022222222222222237,False,True,True,True,False
RE2,L2,alertcount,baro,RE2::TT,cpu;delay;disk;loss;mem;socket,-0.45555555555555555,-0.022222222222222216,-0.45555555555555555,-0.5666666666666667,-0.3444444444444444,-0.022222222222222237,False,False,False,False,False
RE2,L2,alertcount,causalrca,RE2::OB,cpu;delay;disk;loss;mem;socket,0.0037037037037037177,0.08271604938271607,0.0037037037037037208,-0.1074074074074074,0.11851851851851852,0.08271604938271607,True,False,False,False,False
RE2,L2,alertcount,causalrca,RE2::SS,cpu;delay;disk;loss;mem;socket,0.24074074074074076,0.08271604938271607,0.24074074074074078,0.12592592592592594,0.35185185185185186,0.08271604938271607,False,False,False,False,False
RE2,L2,alertcount,causalrca,RE2::TT,cpu;delay;disk;loss;mem;socket,0.003703703703703725,0.08271604938271607,0.003703703703703714,-0.08148148148148147,0.09259259259259262,0.08271604938271607,True,False,False,False,False
RE2,L2,alertcount,cd1min,RE2::OB,cpu;delay;disk;loss;mem;socket,-0.5222222222222223,-0.5518518518518519,-0.5222222222222223,-0.6444444444444445,-0.39999999999999997,-0.5518518518518519,False,False,False,False,False
RE2,L2,alertcount,cd1min,RE2::SS,cpu;delay;disk;loss;mem;socket,-0.5555555555555556,-0.5518518518518519,-0.5555555555555556,-0.6555555555555556,-0.45555555555555555,-0.5518518518518519,False,False,False,False,False
RE2,L2,alertcount,cd1min,RE2::TT,cpu;delay;disk;loss;mem;socket,-0.5777777777777777,-0.5518518518518519,-0.5777777777777778,-0.6888888888888888,-0.4666666666666666,-0.5518518518518519,False,False,False,False,False
RE2,L2,alertcount,circa,RE2::OB,cpu;delay;disk;loss;mem;socket,-0.45555555555555555,-0.3925925925925926,-0.45555555555555555,-0.5777777777777778,-0.32222222222222224,-0.39259259259259255,False,False,False,False,False
RE2,L2,alertcount,circa,RE2::SS,cpu;delay;disk;loss;mem;socket,-0.3888888888888889,-0.3925925925925926,-0.38888888888888884,-0.5111111111111112,-0.26666666666666666,-0.39259259259259255,False,False,False,False,False
RE2,L2,alertcount,circa,RE2::TT,cpu;delay;disk;loss;mem;socket,-0.3333333333333333,-0.3925925925925926,-0.3333333333333333,-0.4444444444444445,-0.2111111111111111,-0.39259259259259255,False,False,False,False,False
RE2,L2,alertcount,e_diagnosis,RE2::OB,cpu;delay;disk;loss;mem;socket,0.17777777777777778,0.2074074074074074,0.17777777777777778,0.08888888888888889,0.26666666666666666,0.2074074074074074,False,False,False,False,False
RE2,L2,alertcount,e_diagnosis,RE2::SS,cpu;delay;disk;loss;mem;socket,0.23333333333333334,0.2074074074074074,0.2333333333333333,0.1111111111111111,0.35555555555555557,0.2074074074074074,False,False,False,False,False
RE2,L2,alertcount,e_diagnosis,RE2::TT,cpu;delay;disk;loss;mem;socket,0.2111111111111111,0.2074074074074074,0.2111111111111111,0.13333333333333333,0.3,0.2074074074074074,False,False,False,False,False
RE2,L2,alertcount,max_z,RE2::OB,cpu;delay;disk;loss;mem;socket,-0.5666666666666667,-0.4074074074074074,-0.5666666666666667,-0.688888888888889,-0.43333333333333335,-0.4074074074074074,False,False,False,False,False
RE2,L2,alertcount,max_z,RE2::SS,cpu;delay;disk;loss;mem;socket,-0.45555555555555555,-0.4074074074074074,-0.4555555555555555,-0.5777777777777778,-0.32222222222222224,-0.4074074074074074,False,False,False,False,False
RE2,L2,alertcount,max_z,RE2::TT,cpu;delay;disk;loss;mem;socket,-0.2,-0.4074074074074074,-0.19999999999999998,-0.32222222222222224,-0.0666666666666667,-0.4074074074074074,False,False,False,False,False
RE2,L2,alertcount,microrank,RE2::OB,cpu;delay;disk;loss;mem;socket,0.2111111111111111,0.15,0.2111111111111111,0.13333333333333333,0.3,0.15,False,False,False,False,False
RE2,L2,alertcount,microrank,RE2::TT,cpu;delay;disk;loss;mem;socket,0.08888888888888889,0.15,0.08888888888888889,-5.782411586584098e-20,0.17777777777777778,0.15,False,False,False,False,False
RE2,L2,alertcount,mmbaro,RE2::OB,cpu;delay;disk;loss;mem;socket,0.044444444444444446,-0.037037037037037035,0.04444444444444445,-0.06666666666666667,0.15555555555555556,-0.037037037037037056,True,True,True,False,False
RE2,L2,alertcount,mmbaro,RE2::SS,cpu;delay;disk;loss;mem;socket,0.32222222222222224,-0.037037037037037035,0.3222222222222222,0.2111111111111111,0.4333333333333333,-0.037037037037037056,False,True,True,True,False
RE2,L2,alertcount,mmbaro,RE2::TT,cpu;delay;disk;loss;mem;socket,-0.4777777777777778,-0.037037037037037035,-0.4777777777777778,-0.5777777777777778,-0.3666666666666667,-0.037037037037037056,False,False,False,False,False
RE2,L2,alertcount,simplerca_author,RE2::OB,cpu;delay;disk;loss;mem;socket,-0.25555555555555554,-0.2333333333333333,-0.25555555555555554,-0.3888888888888889,-0.12222222222222223,-0.2333333333333333,True,False,False,False,False
RE2,L2,alertcount,simplerca_author,RE2::SS,cpu;delay;disk;loss;mem;socket,0.14444444444444443,-0.2333333333333333,0.14444444444444446,0.033333333333333326,0.25555555555555554,-0.2333333333333333,True,True,True,True,False
RE2,L2,alertcount,simplerca_author,RE2::TT,cpu;delay;disk;loss;mem;socket,-0.5888888888888889,-0.2333333333333333,-0.5888888888888889,-0.688888888888889,-0.4888888888888889,-0.2333333333333333,False,False,False,False,False
RE2,L2,alertcount,tracerca,RE2::OB,cpu;delay;disk;loss;mem;socket,0.1111111111111111,-0.10555555555555557,0.1111111111111111,0.022222222222222223,0.19999999999999998,-0.10555555555555554,False,True,True,True,False
RE2,L2,alertcount,tracerca,RE2::TT,cpu;delay;disk;loss;mem;socket,-0.32222222222222224,-0.10555555555555557,-0.3222222222222222,-0.4444444444444444,-0.19999999999999998,-0.10555555555555554,False,False,False,False,False
RE2,L2,baro,causalrca,RE2::OB,cpu;delay;disk;loss;mem;socket,-0.06296296296296296,0.1049382716049383,-0.06296296296296294,-0.15555555555555556,0.029629629629629634,0.10493827160493828,True,True,True,False,False
RE2,L2,baro,causalrca,RE2::SS,cpu;delay;disk;loss;mem;socket,-0.08148148148148147,0.1049382716049383,-0.08148148148148147,-0.16296296296296295,-0.0037037037037037,0.10493827160493828,True,True,True,True,False
RE2,L2,baro,causalrca,RE2::TT,cpu;delay;disk;loss;mem;socket,0.4592592592592593,0.1049382716049383,0.45925925925925926,0.35555555555555557,0.5592592592592592,0.10493827160493828,False,False,False,False,False
RE2,L2,baro,cd1min,RE2::OB,cpu;delay;disk;loss;mem;socket,-0.5888888888888889,-0.5296296296296297,-0.5888888888888889,-0.688888888888889,-0.4888888888888889,-0.5296296296296297,False,False,False,False,False
RE2,L2,baro,cd1min,RE2::SS,cpu;delay;disk;loss;mem;socket,-0.8777777777777778,-0.5296296296296297,-0.8777777777777778,-0.9444444444444443,-0.8111111111111112,-0.5296296296296297,False,False,False,False,False
RE2,L2,baro,cd1min,RE2::TT,cpu;delay;disk;loss;mem;socket,-0.12222222222222222,-0.5296296296296297,-0.12222222222222223,-0.22222222222222224,-0.022222222222222216,-0.5296296296296297,False,False,False,False,False
RE2,L2,baro,circa,RE2::OB,cpu;delay;disk;loss;mem;socket,-0.5222222222222223,-0.3703703703703704,-0.5222222222222223,-0.6333333333333333,-0.4000000000000001,-0.3703703703703704,False,False,False,False,False
RE2,L2,baro,circa,RE2::SS,cpu;delay;disk;loss;mem;socket,-0.7111111111111111,-0.3703703703703704,-0.7111111111111111,-0.7999999999999999,-0.6222222222222222,-0.3703703703703704,False,False,False,False,False
RE2,L2,baro,circa,RE2::TT,cpu;delay;disk;loss;mem;socket,0.12222222222222222,-0.3703703703703704,0.12222222222222223,0.011111111111111118,0.2333333333333333,-0.3703703703703704,True,True,True,True,False
RE2,L2,baro,e_diagnosis,RE2::OB,cpu;delay;disk;loss;mem;socket,0.1111111111111111,0.22962962962962963,0.1111111111111111,0.03333333333333333,0.18888888888888888,0.22962962962962963,True,False,False,False,False
RE2,L2,baro,e_diagnosis,RE2::SS,cpu;delay;disk;loss;mem;socket,-0.08888888888888889,0.22962962962962963,-0.08888888888888889,-0.17777777777777778,0.0,0.22962962962962963,True,True,True,False,False
RE2,L2,baro,e_diagnosis,RE2::TT,cpu;delay;disk;loss;mem;socket,0.6666666666666666,0.22962962962962963,0.6666666666666666,0.5777777777777778,0.7555555555555555,0.22962962962962963,False,False,False,False,False
RE2,L2,baro,max_z,RE2::OB,cpu;delay;disk;loss;mem;socket,-0.6333333333333333,-0.38518518518518513,-0.6333333333333333,-0.7222222222222223,-0.5333333333333333,-0.38518518518518513,False,False,False,False,False
RE2,L2,baro,max_z,RE2::SS,cpu;delay;disk;loss;mem;socket,-0.7777777777777778,-0.38518518518518513,-0.7777777777777778,-0.8555555555555556,-0.688888888888889,-0.38518518518518513,False,False,False,False,False
RE2,L2,baro,max_z,RE2::TT,cpu;delay;disk;loss;mem;socket,0.25555555555555554,-0.38518518518518513,0.2555555555555556,0.13333333333333333,0.3666666666666667,-0.38518518518518513,True,True,True,True,False
RE2,L2,baro,microrank,RE2::OB,cpu;delay;disk;loss;mem;socket,0.14444444444444443,0.34444444444444444,0.14444444444444446,0.08888888888888889,0.2111111111111111,0.3444444444444445,False,False,False,False,False
RE2,L2,baro,microrank,RE2::TT,cpu;delay;disk;loss;mem;socket,0.5444444444444444,0.34444444444444444,0.5444444444444445,0.4222222222222223,0.6666666666666666,0.3444444444444445,False,False,False,False,False
RE2,L2,baro,mmbaro,RE2::OB,cpu;delay;disk;loss;mem;socket,-0.022222222222222223,-0.014814814814814815,-0.022222222222222223,-0.06666666666666667,0.022222222222222223,-0.014814814814814815,True,False,False,False,False
RE2,L2,baro,mmbaro,RE2::SS,cpu;delay;disk;loss;mem;socket,0.0,-0.014814814814814815,0.0,-0.03333333333333333,0.03333333333333333,-0.014814814814814815,False,False,False,False,False
RE2,L2,baro,mmbaro,RE2::TT,cpu;delay;disk;loss;mem;socket,-0.022222222222222223,-0.014814814814814815,-0.022222222222222223,-0.07777777777777778,0.03333333333333333,-0.014814814814814815,False,False,False,False,False
RE2,L2,baro,simplerca_author,RE2::OB,cpu;delay;disk;loss;mem;socket,-0.32222222222222224,-0.2111111111111111,-0.3222222222222222,-0.43333333333333335,-0.2111111111111111,-0.2111111111111111,False,False,False,False,False
RE2,L2,baro,simplerca_author,RE2::SS,cpu;delay;disk;loss;mem;socket,-0.17777777777777778,-0.2111111111111111,-0.17777777777777778,-0.25555555555555554,-0.09999999999999999,-0.2111111111111111,False,False,False,False,False
RE2,L2,baro,simplerca_author,RE2::TT,cpu;delay;disk;loss;mem;socket,-0.13333333333333333,-0.2111111111111111,-0.13333333333333333,-0.21138888888888863,-0.05555555555555555,-0.2111111111111111,True,False,False,False,False
RE2,L2,baro,tracerca,RE2::OB,cpu;delay;disk;loss;mem;socket,0.044444444444444446,0.08888888888888889,0.044444444444444446,-0.04444444444444445,0.13333333333333333,0.08888888888888889,True,False,False,False,False
RE2,L2,baro,tracerca,RE2::TT,cpu;delay;disk;loss;mem;socket,0.13333333333333333,0.08888888888888889,0.13333333333333333,0.011111111111111106,0.25555555555555554,0.08888888888888889,True,False,False,False,False
RE2,L2,causalrca,cd1min,RE2::OB,cpu;delay;disk;loss;mem;socket,-0.5259259259259259,-0.634567901234568,-0.5259259259259259,-0.6148148148148148,-0.43333333333333335,-0.6345679012345679,False,False,False,False,False
RE2,L2,causalrca,cd1min,RE2::SS,cpu;delay;disk;loss;mem;socket,-0.7962962962962964,-0.634567901234568,-0.7962962962962963,-0.862962962962963,-0.7259259259259259,-0.6345679012345679,False,False,False,False,False
RE2,L2,causalrca,cd1min,RE2::TT,cpu;delay;disk;loss;mem;socket,-0.5814814814814816,-0.634567901234568,-0.5814814814814814,-0.6666666666666666,-0.49259259259259264,-0.6345679012345679,False,False,False,False,False
RE2,L2,causalrca,circa,RE2::OB,cpu;delay;disk;loss;mem;socket,-0.4592592592592593,-0.4753086419753087,-0.45925925925925926,-0.5592592592592592,-0.3592592592592592,-0.4753086419753087,False,False,False,False,False
RE2,L2,causalrca,circa,RE2::SS,cpu;delay;disk;loss;mem;socket,-0.6296296296296297,-0.4753086419753087,-0.6296296296296297,-0.7222222222222223,-0.525925925925926,-0.4753086419753087,False,False,False,False,False
RE2,L2,causalrca,circa,RE2::TT,cpu;delay;disk;loss;mem;socket,-0.3370370370370371,-0.4753086419753087,-0.337037037037037,-0.4444444444444444,-0.22962962962962963,-0.4753086419753087,True,False,False,False,False
RE2,L2,causalrca,e_diagnosis,RE2::OB,cpu;delay;disk;loss;mem;socket,0.17407407407407408,0.12469135802469133,0.17407407407407405,0.09629629629629628,0.2518518518518518,0.12469135802469133,False,False,False,False,False
RE2,L2,causalrca,e_diagnosis,RE2::SS,cpu;delay;disk;loss;mem;socket,-0.00740740740740741,0.12469135802469133,-0.0074074074074074155,-0.1037037037037037,0.08888888888888886,0.12469135802469133,True,True,True,False,False
RE2,L2,causalrca,e_diagnosis,RE2::TT,cpu;delay;disk;loss;mem;socket,0.20740740740740737,0.12469135802469133,0.20740740740740737,0.16296296296296295,0.25555555555555554,0.12469135802469133,False,False,False,False,False
RE2,L2,causalrca,max_z,RE2::OB,cpu;delay;disk;loss;mem;socket,-0.5703703703703704,-0.4901234567901234,-0.5703703703703704,-0.662962962962963,-0.4740740740740741,-0.4901234567901234,False,False,False,False,False
RE2,L2,causalrca,max_z,RE2::SS,cpu;delay;disk;loss;mem;socket,-0.6962962962962963,-0.4901234567901234,-0.6962962962962962,-0.7851851851851853,-0.5925925925925927,-0.4901234567901234,False,False,False,False,False
RE2,L2,causalrca,max_z,RE2::TT,cpu;delay;disk;loss;mem;socket,-0.20370370370370372,-0.4901234567901234,-0.20370370370370372,-0.3074074074074074,-0.10000000000000002,-0.4901234567901234,False,False,False,False,False
RE2,L2,causalrca,microrank,RE2::OB,cpu;delay;disk;loss;mem;socket,0.20740740740740737,0.14629629629629626,0.2074074074074074,0.14444444444444446,0.2740740740740741,0.14629629629629629,False,False,False,False,False
RE2,L2,causalrca,microrank,RE2::TT,cpu;delay;disk;loss;mem;socket,0.08518518518518516,0.14629629629629626,0.08518518518518518,-1.850371707708594e-17,0.16666666666666666,0.14629629629629629,True,False,False,False,False
RE2,L2,causalrca,mmbaro,RE2::OB,cpu;delay;disk;loss;mem;socket,0.04074074074074074,-0.11975308641975309,0.04074074074074074,-0.05555555555555556,0.14074074074074072,-0.11975308641975309,True,True,True,False,False
RE2,L2,causalrca,mmbaro,RE2::SS,cpu;delay;disk;loss;mem;socket,0.08148148148148149,-0.11975308641975309,0.08148148148148147,0.007407407407407383,0.15925925925925927,-0.11975308641975309,True,True,True,True,False
RE2,L2,causalrca,mmbaro,RE2::TT,cpu;delay;disk;loss;mem;socket,-0.4814814814814815,-0.11975308641975309,-0.48148148148148145,-0.5814814814814815,-0.3776851851851865,-0.11975308641975309,False,False,False,False,False
RE2,L2,causalrca,simplerca_author,RE2::OB,cpu;delay;disk;loss;mem;socket,-0.2592592592592593,-0.31604938271604943,-0.25925925925925924,-0.3666666666666667,-0.14814814814814817,-0.3160493827160494,False,False,False,False,False
RE2,L2,causalrca,simplerca_author,RE2::SS,cpu;delay;disk;loss;mem;socket,-0.09629629629629631,-0.31604938271604943,-0.09629629629629631,-0.18518518518518523,-1.3877787807814457e-17,-0.3160493827160494,True,False,False,False,False
RE2,L2,causalrca,simplerca_author,RE2::TT,cpu;delay;disk;loss;mem;socket,-0.5925925925925927,-0.31604938271604943,-0.5925925925925927,-0.6777777777777777,-0.5037037037037038,-0.3160493827160494,False,False,False,False,False
RE2,L2,causalrca,tracerca,RE2::OB,cpu;delay;disk;loss;mem;socket,0.1074074074074074,-0.10925925925925928,0.1074074074074074,0.018518518518518514,0.1962962962962963,-0.10925925925925928,True,True,True,True,False
RE2,L2,causalrca,tracerca,RE2::TT,cpu;delay;disk;loss;mem;socket,-0.32592592592592595,-0.10925925925925928,-0.32592592592592595,-0.42962962962962964,-0.22222222222222224,-0.10925925925925928,False,False,False,False,False
RE2,L2,cd1min,circa,RE2::OB,cpu;delay;disk;loss;mem;socket,0.06666666666666667,0.15925925925925924,0.06666666666666667,-0.04444444444444443,0.17777777777777778,0.15925925925925924,True,False,False,False,False
RE2,L2,cd1min,circa,RE2::SS,cpu;delay;disk;loss;mem;socket,0.16666666666666666,0.15925925925925924,0.16666666666666666,0.08888888888888889,0.24444444444444446,0.15925925925925924,False,False,False,False,False
RE2,L2,cd1min,circa,RE2::TT,cpu;delay;disk;loss;mem;socket,0.24444444444444444,0.15925925925925924,0.24444444444444444,0.13333333333333333,0.35555555555555557,0.15925925925925924,False,False,False,False,False
RE2,L2,cd1min,e_diagnosis,RE2::OB,cpu;delay;disk;loss;mem;socket,0.7,0.7592592592592592,0.7000000000000001,0.6,0.7888888888888891,0.7592592592592592,False,False,False,False,False
RE2,L2,cd1min,e_diagnosis,RE2::SS,cpu;delay;disk;loss;mem;socket,0.7888888888888889,0.7592592592592592,0.7888888888888889,0.7000000000000001,0.8777777777777778,0.7592592592592592,False,False,False,False,False
RE2,L2,cd1min,e_diagnosis,RE2::TT,cpu;delay;disk;loss;mem;socket,0.7888888888888889,0.7592592592592592,0.7888888888888889,0.7111111111111111,0.8666666666666666,0.7592592592592592,False,False,False,False,False
RE2,L2,cd1min,max_z,RE2::OB,cpu;delay;disk;loss;mem;socket,-0.044444444444444446,0.14444444444444446,-0.044444444444444446,-0.12222222222222223,0.03333333333333333,0.14444444444444446,True,True,True,False,False
RE2,L2,cd1min,max_z,RE2::SS,cpu;delay;disk;loss;mem;socket,0.1,0.14444444444444446,0.10000000000000002,0.03333333333333333,0.17777777777777778,0.14444444444444446,True,False,False,False,False
RE2,L2,cd1min,max_z,RE2::TT,cpu;delay;disk;loss;mem;socket,0.37777777777777777,0.14444444444444446,0.37777777777777777,0.25555555555555554,0.49999999999999994,0.14444444444444446,False,False,False,False,False
RE2,L2,cd1min,microrank,RE2::OB,cpu;delay;disk;loss;mem;socket,0.7333333333333333,0.7,0.7333333333333333,0.6444444444444444,0.8222222222222223,0.7,False,False,False,False,False
RE2,L2,cd1min,microrank,RE2::TT,cpu;delay;disk;loss;mem;socket,0.6666666666666666,0.7,0.6666666666666666,0.5555555555555555,0.7777777777777778,0.7,False,False,False,False,False
RE2,L2,cd1min,mmbaro,RE2::OB,cpu;delay;disk;loss;mem;socket,0.5666666666666667,0.5148148148148148,0.5666666666666668,0.45555555555555555,0.6777777777777777,0.514814814814815,False,False,False,False,False
RE2,L2,cd1min,mmbaro,RE2::SS,cpu;delay;disk;loss;mem;socket,0.8777777777777778,0.5148148148148148,0.8777777777777778,0.8111111111111112,0.9444444444444443,0.514814814814815,False,False,False,False,False
RE2,L2,cd1min,mmbaro,RE2::TT,cpu;delay;disk;loss;mem;socket,0.1,0.5148148148148148,0.10000000000000002,-0.011111111111111108,0.2111111111111111,0.514814814814815,True,False,False,False,False
RE2,L2,cd1min,simplerca_author,RE2::OB,cpu;delay;disk;loss;mem;socket,0.26666666666666666,0.3185185185185185,0.26666666666666666,0.16666666666666666,0.3666666666666667,0.3185185185185185,False,False,False,False,False
RE2,L2,cd1min,simplerca_author,RE2::SS,cpu;delay;disk;loss;mem;socket,0.7,0.3185185185185185,0.6999999999999998,0.6222222222222222,0.7777777777777778,0.3185185185185185,False,False,False,False,False
RE2,L2,cd1min,simplerca_author,RE2::TT,cpu;delay;disk;loss;mem;socket,-0.011111111111111112,0.3185185185185185,-0.011111111111111113,-0.10000000000000002,0.07777777777777778,0.3185185185185185,True,True,True,False,False
RE2,L2,cd1min,tracerca,RE2::OB,cpu;delay;disk;loss;mem;socket,0.6333333333333333,0.4444444444444444,0.6333333333333334,0.5222222222222223,0.7444444444444445,0.4444444444444445,False,False,False,False,False
RE2,L2,cd1min,tracerca,RE2::TT,cpu;delay;disk;loss;mem;socket,0.25555555555555554,0.4444444444444444,0.25555555555555554,0.13333333333333333,0.37777777777777777,0.4444444444444445,True,False,False,False,False
RE2,L2,circa,e_diagnosis,RE2::OB,cpu;delay;disk;loss;mem;socket,0.6333333333333333,0.6,0.6333333333333334,0.5333333333333333,0.7333333333333333,0.6,False,False,False,False,False
RE2,L2,circa,e_diagnosis,RE2::SS,cpu;delay;disk;loss;mem;socket,0.6222222222222222,0.6,0.6222222222222222,0.5,0.7333333333333334,0.6,False,False,False,False,False
RE2,L2,circa,e_diagnosis,RE2::TT,cpu;delay;disk;loss;mem;socket,0.5444444444444444,0.6,0.5444444444444444,0.45555555555555555,0.6333333333333334,0.6,False,False,False,False,False
RE2,L2,circa,max_z,RE2::OB,cpu;delay;disk;loss;mem;socket,-0.1111111111111111,-0.014814814814814808,-0.11111111111111112,-0.2111111111111111,-0.011111111111111112,-0.014814814814814817,False,False,False,False,False
RE2,L2,circa,max_z,RE2::SS,cpu;delay;disk;loss;mem;socket,-0.06666666666666667,-0.014814814814814808,-0.06666666666666667,-0.15555555555555556,0.022222222222222216,-0.014814814814814817,False,False,False,False,False
RE2,L2,circa,max_z,RE2::TT,cpu;delay;disk;loss;mem;socket,0.13333333333333333,-0.014814814814814808,0.13333333333333333,0.0111111111111111,0.2555555555555556,-0.014814814814814817,True,True,True,True,False
RE2,L2,circa,microrank,RE2::OB,cpu;delay;disk;loss;mem;socket,0.6666666666666666,0.5444444444444444,0.6666666666666666,0.5666666666666668,0.7555555555555555,0.5444444444444444,False,False,False,False,False
RE2,L2,circa,microrank,RE2::TT,cpu;delay;disk;loss;mem;socket,0.4222222222222222,0.5444444444444444,0.4222222222222222,0.3111111111111111,0.5222222222222223,0.5444444444444444,False,False,False,False,False
RE2,L2,circa,mmbaro,RE2::OB,cpu;delay;disk;loss;mem;socket,0.5,0.3555555555555556,0.5000000000000001,0.37777777777777777,0.6111111111111112,0.3555555555555556,False,False,False,False,False
RE2,L2,circa,mmbaro,RE2::SS,cpu;delay;disk;loss;mem;socket,0.7111111111111111,0.3555555555555556,0.7111111111111111,0.6222222222222222,0.7999999999999999,0.3555555555555556,False,False,False,False,False
RE2,L2,circa,mmbaro,RE2::TT,cpu;delay;disk;loss;mem;socket,-0.14444444444444443,0.3555555555555556,-0.14444444444444446,-0.2555555555555556,-0.03333333333333333,0.3555555555555556,True,True,True,True,False
RE2,L2,circa,simplerca_author,RE2::OB,cpu;delay;disk;loss;mem;socket,0.2,0.1592592592592593,0.19999999999999998,0.07777777777777778,0.3222222222222222,0.15925925925925924,False,False,False,False,False
RE2,L2,circa,simplerca_author,RE2::SS,cpu;delay;disk;loss;mem;socket,0.5333333333333333,0.1592592592592593,0.5333333333333333,0.43333333333333335,0.6222222222222222,0.15925925925925924,False,False,False,False,False
RE2,L2,circa,simplerca_author,RE2::TT,cpu;delay;disk;loss;mem;socket,-0.25555555555555554,0.1592592592592593,-0.25555555555555554,-0.3666666666666667,-0.13333333333333333,0.15925925925925924,True,True,True,True,False
RE2,L2,circa,tracerca,RE2::OB,cpu;delay;disk;loss;mem;socket,0.5666666666666667,0.28888888888888886,0.5666666666666668,0.45555555555555555,0.6777777777777777,0.2888888888888889,False,False,False,False,False
RE2,L2,circa,tracerca,RE2::TT,cpu;delay;disk;loss;mem;socket,0.011111111111111112,0.28888888888888886,0.011111111111111108,-0.13333333333333333,0.14444444444444446,0.2888888888888889,True,False,False,False,False
RE2,L2,e_diagnosis,max_z,RE2::OB,cpu;delay;disk;loss;mem;socket,-0.7444444444444445,-0.6148148148148148,-0.7444444444444445,-0.8222222222222223,-0.6555555555555556,-0.6148148148148148,False,False,False,False,False
RE2,L2,e_diagnosis,max_z,RE2::SS,cpu;delay;disk;loss;mem;socket,-0.6888888888888889,-0.6148148148148148,-0.6888888888888888,-0.7999999999999999,-0.5666666666666667,-0.6148148148148148,False,False,False,False,False
RE2,L2,e_diagnosis,max_z,RE2::TT,cpu;delay;disk;loss;mem;socket,-0.4111111111111111,-0.6148148148148148,-0.41111111111111115,-0.5111111111111111,-0.3111111111111111,-0.6148148148148148,False,False,False,False,False
RE2,L2,e_diagnosis,microrank,RE2::OB,cpu;delay;disk;loss;mem;socket,0.03333333333333333,-0.04444444444444444,0.03333333333333333,0.0,0.07777777777777778,-0.04444444444444445,False,True,True,False,False
RE2,L2,e_diagnosis,microrank,RE2::TT,cpu;delay;disk;loss;mem;socket,-0.12222222222222222,-0.04444444444444444,-0.12222222222222223,-0.18888888888888888,-0.05555555555555556,-0.04444444444444445,False,False,False,False,False
RE2,L2,e_diagnosis,mmbaro,RE2::OB,cpu;delay;disk;loss;mem;socket,-0.13333333333333333,-0.24444444444444444,-0.13333333333333333,-0.2111111111111111,-0.05555555555555555,-0.24444444444444438,True,False,False,False,False
RE2,L2,e_diagnosis,mmbaro,RE2::SS,cpu;delay;disk;loss;mem;socket,0.08888888888888889,-0.24444444444444444,0.08888888888888889,-2.3129646346357427e-18,0.17777777777777778,-0.24444444444444438,True,True,True,False,False
RE2,L2,e_diagnosis,mmbaro,RE2::TT,cpu;delay;disk;loss;mem;socket,-0.6888888888888889,-0.24444444444444444,-0.6888888888888888,-0.7777777777777777,-0.6,-0.24444444444444438,False,False,False,False,False
RE2,L2,e_diagnosis,simplerca_author,RE2::OB,cpu;delay;disk;loss;mem;socket,-0.43333333333333335,-0.4407407407407408,-0.43333333333333335,-0.5333333333333333,-0.32222222222222224,-0.4407407407407407,False,False,False,False,False
RE2,L2,e_diagnosis,simplerca_author,RE2::SS,cpu;delay;disk;loss;mem;socket,-0.08888888888888889,-0.4407407407407408,-0.08888888888888889,-0.18888888888888886,0.011111111111111113,-0.4407407407407407,True,False,False,False,False
RE2,L2,e_diagnosis,simplerca_author,RE2::TT,cpu;delay;disk;loss;mem;socket,-0.8,-0.4407407407407408,-0.7999999999999999,-0.8777777777777778,-0.7222222222222222,-0.4407407407407407,False,False,False,False,False
RE2,L2,e_diagnosis,tracerca,RE2::OB,cpu;delay;disk;loss;mem;socket,-0.06666666666666667,-0.3,-0.06666666666666667,-0.14444444444444446,2.3707887505007948e-18,-0.3,False,False,False,False,False
RE2,L2,e_diagnosis,tracerca,RE2::TT,cpu;delay;disk;loss;mem;socket,-0.5333333333333333,-0.3,-0.5333333333333333,-0.6333333333333333,-0.43333333333333335,-0.3,False,False,False,False,False
RE2,L2,max_z,microrank,RE2::OB,cpu;delay;disk;loss;mem;socket,0.7777777777777778,0.5333333333333333,0.7777777777777777,0.688888888888889,0.8555555555555556,0.5333333333333333,False,False,False,False,False
RE2,L2,max_z,microrank,RE2::TT,cpu;delay;disk;loss;mem;socket,0.28888888888888886,0.5333333333333333,0.2888888888888889,0.16666666666666666,0.4000000000000001,0.5333333333333333,False,False,False,False,False
RE2,L2,max_z,mmbaro,RE2::OB,cpu;delay;disk;loss;mem;socket,0.6111111111111112,0.3703703703703704,0.6111111111111112,0.5111111111111112,0.7000000000000001,0.3703703703703704,False,False,False,False,False
RE2,L2,max_z,mmbaro,RE2::SS,cpu;delay;disk;loss;mem;socket,0.7777777777777778,0.3703703703703704,0.7777777777777778,0.688888888888889,0.8555555555555556,0.3703703703703704,False,False,False,False,False
RE2,L2,max_z,mmbaro,RE2::TT,cpu;delay;disk;loss;mem;socket,-0.2777777777777778,0.3703703703703704,-0.2777777777777778,-0.39999999999999997,-0.15555555555555556,0.3703703703703704,True,True,True,True,False
RE2,L2,max_z,simplerca_author,RE2::OB,cpu;delay;disk;loss;mem;socket,0.3111111111111111,0.17407407407407405,0.3111111111111111,0.2111111111111111,0.41111111111111115,0.17407407407407413,False,False,False,False,False
RE2,L2,max_z,simplerca_author,RE2::SS,cpu;delay;disk;loss;mem;socket,0.6,0.17407407407407405,0.6000000000000001,0.5,0.688888888888889,0.17407407407407413,False,False,False,False,False
RE2,L2,max_z,simplerca_author,RE2::TT,cpu;delay;disk;loss;mem;socket,-0.3888888888888889,0.17407407407407405,-0.38888888888888884,-0.5000000000000001,-0.26666666666666666,0.17407407407407413,False,True,True,True,False
RE2,L2,max_z,tracerca,RE2::OB,cpu;delay;disk;loss;mem;socket,0.6777777777777778,0.2777777777777778,0.6777777777777777,0.5666666666666667,0.7888888888888888,0.27777777777777773,False,False,False,False,False
RE2,L2,max_z,tracerca,RE2::TT,cpu;delay;disk;loss;mem;socket,-0.12222222222222222,0.2777777777777778,-0.12222222222222223,-0.26666666666666666,0.011111111111111118,0.27777777777777773,True,True,True,False,False
RE2,L2,microrank,mmbaro,RE2::OB,cpu;delay;disk;loss;mem;socket,-0.16666666666666666,-0.36666666666666664,-0.16666666666666666,-0.2333333333333333,-0.09999999999999999,-0.36666666666666664,False,False,False,False,False
RE2,L2,microrank,mmbaro,RE2::TT,cpu;delay;disk;loss;mem;socket,-0.5666666666666667,-0.36666666666666664,-0.5666666666666667,-0.6888888888888888,-0.4444444444444445,-0.36666666666666664,False,False,False,False,False
RE2,L2,microrank,simplerca_author,RE2::OB,cpu;delay;disk;loss;mem;socket,-0.4666666666666667,-0.5722222222222222,-0.4666666666666666,-0.5666666666666667,-0.3666666666666667,-0.5722222222222223,False,False,False,False,False
RE2,L2,microrank,simplerca_author,RE2::TT,cpu;delay;disk;loss;mem;socket,-0.6777777777777778,-0.5722222222222222,-0.6777777777777779,-0.7888888888888889,-0.5555555555555556,-0.5722222222222223,False,False,False,False,False
RE2,L2,microrank,tracerca,RE2::OB,cpu;delay;disk;loss;mem;socket,-0.1,-0.25555555555555554,-0.09999999999999999,-0.16666666666666666,-0.044444444444444446,-0.2555555555555556,False,False,False,False,False
RE2,L2,microrank,tracerca,RE2::TT,cpu;delay;disk;loss;mem;socket,-0.4111111111111111,-0.25555555555555554,-0.41111111111111115,-0.5222222222222223,-0.3,-0.2555555555555556,False,False,False,False,False
RE2,L2,mmbaro,simplerca_author,RE2::OB,cpu;delay;disk;loss;mem;socket,-0.3,-0.19629629629629627,-0.3,-0.41111111111111115,-0.18888888888888888,-0.1962962962962963,False,False,False,False,False
RE2,L2,mmbaro,simplerca_author,RE2::SS,cpu;delay;disk;loss;mem;socket,-0.17777777777777778,-0.19629629629629627,-0.17777777777777778,-0.2555555555555556,-0.0888888888888889,-0.1962962962962963,False,False,False,False,False
RE2,L2,mmbaro,simplerca_author,RE2::TT,cpu;delay;disk;loss;mem;socket,-0.1111111111111111,-0.19629629629629627,-0.11111111111111112,-0.18888888888888888,-0.03333333333333333,-0.1962962962962963,True,False,False,False,False
RE2,L2,mmbaro,tracerca,RE2::OB,cpu;delay;disk;loss;mem;socket,0.06666666666666667,0.1111111111111111,0.06666666666666667,-0.022222222222222237,0.15555555555555556,0.1111111111111111,True,False,False,False,False
RE2,L2,mmbaro,tracerca,RE2::TT,cpu;delay;disk;loss;mem;socket,0.15555555555555556,0.1111111111111111,0.15555555555555556,0.033333333333333305,0.2777777777777778,0.1111111111111111,True,False,False,False,False
RE2,L2,simplerca_author,tracerca,RE2::OB,cpu;delay;disk;loss;mem;socket,0.36666666666666664,0.31666666666666665,0.3666666666666667,0.25555555555555554,0.4777777777777778,0.31666666666666665,False,False,False,False,False
RE2,L2,simplerca_author,tracerca,RE2::TT,cpu;delay;disk;loss;mem;socket,0.26666666666666666,0.31666666666666665,0.26666666666666666,0.13333333333333333,0.3888888888888889,0.31666666666666665,True,False,False,False,False
openrca,L1,baro,e_diagnosis,openrca::bank,cpu;network,0.1249264705882353,0.08575914404223228,0.06446798493408663,0.015590866290018834,0.11976783192090394,0.07551447182294771,False,False,False,False,False
openrca,L1,baro,e_diagnosis,openrca::mkt1,cpu;network,0.019,0.08575914404223228,-0.005972850678733037,-0.0673076923076923,0.05391402714932127,0.07551447182294771,True,False,True,False,True
openrca,L1,baro,e_diagnosis,openrca::mkt2,cpu;network,0.06205128205128205,0.08575914404223228,0.05961538461538461,-0.06193269230769231,0.17307692307692307,0.07551447182294771,False,False,False,False,False
openrca,L1,baro,e_diagnosis,openrca::tel,cpu;network,0.13705882352941176,0.08575914404223228,0.18394736842105264,0.08763157894736842,0.2843421052631579,0.07551447182294771,False,False,False,False,False
openrca,L1,baro,rcd,openrca::bank,cpu;network,0.07139705882352942,0.02683585164835165,0.044380885122410556,-0.0014768126177024461,0.09650837649089768,0.03701027049867043,True,False,False,False,False
openrca,L1,baro,rcd,openrca::mkt1,cpu;network,0.006285714285714286,0.02683585164835165,0.010829562594268477,-0.05756636500754148,0.08382522624434387,0.03701027049867043,True,False,False,False,False
openrca,L1,baro,rcd,openrca::mkt2,cpu;network,0.039529914529914535,0.02683585164835165,0.0991025641025641,0.038205128205128204,0.16025641025641027,0.03701027049867043,True,False,False,False,False
openrca,L1,baro,rcd,openrca::tel,cpu;network,-0.009869281045751629,0.02683585164835165,-0.006271929824561399,-0.06548245614035088,0.04921052631578947,0.03701027049867043,True,True,True,False,False
openrca,L1,e_diagnosis,rcd,openrca::bank,cpu;network,-0.05352941176470589,-0.058923292393880625,-0.02008709981167608,-0.050331979755178904,0.010050376647834241,-0.03850420132427728,False,False,False,False,False
openrca,L1,e_diagnosis,rcd,openrca::mkt1,cpu;network,-0.01271428571428571,-0.058923292393880625,0.01680241327300151,-0.05233163650075415,0.08144796380090498,-0.03850420132427728,True,False,True,False,True
openrca,L1,e_diagnosis,rcd,openrca::mkt2,cpu;network,-0.02252136752136752,-0.058923292393880625,0.03948717948717949,-0.03257051282051282,0.11602884615384612,-0.03850420132427728,True,False,True,False,True
openrca,L1,e_diagnosis,rcd,openrca::tel,cpu;network,-0.1469281045751634,-0.058923292393880625,-0.19021929824561404,-0.2980285087719298,-0.086577850877193,-0.03850420132427728,False,False,False,False,False
openrca,L2,alertcount,baro,openrca::bank,cpu;network,0.011691176470588234,0.06203526987718164,0.029482109227871936,-0.04631826741996233,0.10563782956685495,0.03963282190091893,True,False,False,False,False
openrca,L2,alertcount,baro,openrca::mkt1,cpu;network,0.08685714285714285,0.06203526987718164,0.08452488687782805,-0.0248868778280543,0.19538461538461538,0.03963282190091893,True,False,False,False,False
openrca,L2,alertcount,baro,openrca::mkt2,cpu;network,0.09076923076923077,0.06203526987718164,0.04807692307692308,-0.028846153846153848,0.125,0.03963282190091893,True,False,False,False,False
openrca,L2,alertcount,baro,openrca::tel,cpu;network,0.058823529411764705,0.06203526987718164,-0.003552631578947368,-0.0375,0.026842105263157896,0.03963282190091893,True,False,True,False,True
openrca,L2,alertcount,cd1min,openrca::bank,cpu;network,0.007279411764705882,0.018271102671837965,-0.03036487758945386,-0.12078990112994349,0.06076977401129936,0.02245943254357485,True,False,True,False,True
openrca,L2,alertcount,cd1min,openrca::mkt1,cpu;network,-0.01685714285714286,0.018271102671837965,0.052126696832579186,-0.025361990950226246,0.14424547511312194,0.02245943254357485,True,True,False,False,True
openrca,L2,alertcount,cd1min,openrca::mkt2,cpu;network,0.004230769230769231,0.018271102671837965,-0.010384615384615384,-0.14576923076923076,0.11632692307692057,0.02245943254357485,True,False,True,False,True
openrca,L2,alertcount,cd1min,openrca::tel,cpu;network,0.0784313725490196,0.018271102671837965,0.07846052631578945,-0.03311940789473684,0.1935921052631579,0.02245943254357485,True,False,False,False,False
openrca,L2,alertcount,e_diagnosis,openrca::bank,cpu;network,0.1366176470588235,0.14779441391941392,0.09395009416195857,0.04032762476459511,0.15301694915254235,0.11514729372386664,False,False,False,False,False
openrca,L2,alertcount,e_diagnosis,openrca::mkt1,cpu;network,0.10585714285714286,0.14779441391941392,0.07855203619909502,-0.016153846153846154,0.1677924208144795,0.11514729372386664,False,False,False,False,False
openrca,L2,alertcount,e_diagnosis,openrca::mkt2,cpu;network,0.15282051282051282,0.14779441391941392,0.1076923076923077,-0.0038653846153846047,0.22153846153846155,0.11514729372386664,True,False,False,False,False
openrca,L2,alertcount,e_diagnosis,openrca::tel,cpu;network,0.19588235294117648,0.14779441391941392,0.18039473684210525,0.08473684210526317,0.2769736842105263,0.11514729372386664,True,False,False,False,False
openrca,L2,alertcount,max_z,openrca::bank,cpu;network,0.045220588235294124,0.008776273971126914,0.03255414312617702,-0.029703389830508475,0.09622457627118643,-0.0034378812225043308,False,False,True,False,False
openrca,L2,alertcount,max_z,openrca::mkt1,cpu;network,-0.016714285714285716,0.008776273971126914,-0.03538461538461539,-0.14316742081447964,0.05518099547511312,-0.0034378812225043308,True,True,False,False,False
openrca,L2,alertcount,max_z,openrca::mkt2,cpu;network,-0.003205128205128205,0.008776273971126914,-0.01,-0.0973076923076923,0.08115384615384616,-0.0034378812225043308,True,True,False,False,False
openrca,L2,alertcount,max_z,openrca::tel,cpu;network,0.009803921568627453,0.008776273971126914,-0.0009210526315789544,-0.08973684210526316,0.09407894736842104,-0.0034378812225043308,True,False,False,False,True
openrca,L2,alertcount,rcd,openrca::bank,cpu;network,0.08308823529411766,0.0888711215255333,0.07386299435028248,0.021532211236660388,0.13417494507219085,0.07664309239958936,False,False,False,False,False
openrca,L2,alertcount,rcd,openrca::mkt1,cpu;network,0.09314285714285714,0.0888711215255333,0.09535444947209652,0.021778846153846156,0.17765554298642536,0.07664309239958936,True,False,False,False,False
openrca,L2,alertcount,rcd,openrca::mkt2,cpu;network,0.1302991452991453,0.0888711215255333,0.1471794871794872,0.06974358974358974,0.23076923076923078,0.07664309239958936,True,False,False,False,False
openrca,L2,alertcount,rcd,openrca::tel,cpu;network,0.04895424836601308,0.0888711215255333,-0.009824561403508767,-0.06623026315789474,0.04022149122807015,0.07664309239958936,True,False,True,False,True
openrca,L2,baro,cd1min,openrca::bank,cpu;network,-0.004411764705882352,-0.04376416720534368,-0.059846986817325795,-0.14217749529190205,0.017740936911487752,-0.017173389357344068,True,False,False,False,False
openrca,L2,baro,cd1min,openrca::mkt1,cpu;network,-0.10371428571428572,-0.04376416720534368,-0.03239819004524887,-0.11142533936651583,0.048554298642533904,-0.017173389357344068,False,False,False,False,False
openrca,L2,baro,cd1min,openrca::mkt2,cpu;network,-0.08653846153846154,-0.04376416720534368,-0.05846153846153847,-0.18384615384615385,0.057692307692307696,-0.017173389357344068,False,False,False,False,False
openrca,L2,baro,cd1min,openrca::tel,cpu;network,0.0196078431372549,-0.04376416720534368,0.08201315789473684,-0.030618421052631586,0.19736842105263158,-0.017173389357344068,True,True,True,False,False
openrca,L2,baro,e_diagnosis,openrca::bank,cpu;network,0.1249264705882353,0.08575914404223228,0.06446798493408663,0.015590866290018834,0.11976783192090394,0.07551447182294771,False,False,False,False,False
openrca,L2,baro,e_diagnosis,openrca::mkt1,cpu;network,0.019,0.08575914404223228,-0.005972850678733037,-0.0673076923076923,0.05391402714932127,0.07551447182294771,True,False,True,False,True
openrca,L2,baro,e_diagnosis,openrca::mkt2,cpu;network,0.06205128205128205,0.08575914404223228,0.05961538461538461,-0.06193269230769231,0.17307692307692307,0.07551447182294771,False,False,False,False,False
openrca,L2,baro,e_diagnosis,openrca::tel,cpu;network,0.13705882352941176,0.08575914404223228,0.18394736842105264,0.08763157894736842,0.2843421052631579,0.07551447182294771,False,False,False,False,False
openrca,L2,baro,max_z,openrca::bank,cpu;network,0.033529411764705884,-0.053258995906054735,0.003072033898305085,-0.06740436676082862,0.07374823446327684,-0.043070703123423246,True,True,True,False,False
openrca,L2,baro,max_z,openrca::mkt1,cpu;network,-0.10357142857142858,-0.053258995906054735,-0.11990950226244343,-0.20644796380090497,-0.042986425339366516,-0.043070703123423246,True,False,False,False,False
openrca,L2,baro,max_z,openrca::mkt2,cpu;network,-0.09397435897435898,-0.053258995906054735,-0.05807692307692308,-0.16384615384615386,0.038461538461538464,-0.043070703123423246,True,False,False,False,False
openrca,L2,baro,max_z,openrca::tel,cpu;network,-0.049019607843137254,-0.053258995906054735,0.0026315789473684154,-0.0861842105263158,0.09407894736842104,-0.043070703123423246,True,False,True,False,True
openrca,L2,baro,rcd,openrca::bank,cpu;network,0.07139705882352942,0.02683585164835165,0.044380885122410556,-0.0014768126177024461,0.09650837649089768,0.03701027049867043,True,False,False,False,False
openrca,L2,baro,rcd,openrca::mkt1,cpu;network,0.006285714285714286,0.02683585164835165,0.010829562594268477,-0.05756636500754148,0.08382522624434387,0.03701027049867043,True,False,False,False,False
openrca,L2,baro,rcd,openrca::mkt2,cpu;network,0.039529914529914535,0.02683585164835165,0.0991025641025641,0.038205128205128204,0.16025641025641027,0.03701027049867043,True,False,False,False,False
openrca,L2,baro,rcd,openrca::tel,cpu;network,-0.009869281045751629,0.02683585164835165,-0.006271929824561399,-0.06548245614035088,0.04921052631578947,0.03701027049867043,True,True,True,False,False
openrca,L2,cd1min,e_diagnosis,openrca::bank,cpu;network,0.12933823529411764,0.12952331124757596,0.12431497175141243,0.05918761770244821,0.1962101577212806,0.09268786118029179,False,False,False,False,False
openrca,L2,cd1min,e_diagnosis,openrca::mkt1,cpu;network,0.1227142857142857,0.12952331124757596,0.02642533936651584,-0.06002714932126696,0.11622171945701358,0.09268786118029179,True,False,False,False,False
openrca,L2,cd1min,e_diagnosis,openrca::mkt2,cpu;network,0.14858974358974358,0.12952331124757596,0.11807692307692308,-0.015000000000000003,0.26655769230769205,0.09268786118029179,False,False,False,False,False
openrca,L2,cd1min,e_diagnosis,openrca::tel,cpu;network,0.11745098039215687,0.12952331124757596,0.1019342105263158,-0.022974999999999992,0.22979144736842105,0.09268786118029179,False,False,False,False,False
openrca,L2,cd1min,max_z,openrca::bank,cpu;network,0.037941176470588235,-0.009494828700711055,0.06291902071563088,-0.02009775188323917,0.15056544256120513,-0.02589731376607918,False,True,True,False,False
openrca,L2,cd1min,max_z,openrca::mkt1,cpu;network,0.00014285714285714458,-0.009494828700711055,-0.08751131221719458,-0.21423076923076925,0.030067873303167417,-0.02589731376607918,True,True,False,False,True
openrca,L2,cd1min,max_z,openrca::mkt2,cpu;network,-0.0074358974358974365,-0.009494828700711055,0.0003846153846153843,-0.144625,0.1600192307692305,-0.02589731376607918,True,False,True,False,True
openrca,L2,cd1min,max_z,openrca::tel,cpu;network,-0.06862745098039216,-0.009494828700711055,-0.07938157894736841,-0.20097039473684208,0.04137039473684208,-0.02589731376607918,True,False,False,False,False
openrca,L2,cd1min,rcd,openrca::bank,cpu;network,0.07580882352941176,0.07060001885369532,0.10422787193973636,0.040228735091023225,0.1754571563088512,0.054183659856014504,True,False,False,False,False
openrca,L2,cd1min,rcd,openrca::mkt1,cpu;network,0.10999999999999999,0.07060001885369532,0.04322775263951735,-0.005679487179487179,0.10126772247360484,0.054183659856014504,False,False,False,False,False
openrca,L2,cd1min,rcd,openrca::mkt2,cpu;network,0.1260683760683761,0.07060001885369532,0.15756410256410255,0.06384615384615384,0.2628237179487179,0.054183659856014504,False,False,False,False,False
openrca,L2,cd1min,rcd,openrca::tel,cpu;network,-0.029477124183006537,0.07060001885369532,-0.08828508771929823,-0.21346381578947365,0.034083333333333354,0.054183659856014504,True,True,True,False,False
openrca,L2,e_diagnosis,max_z,openrca::bank,cpu;network,-0.09139705882352941,-0.13901813994828702,-0.06139595103578154,-0.11529360875706214,-0.014809086629001888,-0.11858517494637097,False,False,False,False,False
openrca,L2,e_diagnosis,max_z,openrca::mkt1,cpu;network,-0.12257142857142857,-0.13901813994828702,-0.11393665158371041,-0.19393665158371043,-0.03846153846153845,-0.11858517494637097,False,False,False,False,False
openrca,L2,e_diagnosis,max_z,openrca::mkt2,cpu;network,-0.15602564102564104,-0.13901813994828702,-0.1176923076923077,-0.19307692307692306,-0.04038461538461538,-0.11858517494637097,True,False,False,False,False
openrca,L2,e_diagnosis,max_z,openrca::tel,cpu;network,-0.18607843137254904,-0.13901813994828702,-0.1813157894736842,-0.3086907894736842,-0.055263157894736854,-0.11858517494637097,False,False,False,False,False
openrca,L2,e_diagnosis,rcd,openrca::bank,cpu;network,-0.05352941176470589,-0.058923292393880625,-0.02008709981167608,-0.050331979755178904,0.010050376647834241,-0.03850420132427728,False,False,False,False,False
openrca,L2,e_diagnosis,rcd,openrca::mkt1,cpu;network,-0.01271428571428571,-0.058923292393880625,0.01680241327300151,-0.05233163650075415,0.08144796380090498,-0.03850420132427728,True,False,True,False,True
openrca,L2,e_diagnosis,rcd,openrca::mkt2,cpu;network,-0.02252136752136752,-0.058923292393880625,0.03948717948717949,-0.03257051282051282,0.11602884615384612,-0.03850420132427728,True,False,True,False,True
openrca,L2,e_diagnosis,rcd,openrca::tel,cpu;network,-0.1469281045751634,-0.058923292393880625,-0.19021929824561404,-0.2980285087719298,-0.086577850877193,-0.03850420132427728,False,False,False,False,False
openrca,L2,max_z,rcd,openrca::bank,cpu;network,0.037867647058823534,0.08009484755440638,0.041308851224105464,-0.005961118957940988,0.09731842435655992,0.08008097362209368,True,False,False,False,False
openrca,L2,max_z,rcd,openrca::mkt1,cpu;network,0.10985714285714285,0.08009484755440638,0.1307390648567119,0.02273020361990951,0.242210407239819,0.08008097362209368,True,False,False,False,False
openrca,L2,max_z,rcd,openrca::mkt2,cpu;network,0.13350427350427352,0.08009484755440638,0.15717948717948718,0.07499679487179488,0.2421794871794872,0.08008097362209368,True,False,False,False,False
openrca,L2,max_z,rcd,openrca::tel,cpu;network,0.03915032679738562,0.08009484755440638,-0.008903508771929823,-0.09947368421052631,0.0815361842105263,0.08008097362209368,True,False,True,False,True
petshop,L1,baro,circa,petshop::high_traffic,availability;latency,-0.11538461538461539,-0.24278846153846154,-0.10714285714285714,-0.25,0.03571428571428571,-0.23958333333333331,False,False,False,False,False
petshop,L1,baro,circa,petshop::low_traffic,availability;latency,-0.23076923076923078,-0.24278846153846154,-0.22619047619047616,-0.4285714285714286,-0.02976190476190476,-0.23958333333333331,False,False,False,False,False
petshop,L1,baro,circa,petshop::temporal_traffic1,availability;latency,-0.25,-0.24278846153846154,-0.25,-0.625,0.25,-0.23958333333333331,False,False,False,False,False
petshop,L1,baro,circa,petshop::temporal_traffic2,availability;latency,-0.375,-0.24278846153846154,-0.375,-0.875,0.125,-0.23958333333333331,False,False,False,False,False
petshop,L1,baro,counterfactual_attribution,petshop::high_traffic,availability;latency,-0.15384615384615385,-0.007211538461538464,-0.14285714285714285,-0.32142857142857145,0.03571428571428571,3.469446951953614e-18,False,False,False,False,False
petshop,L1,baro,counterfactual_attribution,petshop::low_traffic,availability;latency,0.0,-0.007211538461538464,0.017857142857142863,-0.17261904761904762,0.20833333333333334,3.469446951953614e-18,True,False,False,False,True
petshop,L1,baro,counterfactual_attribution,petshop::temporal_traffic1,availability;latency,0.125,-0.007211538461538464,0.125,-0.25,0.5,3.469446951953614e-18,False,True,False,False,False
petshop,L1,baro,counterfactual_attribution,petshop::temporal_traffic2,availability;latency,0.0,-0.007211538461538464,0.0,-0.375,0.375,3.469446951953614e-18,False,False,False,False,False
petshop,L1,baro,epsilon_diagnosis,petshop::high_traffic,availability;latency,0.15384615384615385,0.17067307692307693,0.14285714285714285,0.03571428571428571,0.25,0.16964285714285715,False,False,False,False,False
petshop,L1,baro,epsilon_diagnosis,petshop::low_traffic,availability;latency,0.15384615384615385,0.17067307692307693,0.1607142857142857,0.041666666666666664,0.31547619047619047,0.16964285714285715,False,False,False,False,False
petshop,L1,baro,epsilon_diagnosis,petshop::temporal_traffic1,availability;latency,0.25,0.17067307692307693,0.25,0.0,0.5,0.16964285714285715,False,False,False,False,False
petshop,L1,baro,epsilon_diagnosis,petshop::temporal_traffic2,availability;latency,0.125,0.17067307692307693,0.125,-0.25,0.5,0.16964285714285715,False,False,False,False,False
petshop,L1,baro,rcd,petshop::high_traffic,availability;latency,0.15384615384615385,-0.1346153846153846,0.14285714285714285,0.03571428571428571,0.25,-0.14136904761904762,False,True,True,True,False
petshop,L1,baro,rcd,petshop::low_traffic,availability;latency,-0.19230769230769232,-0.1346153846153846,-0.20833333333333334,-0.4107142857142857,0.0,-0.14136904761904762,False,False,False,False,False
petshop,L1,baro,rcd,petshop::temporal_traffic1,availability;latency,-0.375,-0.1346153846153846,-0.375,-0.75,0.0,-0.14136904761904762,False,False,False,False,False
petshop,L1,baro,rcd,petshop::temporal_traffic2,availability;latency,-0.125,-0.1346153846153846,-0.125,-0.375,0.25,-0.14136904761904762,True,False,False,False,False
petshop,L1,circa,counterfactual_attribution,petshop::high_traffic,availability;latency,-0.038461538461538464,0.23557692307692307,-0.03571428571428571,-0.25,0.17857142857142858,0.23958333333333334,False,True,True,False,False
petshop,L1,circa,counterfactual_attribution,petshop::low_traffic,availability;latency,0.23076923076923078,0.23557692307692307,0.24404761904761907,-0.011904761904761918,0.5,0.23958333333333334,False,False,False,False,False
petshop,L1,circa,counterfactual_attribution,petshop::temporal_traffic1,availability;latency,0.375,0.23557692307692307,0.375,0.125,0.75,0.23958333333333334,False,False,False,False,False
petshop,L1,circa,counterfactual_attribution,petshop::temporal_traffic2,availability;latency,0.375,0.23557692307692307,0.375,-0.125,0.875,0.23958333333333334,False,False,False,False,False
petshop,L1,circa,epsilon_diagnosis,petshop::high_traffic,availability;latency,0.2692307692307692,0.41346153846153844,0.25,0.10714285714285714,0.39285714285714285,0.40922619047619047,False,False,False,False,False
petshop,L1,circa,epsilon_diagnosis,petshop::low_traffic,availability;latency,0.38461538461538464,0.41346153846153844,0.3869047619047619,0.19642857142857142,0.5773809523809523,0.40922619047619047,False,False,False,False,False
petshop,L1,circa,epsilon_diagnosis,petshop::temporal_traffic1,availability;latency,0.5,0.41346153846153844,0.5,0.25,0.75,0.40922619047619047,False,False,False,False,False
petshop,L1,circa,epsilon_diagnosis,petshop::temporal_traffic2,availability;latency,0.5,0.41346153846153844,0.5,0.125,0.875,0.40922619047619047,False,False,False,False,False
petshop,L1,circa,rcd,petshop::high_traffic,availability;latency,0.2692307692307692,0.10817307692307693,0.25,0.10714285714285714,0.39285714285714285,0.09821428571428571,False,False,False,False,False
petshop,L1,circa,rcd,petshop::low_traffic,availability;latency,0.038461538461538464,0.10817307692307693,0.01785714285714285,-0.22619047619047616,0.2857142857142857,0.09821428571428571,True,False,False,False,False
petshop,L1,circa,rcd,petshop::temporal_traffic1,availability;latency,-0.125,0.10817307692307693,-0.125,-0.625,0.375,0.09821428571428571,True,True,True,False,False
petshop,L1,circa,rcd,petshop::temporal_traffic2,availability;latency,0.25,0.10817307692307693,0.25,-0.25,0.5,0.09821428571428571,False,False,False,False,False
petshop,L1,counterfactual_attribution,epsilon_diagnosis,petshop::high_traffic,availability;latency,0.3076923076923077,0.1778846153846154,0.2857142857142857,0.14285714285714285,0.39285714285714285,0.16964285714285715,False,False,False,False,False
petshop,L1,counterfactual_attribution,epsilon_diagnosis,petshop::low_traffic,availability;latency,0.15384615384615385,0.1778846153846154,0.14285714285714285,0.03571428571428571,0.25,0.16964285714285715,False,False,False,False,False
petshop,L1,counterfactual_attribution,epsilon_diagnosis,petshop::temporal_traffic1,availability;latency,0.125,0.1778846153846154,0.125,0.0,0.375,0.16964285714285715,False,False,False,False,False
petshop,L1,counterfactual_attribution,epsilon_diagnosis,petshop::temporal_traffic2,availability;latency,0.125,0.1778846153846154,0.125,0.0,0.375,0.16964285714285715,False,False,False,False,False
petshop,L1,counterfactual_attribution,rcd,petshop::high_traffic,availability;latency,0.3076923076923077,-0.12740384615384615,0.2857142857142857,0.14285714285714285,0.39285714285714285,-0.14136904761904762,False,True,True,True,False
petshop,L1,counterfactual_attribution,rcd,petshop::low_traffic,availability;latency,-0.19230769230769232,-0.12740384615384615,-0.22619047619047616,-0.38690476190476186,-0.041666666666666685,-0.14136904761904762,True,False,False,False,False
petshop,L1,counterfactual_attribution,rcd,petshop::temporal_traffic1,availability;latency,-0.5,-0.12740384615384615,-0.5,-0.875,0.0,-0.14136904761904762,False,False,False,False,False
petshop,L1,counterfactual_attribution,rcd,petshop::temporal_traffic2,availability;latency,-0.125,-0.12740384615384615,-0.125,-0.375,0.25,-0.14136904761904762,True,False,False,False,False
petshop,L1,epsilon_diagnosis,rcd,petshop::high_traffic,availability;latency,0.0,-0.30528846153846156,0.0,0.0,0.0,-0.31101190476190477,False,False,False,False,False
petshop,L1,epsilon_diagnosis,rcd,petshop::low_traffic,availability;latency,-0.34615384615384615,-0.30528846153846156,-0.369047619047619,-0.5238095238095238,-0.20833333333333334,-0.31101190476190477,False,False,False,False,False
petshop,L1,epsilon_diagnosis,rcd,petshop::temporal_traffic1,availability;latency,-0.625,-0.30528846153846156,-0.625,-0.875,-0.25,-0.31101190476190477,False,False,False,False,False
petshop,L1,epsilon_diagnosis,rcd,petshop::temporal_traffic2,availability;latency,-0.25,-0.30528846153846156,-0.25,-0.625,0.125,-0.31101190476190477,False,False,False,False,False
petshop,L2,alertcount,baro,petshop::high_traffic,availability;latency,-0.11538461538461539,-0.12980769230769232,-0.10119047619047619,-0.25,0.047619047619047616,-0.12797619047619047,True,False,False,False,False
petshop,L2,alertcount,baro,petshop::low_traffic,availability;latency,-0.15384615384615385,-0.12980769230769232,-0.1607142857142857,-0.31547619047619047,-0.041666666666666664,-0.12797619047619047,False,False,False,False,False
petshop,L2,alertcount,baro,petshop::temporal_traffic1,availability;latency,-0.25,-0.12980769230769232,-0.25,-0.5,0.0,-0.12797619047619047,False,False,False,False,False
petshop,L2,alertcount,baro,petshop::temporal_traffic2,availability;latency,0.0,-0.12980769230769232,0.0,-0.25,0.25,-0.12797619047619047,True,False,False,False,False
petshop,L2,alertcount,baseline,petshop::high_traffic,availability;latency,-0.34615384615384615,-0.5432692307692307,-0.3273809523809524,-0.5178571428571428,-0.13690476190476192,-0.5386904761904762,False,False,False,False,False
petshop,L2,alertcount,baseline,petshop::low_traffic,availability;latency,-0.5769230769230769,-0.5432692307692307,-0.5773809523809523,-0.7678571428571428,-0.3869047619047619,-0.5386904761904762,False,False,False,False,False
petshop,L2,alertcount,baseline,petshop::temporal_traffic1,availability;latency,-0.625,-0.5432692307692307,-0.625,-0.875,-0.5,-0.5386904761904762,False,False,False,False,False
petshop,L2,alertcount,baseline,petshop::temporal_traffic2,availability;latency,-0.625,-0.5432692307692307,-0.625,-0.875,-0.25,-0.5386904761904762,False,False,False,False,False
petshop,L2,alertcount,cd1min,petshop::high_traffic,availability;latency,0.038461538461538464,0.0,0.041666666666666664,0.0,0.125,0.0,False,False,False,False,False
petshop,L2,alertcount,cd1min,petshop::low_traffic,availability;latency,-0.038461538461538464,0.0,-0.041666666666666664,-0.125,0.0,0.0,False,False,False,False,False
petshop,L2,alertcount,cd1min,petshop::temporal_traffic1,availability;latency,-0.125,0.0,-0.125,-0.375,0.0,0.0,False,False,False,False,False
petshop,L2,alertcount,cd1min,petshop::temporal_traffic2,availability;latency,0.125,0.0,0.125,-0.25,0.5,0.0,False,False,False,False,False
petshop,L2,alertcount,circa,petshop::high_traffic,availability;latency,-0.23076923076923078,-0.37259615384615385,-0.20833333333333334,-0.35714285714285715,-0.053571428571428575,-0.36755952380952384,True,False,False,False,False
petshop,L2,alertcount,circa,petshop::low_traffic,availability;latency,-0.38461538461538464,-0.37259615384615385,-0.3869047619047619,-0.5773809523809523,-0.19642857142857142,-0.36755952380952384,False,False,False,False,False
petshop,L2,alertcount,circa,petshop::temporal_traffic1,availability;latency,-0.5,-0.37259615384615385,-0.5,-0.75,-0.25,-0.36755952380952384,False,False,False,False,False
petshop,L2,alertcount,circa,petshop::temporal_traffic2,availability;latency,-0.375,-0.37259615384615385,-0.375,-0.875,0.125,-0.36755952380952384,False,False,False,False,False
petshop,L2,alertcount,counterfactual_attribution,petshop::high_traffic,availability;latency,-0.2692307692307692,-0.13701923076923078,-0.24404761904761904,-0.39285714285714285,-0.08928571428571427,-0.12797619047619047,True,False,False,False,False
petshop,L2,alertcount,counterfactual_attribution,petshop::low_traffic,availability;latency,-0.15384615384615385,-0.13701923076923078,-0.14285714285714285,-0.25,-0.03571428571428571,-0.12797619047619047,False,False,False,False,False
petshop,L2,alertcount,counterfactual_attribution,petshop::temporal_traffic1,availability;latency,-0.125,-0.13701923076923078,-0.125,-0.375,0.0,-0.12797619047619047,False,False,False,False,False
petshop,L2,alertcount,counterfactual_attribution,petshop::temporal_traffic2,availability;latency,0.0,-0.13701923076923078,0.0,-0.375,0.5,-0.12797619047619047,True,False,False,False,False
petshop,L2,alertcount,epsilon_diagnosis,petshop::high_traffic,availability;latency,0.038461538461538464,0.040865384615384616,0.041666666666666664,0.0,0.125,0.041666666666666664,False,False,False,False,False
petshop,L2,alertcount,epsilon_diagnosis,petshop::low_traffic,availability;latency,0.0,0.040865384615384616,0.0,0.0,0.0,0.041666666666666664,False,False,False,False,False
petshop,L2,alertcount,epsilon_diagnosis,petshop::temporal_traffic1,availability;latency,0.0,0.040865384615384616,0.0,0.0,0.0,0.041666666666666664,False,False,False,False,False
petshop,L2,alertcount,epsilon_diagnosis,petshop::temporal_traffic2,availability;latency,0.125,0.040865384615384616,0.125,-0.25,0.5,0.041666666666666664,False,False,False,False,False
petshop,L2,alertcount,max_z,petshop::high_traffic,availability;latency,-0.038461538461538464,-0.1826923076923077,-0.02976190476190476,-0.14285714285714285,0.08928571428571429,-0.1830357142857143,True,False,False,False,False
petshop,L2,alertcount,max_z,petshop::low_traffic,availability;latency,-0.19230769230769232,-0.1826923076923077,-0.20238095238095238,-0.36309523809523814,-0.07142857142857142,-0.1830357142857143,False,False,False,False,False
petshop,L2,alertcount,max_z,petshop::temporal_traffic1,availability;latency,-0.375,-0.1826923076923077,-0.375,-0.75,-0.125,-0.1830357142857143,False,False,False,False,False
petshop,L2,alertcount,max_z,petshop::temporal_traffic2,availability;latency,-0.125,-0.1826923076923077,-0.125,-0.5,0.25,-0.1830357142857143,False,False,False,False,False
petshop,L2,alertcount,random_walk,petshop::high_traffic,availability;latency,0.038461538461538464,0.040865384615384616,0.041666666666666664,0.0,0.125,0.041666666666666664,False,False,False,False,False
petshop,L2,alertcount,random_walk,petshop::low_traffic,availability;latency,0.0,0.040865384615384616,0.0,0.0,0.0,0.041666666666666664,False,False,False,False,False
petshop,L2,alertcount,random_walk,petshop::temporal_traffic1,availability;latency,-0.125,0.040865384615384616,-0.125,-0.375,0.0,0.041666666666666664,False,True,True,False,False
petshop,L2,alertcount,random_walk,petshop::temporal_traffic2,availability;latency,0.25,0.040865384615384616,0.25,0.0,0.625,0.041666666666666664,False,False,False,False,False
petshop,L2,alertcount,ranked_correlation,petshop::high_traffic,availability;latency,-0.6923076923076923,-0.5673076923076923,-0.6964285714285714,-0.8870535714285712,-0.4642857142857143,-0.5714285714285714,False,False,False,False,False
petshop,L2,alertcount,ranked_correlation,petshop::low_traffic,availability;latency,-0.5769230769230769,-0.5673076923076923,-0.5892857142857143,-0.7678571428571428,-0.39880952380952384,-0.5714285714285714,False,False,False,False,False
petshop,L2,alertcount,ranked_correlation,petshop::temporal_traffic1,availability;latency,-0.75,-0.5673076923076923,-0.75,-1.0,-0.375,-0.5714285714285714,False,False,False,False,False
petshop,L2,alertcount,ranked_correlation,petshop::temporal_traffic2,availability;latency,-0.25,-0.5673076923076923,-0.25,-0.625,0.0,-0.5714285714285714,False,False,False,False,False
petshop,L2,alertcount,rcd,petshop::high_traffic,availability;latency,0.038461538461538464,-0.2644230769230769,0.041666666666666664,0.0,0.125,-0.2693452380952381,False,True,True,False,False
petshop,L2,alertcount,rcd,petshop::low_traffic,availability;latency,-0.34615384615384615,-0.2644230769230769,-0.369047619047619,-0.5238095238095238,-0.20833333333333334,-0.2693452380952381,False,False,False,False,False
petshop,L2,alertcount,rcd,petshop::temporal_traffic1,availability;latency,-0.625,-0.2644230769230769,-0.625,-0.875,-0.25,-0.2693452380952381,False,False,False,False,False
petshop,L2,alertcount,rcd,petshop::temporal_traffic2,availability;latency,-0.125,-0.2644230769230769,-0.125,-0.625,0.375,-0.2693452380952381,False,False,False,False,False
petshop,L2,baro,baseline,petshop::high_traffic,availability;latency,-0.23076923076923078,-0.41346153846153844,-0.22619047619047616,-0.45238095238095233,0.0,-0.4107142857142857,False,False,False,False,False
petshop,L2,baro,baseline,petshop::low_traffic,availability;latency,-0.4230769230769231,-0.41346153846153844,-0.41666666666666663,-0.6309523809523809,-0.19642857142857142,-0.4107142857142857,False,False,False,False,False
petshop,L2,baro,baseline,petshop::temporal_traffic1,availability;latency,-0.375,-0.41346153846153844,-0.375,-0.75,-0.125,-0.4107142857142857,False,False,False,False,False
petshop,L2,baro,baseline,petshop::temporal_traffic2,availability;latency,-0.625,-0.41346153846153844,-0.625,-0.875,-0.25,-0.4107142857142857,False,False,False,False,False
petshop,L2,baro,cd1min,petshop::high_traffic,availability;latency,0.15384615384615385,0.12980769230769232,0.14285714285714285,0.03571428571428571,0.25,0.12797619047619047,False,False,False,False,False
petshop,L2,baro,cd1min,petshop::low_traffic,availability;latency,0.11538461538461539,0.12980769230769232,0.11904761904761904,0.0,0.24404761904761907,0.12797619047619047,False,False,False,False,False
petshop,L2,baro,cd1min,petshop::temporal_traffic1,availability;latency,0.125,0.12980769230769232,0.125,0.0,0.375,0.12797619047619047,False,False,False,False,False
petshop,L2,baro,cd1min,petshop::temporal_traffic2,availability;latency,0.125,0.12980769230769232,0.125,0.0,0.375,0.12797619047619047,False,False,False,False,False
petshop,L2,baro,circa,petshop::high_traffic,availability;latency,-0.11538461538461539,-0.24278846153846154,-0.10714285714285714,-0.25,0.03571428571428571,-0.23958333333333331,False,False,False,False,False
petshop,L2,baro,circa,petshop::low_traffic,availability;latency,-0.23076923076923078,-0.24278846153846154,-0.22619047619047616,-0.4285714285714286,-0.02976190476190476,-0.23958333333333331,False,False,False,False,False
petshop,L2,baro,circa,petshop::temporal_traffic1,availability;latency,-0.25,-0.24278846153846154,-0.25,-0.625,0.25,-0.23958333333333331,False,False,False,False,False
petshop,L2,baro,circa,petshop::temporal_traffic2,availability;latency,-0.375,-0.24278846153846154,-0.375,-0.875,0.125,-0.23958333333333331,False,False,False,False,False
petshop,L2,baro,counterfactual_attribution,petshop::high_traffic,availability;latency,-0.15384615384615385,-0.007211538461538464,-0.14285714285714285,-0.32142857142857145,0.03571428571428571,3.469446951953614e-18,False,False,False,False,False
petshop,L2,baro,counterfactual_attribution,petshop::low_traffic,availability;latency,0.0,-0.007211538461538464,0.017857142857142863,-0.17261904761904762,0.20833333333333334,3.469446951953614e-18,True,False,False,False,True
petshop,L2,baro,counterfactual_attribution,petshop::temporal_traffic1,availability;latency,0.125,-0.007211538461538464,0.125,-0.25,0.5,3.469446951953614e-18,False,True,False,False,False
petshop,L2,baro,counterfactual_attribution,petshop::temporal_traffic2,availability;latency,0.0,-0.007211538461538464,0.0,-0.375,0.375,3.469446951953614e-18,False,False,False,False,False
petshop,L2,baro,epsilon_diagnosis,petshop::high_traffic,availability;latency,0.15384615384615385,0.17067307692307693,0.14285714285714285,0.03571428571428571,0.25,0.16964285714285715,False,False,False,False,False
petshop,L2,baro,epsilon_diagnosis,petshop::low_traffic,availability;latency,0.15384615384615385,0.17067307692307693,0.1607142857142857,0.041666666666666664,0.31547619047619047,0.16964285714285715,False,False,False,False,False
petshop,L2,baro,epsilon_diagnosis,petshop::temporal_traffic1,availability;latency,0.25,0.17067307692307693,0.25,0.0,0.5,0.16964285714285715,False,False,False,False,False
petshop,L2,baro,epsilon_diagnosis,petshop::temporal_traffic2,availability;latency,0.125,0.17067307692307693,0.125,-0.25,0.5,0.16964285714285715,False,False,False,False,False
petshop,L2,baro,max_z,petshop::high_traffic,availability;latency,0.07692307692307693,-0.052884615384615384,0.07142857142857142,0.0,0.17857142857142858,-0.05505952380952381,False,True,True,False,False
petshop,L2,baro,max_z,petshop::low_traffic,availability;latency,-0.038461538461538464,-0.052884615384615384,-0.041666666666666664,-0.125,0.0,-0.05505952380952381,False,False,False,False,False
petshop,L2,baro,max_z,petshop::temporal_traffic1,availability;latency,-0.125,-0.052884615384615384,-0.125,-0.375,0.0,-0.05505952380952381,False,False,False,False,False
petshop,L2,baro,max_z,petshop::temporal_traffic2,availability;latency,-0.125,-0.052884615384615384,-0.125,-0.375,0.0,-0.05505952380952381,False,False,False,False,False
petshop,L2,baro,random_walk,petshop::high_traffic,availability;latency,0.15384615384615385,0.17067307692307693,0.14285714285714285,0.03571428571428571,0.25,0.16964285714285715,False,False,False,False,False
petshop,L2,baro,random_walk,petshop::low_traffic,availability;latency,0.15384615384615385,0.17067307692307693,0.1607142857142857,0.041666666666666664,0.31547619047619047,0.16964285714285715,False,False,False,False,False
petshop,L2,baro,random_walk,petshop::temporal_traffic1,availability;latency,0.125,0.17067307692307693,0.125,-0.25,0.5,0.16964285714285715,False,False,False,False,False
petshop,L2,baro,random_walk,petshop::temporal_traffic2,availability;latency,0.25,0.17067307692307693,0.25,0.0,0.5,0.16964285714285715,False,False,False,False,False
petshop,L2,baro,ranked_correlation,petshop::high_traffic,availability;latency,-0.5769230769230769,-0.4375,-0.5952380952380952,-0.8095238095238095,-0.369047619047619,-0.44345238095238093,False,False,False,False,False
petshop,L2,baro,ranked_correlation,petshop::low_traffic,availability;latency,-0.4230769230769231,-0.4375,-0.4285714285714286,-0.6369047619047619,-0.20833333333333334,-0.44345238095238093,False,False,False,False,False
petshop,L2,baro,ranked_correlation,petshop::temporal_traffic1,availability;latency,-0.5,-0.4375,-0.5,-0.75,-0.25,-0.44345238095238093,False,False,False,False,False
petshop,L2,baro,ranked_correlation,petshop::temporal_traffic2,availability;latency,-0.25,-0.4375,-0.25,-0.5,0.0,-0.44345238095238093,False,False,False,False,False
petshop,L2,baro,rcd,petshop::high_traffic,availability;latency,0.15384615384615385,-0.1346153846153846,0.14285714285714285,0.03571428571428571,0.25,-0.14136904761904762,False,True,True,True,False
petshop,L2,baro,rcd,petshop::low_traffic,availability;latency,-0.19230769230769232,-0.1346153846153846,-0.20833333333333334,-0.4107142857142857,0.0,-0.14136904761904762,False,False,False,False,False
petshop,L2,baro,rcd,petshop::temporal_traffic1,availability;latency,-0.375,-0.1346153846153846,-0.375,-0.75,0.0,-0.14136904761904762,False,False,False,False,False
petshop,L2,baro,rcd,petshop::temporal_traffic2,availability;latency,-0.125,-0.1346153846153846,-0.125,-0.375,0.25,-0.14136904761904762,True,False,False,False,False
petshop,L2,baseline,cd1min,petshop::high_traffic,availability;latency,0.38461538461538464,0.5432692307692308,0.369047619047619,0.21428571428571427,0.5357142857142857,0.5386904761904762,False,False,False,False,False
petshop,L2,baseline,cd1min,petshop::low_traffic,availability;latency,0.5384615384615384,0.5432692307692308,0.5357142857142857,0.34523809523809523,0.7261904761904762,0.5386904761904762,False,False,False,False,False
petshop,L2,baseline,cd1min,petshop::temporal_traffic1,availability;latency,0.5,0.5432692307692308,0.5,0.25,0.75,0.5386904761904762,False,False,False,False,False
petshop,L2,baseline,cd1min,petshop::temporal_traffic2,availability;latency,0.75,0.5432692307692308,0.75,0.375,1.0,0.5386904761904762,False,False,False,False,False
petshop,L2,baseline,circa,petshop::high_traffic,availability;latency,0.11538461538461539,0.17067307692307693,0.11904761904761904,-0.06547619047619047,0.30952380952380953,0.17113095238095238,False,False,False,False,False
petshop,L2,baseline,circa,petshop::low_traffic,availability;latency,0.19230769230769232,0.17067307692307693,0.19047619047619047,-0.07738095238095238,0.45238095238095233,0.17113095238095238,False,False,False,False,False
petshop,L2,baseline,circa,petshop::temporal_traffic1,availability;latency,0.125,0.17067307692307693,0.125,0.0,0.375,0.17113095238095238,False,False,False,False,False
petshop,L2,baseline,circa,petshop::temporal_traffic2,availability;latency,0.25,0.17067307692307693,0.25,-0.25,0.625,0.17113095238095238,False,False,False,False,False
petshop,L2,baseline,counterfactual_attribution,petshop::high_traffic,availability;latency,0.07692307692307693,0.40625,0.08333333333333333,-0.16666666666666669,0.3333333333333333,0.4107142857142857,False,False,False,False,False
petshop,L2,baseline,counterfactual_attribution,petshop::low_traffic,availability;latency,0.4230769230769231,0.40625,0.43452380952380953,0.20238095238095238,0.6607142857142857,0.4107142857142857,False,False,False,False,False
petshop,L2,baseline,counterfactual_attribution,petshop::temporal_traffic1,availability;latency,0.5,0.40625,0.5,0.25,0.75,0.4107142857142857,False,False,False,False,False
petshop,L2,baseline,counterfactual_attribution,petshop::temporal_traffic2,availability;latency,0.625,0.40625,0.625,0.25,0.875,0.4107142857142857,False,False,False,False,False
petshop,L2,baseline,epsilon_diagnosis,petshop::high_traffic,availability;latency,0.38461538461538464,0.5841346153846154,0.369047619047619,0.21428571428571427,0.5357142857142857,0.5803571428571428,False,False,False,False,False
petshop,L2,baseline,epsilon_diagnosis,petshop::low_traffic,availability;latency,0.5769230769230769,0.5841346153846154,0.5773809523809523,0.3869047619047619,0.7678571428571428,0.5803571428571428,False,False,False,False,False
petshop,L2,baseline,epsilon_diagnosis,petshop::temporal_traffic1,availability;latency,0.625,0.5841346153846154,0.625,0.5,0.875,0.5803571428571428,False,False,False,False,False
petshop,L2,baseline,epsilon_diagnosis,petshop::temporal_traffic2,availability;latency,0.75,0.5841346153846154,0.75,0.375,1.0,0.5803571428571428,False,False,False,False,False
petshop,L2,baseline,max_z,petshop::high_traffic,availability;latency,0.3076923076923077,0.3605769230769231,0.2976190476190476,0.07738095238095238,0.5119047619047619,0.3556547619047619,False,False,False,False,False
petshop,L2,baseline,max_z,petshop::low_traffic,availability;latency,0.38461538461538464,0.3605769230769231,0.375,0.1607142857142857,0.5714285714285714,0.3556547619047619,False,False,False,False,False
petshop,L2,baseline,max_z,petshop::temporal_traffic1,availability;latency,0.25,0.3605769230769231,0.25,0.0,0.5,0.3556547619047619,False,False,False,False,False
petshop,L2,baseline,max_z,petshop::temporal_traffic2,availability;latency,0.5,0.3605769230769231,0.5,0.125,0.875,0.3556547619047619,False,False,False,False,False
petshop,L2,baseline,random_walk,petshop::high_traffic,availability;latency,0.38461538461538464,0.5841346153846154,0.369047619047619,0.21428571428571427,0.5357142857142857,0.5803571428571428,False,False,False,False,False
petshop,L2,baseline,random_walk,petshop::low_traffic,availability;latency,0.5769230769230769,0.5841346153846154,0.5773809523809523,0.3869047619047619,0.7678571428571428,0.5803571428571428,False,False,False,False,False
petshop,L2,baseline,random_walk,petshop::temporal_traffic1,availability;latency,0.5,0.5841346153846154,0.5,0.25,0.75,0.5803571428571428,False,False,False,False,False
petshop,L2,baseline,random_walk,petshop::temporal_traffic2,availability;latency,0.875,0.5841346153846154,0.875,0.625,1.0,0.5803571428571428,False,False,False,False,False
petshop,L2,baseline,ranked_correlation,petshop::high_traffic,availability;latency,-0.34615384615384615,-0.024038461538461536,-0.369047619047619,-0.5892857142857143,-0.14285714285714285,-0.03273809523809523,False,False,False,False,False
petshop,L2,baseline,ranked_correlation,petshop::low_traffic,availability;latency,0.0,-0.024038461538461536,-0.011904761904761904,-0.23809523809523808,0.20833333333333334,-0.03273809523809523,True,False,False,False,True
petshop,L2,baseline,ranked_correlation,petshop::temporal_traffic1,availability;latency,-0.125,-0.024038461538461536,-0.125,-0.375,0.25,-0.03273809523809523,True,False,False,False,False
petshop,L2,baseline,ranked_correlation,petshop::temporal_traffic2,availability;latency,0.375,-0.024038461538461536,0.375,0.125,0.75,-0.03273809523809523,False,True,True,True,False
petshop,L2,baseline,rcd,petshop::high_traffic,availability;latency,0.38461538461538464,0.27884615384615385,0.369047619047619,0.21428571428571427,0.5357142857142857,0.2693452380952381,False,False,False,False,False
petshop,L2,baseline,rcd,petshop::low_traffic,availability;latency,0.23076923076923078,0.27884615384615385,0.20833333333333334,-0.047619047619047616,0.44642857142857145,0.2693452380952381,True,False,False,False,False
petshop,L2,baseline,rcd,petshop::temporal_traffic1,availability;latency,0.0,0.27884615384615385,0.0,-0.375,0.375,0.2693452380952381,True,False,False,False,False
petshop,L2,baseline,rcd,petshop::temporal_traffic2,availability;latency,0.5,0.27884615384615385,0.5,0.0,0.875,0.2693452380952381,False,False,False,False,False
petshop,L2,cd1min,circa,petshop::high_traffic,availability;latency,-0.2692307692307692,-0.37259615384615385,-0.25,-0.39285714285714285,-0.10714285714285714,-0.36755952380952384,False,False,False,False,False
petshop,L2,cd1min,circa,petshop::low_traffic,availability;latency,-0.34615384615384615,-0.37259615384615385,-0.34523809523809523,-0.5535714285714286,-0.13690476190476192,-0.36755952380952384,False,False,False,False,False
petshop,L2,cd1min,circa,petshop::temporal_traffic1,availability;latency,-0.375,-0.37259615384615385,-0.375,-0.75,0.125,-0.36755952380952384,False,False,False,False,False
petshop,L2,cd1min,circa,petshop::temporal_traffic2,availability;latency,-0.5,-0.37259615384615385,-0.5,-0.875,0.0,-0.36755952380952384,False,False,False,False,False
petshop,L2,cd1min,counterfactual_attribution,petshop::high_traffic,availability;latency,-0.3076923076923077,-0.13701923076923078,-0.2857142857142857,-0.39285714285714285,-0.14285714285714285,-0.12797619047619047,False,False,False,False,False
petshop,L2,cd1min,counterfactual_attribution,petshop::low_traffic,availability;latency,-0.11538461538461539,-0.13701923076923078,-0.10119047619047619,-0.25,0.047619047619047616,-0.12797619047619047,True,False,False,False,False
petshop,L2,cd1min,counterfactual_attribution,petshop::temporal_traffic1,availability;latency,0.0,-0.13701923076923078,0.0,-0.375,0.375,-0.12797619047619047,False,False,False,False,False
petshop,L2,cd1min,counterfactual_attribution,petshop::temporal_traffic2,availability;latency,-0.125,-0.13701923076923078,-0.125,-0.375,0.0,-0.12797619047619047,False,False,False,False,False
petshop,L2,cd1min,epsilon_diagnosis,petshop::high_traffic,availability;latency,0.0,0.040865384615384616,0.0,0.0,0.0,0.041666666666666664,False,False,False,False,False
petshop,L2,cd1min,epsilon_diagnosis,petshop::low_traffic,availability;latency,0.038461538461538464,0.040865384615384616,0.041666666666666664,0.0,0.125,0.041666666666666664,False,False,False,False,False
petshop,L2,cd1min,epsilon_diagnosis,petshop::temporal_traffic1,availability;latency,0.125,0.040865384615384616,0.125,0.0,0.375,0.041666666666666664,False,False,False,False,False
petshop,L2,cd1min,epsilon_diagnosis,petshop::temporal_traffic2,availability;latency,0.0,0.040865384615384616,0.0,-0.375,0.375,0.041666666666666664,False,False,False,False,False
petshop,L2,cd1min,max_z,petshop::high_traffic,availability;latency,-0.07692307692307693,-0.1826923076923077,-0.07142857142857142,-0.17857142857142858,0.0,-0.18303571428571427,False,False,False,False,False
petshop,L2,cd1min,max_z,petshop::low_traffic,availability;latency,-0.15384615384615385,-0.1826923076923077,-0.1607142857142857,-0.31547619047619047,-0.03571428571428571,-0.18303571428571427,False,False,False,False,False
petshop,L2,cd1min,max_z,petshop::temporal_traffic1,availability;latency,-0.25,-0.1826923076923077,-0.25,-0.625,0.0,-0.18303571428571427,False,False,False,False,False
petshop,L2,cd1min,max_z,petshop::temporal_traffic2,availability;latency,-0.25,-0.1826923076923077,-0.25,-0.625,0.0,-0.18303571428571427,False,False,False,False,False
petshop,L2,cd1min,random_walk,petshop::high_traffic,availability;latency,0.0,0.040865384615384616,0.0,0.0,0.0,0.041666666666666664,False,False,False,False,False
petshop,L2,cd1min,random_walk,petshop::low_traffic,availability;latency,0.038461538461538464,0.040865384615384616,0.041666666666666664,0.0,0.125,0.041666666666666664,False,False,False,False,False
petshop,L2,cd1min,random_walk,petshop::temporal_traffic1,availability;latency,0.0,0.040865384615384616,0.0,-0.375,0.375,0.041666666666666664,False,False,False,False,False
petshop,L2,cd1min,random_walk,petshop::temporal_traffic2,availability;latency,0.125,0.040865384615384616,0.125,0.0,0.375,0.041666666666666664,False,False,False,False,False
petshop,L2,cd1min,ranked_correlation,petshop::high_traffic,availability;latency,-0.7307692307692307,-0.5673076923076923,-0.7380952380952381,-0.8928571428571428,-0.5595238095238095,-0.5714285714285714,False,False,False,False,False
petshop,L2,cd1min,ranked_correlation,petshop::low_traffic,availability;latency,-0.5384615384615384,-0.5673076923076923,-0.5476190476190476,-0.7380952380952381,-0.35714285714285715,-0.5714285714285714,False,False,False,False,False
petshop,L2,cd1min,ranked_correlation,petshop::temporal_traffic1,availability;latency,-0.625,-0.5673076923076923,-0.625,-0.875,-0.25,-0.5714285714285714,False,False,False,False,False
petshop,L2,cd1min,ranked_correlation,petshop::temporal_traffic2,availability;latency,-0.375,-0.5673076923076923,-0.375,-0.75,-0.125,-0.5714285714285714,False,False,False,False,False
petshop,L2,cd1min,rcd,petshop::high_traffic,availability;latency,0.0,-0.2644230769230769,0.0,0.0,0.0,-0.2693452380952381,False,False,False,False,False
petshop,L2,cd1min,rcd,petshop::low_traffic,availability;latency,-0.3076923076923077,-0.2644230769230769,-0.3273809523809524,-0.5,-0.125,-0.2693452380952381,False,False,False,False,False
petshop,L2,cd1min,rcd,petshop::temporal_traffic1,availability;latency,-0.5,-0.2644230769230769,-0.5,-0.75,-0.25,-0.2693452380952381,False,False,False,False,False
petshop,L2,cd1min,rcd,petshop::temporal_traffic2,availability;latency,-0.25,-0.2644230769230769,-0.25,-0.5,0.0,-0.2693452380952381,False,False,False,False,False
petshop,L2,circa,counterfactual_attribution,petshop::high_traffic,availability;latency,-0.038461538461538464,0.23557692307692307,-0.03571428571428571,-0.25,0.17857142857142858,0.23958333333333334,False,True,True,False,False
petshop,L2,circa,counterfactual_attribution,petshop::low_traffic,availability;latency,0.23076923076923078,0.23557692307692307,0.24404761904761907,-0.011904761904761918,0.5,0.23958333333333334,False,False,False,False,False
petshop,L2,circa,counterfactual_attribution,petshop::temporal_traffic1,availability;latency,0.375,0.23557692307692307,0.375,0.125,0.75,0.23958333333333334,False,False,False,False,False
petshop,L2,circa,counterfactual_attribution,petshop::temporal_traffic2,availability;latency,0.375,0.23557692307692307,0.375,-0.125,0.875,0.23958333333333334,False,False,False,False,False
petshop,L2,circa,epsilon_diagnosis,petshop::high_traffic,availability;latency,0.2692307692307692,0.41346153846153844,0.25,0.10714285714285714,0.39285714285714285,0.40922619047619047,False,False,False,False,False
petshop,L2,circa,epsilon_diagnosis,petshop::low_traffic,availability;latency,0.38461538461538464,0.41346153846153844,0.3869047619047619,0.19642857142857142,0.5773809523809523,0.40922619047619047,False,False,False,False,False
petshop,L2,circa,epsilon_diagnosis,petshop::temporal_traffic1,availability;latency,0.5,0.41346153846153844,0.5,0.25,0.75,0.40922619047619047,False,False,False,False,False
petshop,L2,circa,epsilon_diagnosis,petshop::temporal_traffic2,availability;latency,0.5,0.41346153846153844,0.5,0.125,0.875,0.40922619047619047,False,False,False,False,False
petshop,L2,circa,max_z,petshop::high_traffic,availability;latency,0.19230769230769232,0.18990384615384615,0.17857142857142858,0.03571428571428571,0.32142857142857145,0.18452380952380953,False,False,False,False,False
petshop,L2,circa,max_z,petshop::low_traffic,availability;latency,0.19230769230769232,0.18990384615384615,0.1845238095238095,-0.023809523809523808,0.4107142857142857,0.18452380952380953,False,False,False,False,False
petshop,L2,circa,max_z,petshop::temporal_traffic1,availability;latency,0.125,0.18990384615384615,0.125,-0.25,0.5,0.18452380952380953,False,False,False,False,False
petshop,L2,circa,max_z,petshop::temporal_traffic2,availability;latency,0.25,0.18990384615384615,0.25,-0.25,0.625,0.18452380952380953,False,False,False,False,False
petshop,L2,circa,random_walk,petshop::high_traffic,availability;latency,0.2692307692307692,0.41346153846153844,0.25,0.10714285714285714,0.39285714285714285,0.40922619047619047,False,False,False,False,False
petshop,L2,circa,random_walk,petshop::low_traffic,availability;latency,0.38461538461538464,0.41346153846153844,0.3869047619047619,0.19642857142857142,0.5773809523809523,0.40922619047619047,False,False,False,False,False
petshop,L2,circa,random_walk,petshop::temporal_traffic1,availability;latency,0.375,0.41346153846153844,0.375,0.125,0.75,0.40922619047619047,False,False,False,False,False
petshop,L2,circa,random_walk,petshop::temporal_traffic2,availability;latency,0.625,0.41346153846153844,0.625,0.25,0.875,0.40922619047619047,False,False,False,False,False
petshop,L2,circa,ranked_correlation,petshop::high_traffic,availability;latency,-0.46153846153846156,-0.19471153846153846,-0.48809523809523814,-0.6785714285714286,-0.2916666666666667,-0.20386904761904762,False,False,False,False,False
petshop,L2,circa,ranked_correlation,petshop::low_traffic,availability;latency,-0.19230769230769232,-0.19471153846153846,-0.20238095238095238,-0.48809523809523814,0.10714285714285714,-0.20386904761904762,False,False,False,False,False
petshop,L2,circa,ranked_correlation,petshop::temporal_traffic1,availability;latency,-0.25,-0.19471153846153846,-0.25,-0.625,0.125,-0.20386904761904762,False,False,False,False,False
petshop,L2,circa,ranked_correlation,petshop::temporal_traffic2,availability;latency,0.125,-0.19471153846153846,0.125,-0.375,0.625,-0.20386904761904762,False,True,True,False,False
petshop,L2,circa,rcd,petshop::high_traffic,availability;latency,0.2692307692307692,0.10817307692307693,0.25,0.10714285714285714,0.39285714285714285,0.09821428571428571,False,False,False,False,False
petshop,L2,circa,rcd,petshop::low_traffic,availability;latency,0.038461538461538464,0.10817307692307693,0.01785714285714285,-0.22619047619047616,0.2857142857142857,0.09821428571428571,True,False,False,False,False
petshop,L2,circa,rcd,petshop::temporal_traffic1,availability;latency,-0.125,0.10817307692307693,-0.125,-0.625,0.375,0.09821428571428571,True,True,True,False,False
petshop,L2,circa,rcd,petshop::temporal_traffic2,availability;latency,0.25,0.10817307692307693,0.25,-0.25,0.5,0.09821428571428571,False,False,False,False,False
petshop,L2,counterfactual_attribution,epsilon_diagnosis,petshop::high_traffic,availability;latency,0.3076923076923077,0.1778846153846154,0.2857142857142857,0.14285714285714285,0.39285714285714285,0.16964285714285715,False,False,False,False,False
petshop,L2,counterfactual_attribution,epsilon_diagnosis,petshop::low_traffic,availability;latency,0.15384615384615385,0.1778846153846154,0.14285714285714285,0.03571428571428571,0.25,0.16964285714285715,False,False,False,False,False
petshop,L2,counterfactual_attribution,epsilon_diagnosis,petshop::temporal_traffic1,availability;latency,0.125,0.1778846153846154,0.125,0.0,0.375,0.16964285714285715,False,False,False,False,False
petshop,L2,counterfactual_attribution,epsilon_diagnosis,petshop::temporal_traffic2,availability;latency,0.125,0.1778846153846154,0.125,0.0,0.375,0.16964285714285715,False,False,False,False,False
petshop,L2,counterfactual_attribution,max_z,petshop::high_traffic,availability;latency,0.23076923076923078,-0.04567307692307692,0.21428571428571427,0.03571428571428571,0.35714285714285715,-0.05505952380952381,False,True,True,True,False
petshop,L2,counterfactual_attribution,max_z,petshop::low_traffic,availability;latency,-0.038461538461538464,-0.04567307692307692,-0.05952380952380952,-0.255952380952381,0.13690476190476192,-0.05505952380952381,True,False,False,False,False
petshop,L2,counterfactual_attribution,max_z,petshop::temporal_traffic1,availability;latency,-0.25,-0.04567307692307692,-0.25,-0.625,0.25,-0.05505952380952381,False,False,False,False,False
petshop,L2,counterfactual_attribution,max_z,petshop::temporal_traffic2,availability;latency,-0.125,-0.04567307692307692,-0.125,-0.5,0.25,-0.05505952380952381,False,False,False,False,False
petshop,L2,counterfactual_attribution,random_walk,petshop::high_traffic,availability;latency,0.3076923076923077,0.1778846153846154,0.2857142857142857,0.14285714285714285,0.39285714285714285,0.16964285714285715,False,False,False,False,False
petshop,L2,counterfactual_attribution,random_walk,petshop::low_traffic,availability;latency,0.15384615384615385,0.1778846153846154,0.14285714285714285,0.03571428571428571,0.25,0.16964285714285715,False,False,False,False,False
petshop,L2,counterfactual_attribution,random_walk,petshop::temporal_traffic1,availability;latency,0.0,0.1778846153846154,0.0,-0.375,0.375,0.16964285714285715,False,False,False,False,False
petshop,L2,counterfactual_attribution,random_walk,petshop::temporal_traffic2,availability;latency,0.25,0.1778846153846154,0.25,0.0,0.5,0.16964285714285715,False,False,False,False,False
petshop,L2,counterfactual_attribution,ranked_correlation,petshop::high_traffic,availability;latency,-0.4230769230769231,-0.43028846153846156,-0.4523809523809524,-0.6369047619047619,-0.26190476190476186,-0.44345238095238093,False,False,False,False,False
petshop,L2,counterfactual_attribution,ranked_correlation,petshop::low_traffic,availability;latency,-0.4230769230769231,-0.43028846153846156,-0.4464285714285714,-0.6011904761904762,-0.2857142857142857,-0.44345238095238093,False,False,False,False,False
petshop,L2,counterfactual_attribution,ranked_correlation,petshop::temporal_traffic1,availability;latency,-0.625,-0.43028846153846156,-0.625,-1.0,-0.125,-0.44345238095238093,False,False,False,False,False
petshop,L2,counterfactual_attribution,ranked_correlation,petshop::temporal_traffic2,availability;latency,-0.25,-0.43028846153846156,-0.25,-0.625,0.125,-0.44345238095238093,False,False,False,False,False
petshop,L2,counterfactual_attribution,rcd,petshop::high_traffic,availability;latency,0.3076923076923077,-0.12740384615384615,0.2857142857142857,0.14285714285714285,0.39285714285714285,-0.14136904761904762,False,True,True,True,False
petshop,L2,counterfactual_attribution,rcd,petshop::low_traffic,availability;latency,-0.19230769230769232,-0.12740384615384615,-0.22619047619047616,-0.38690476190476186,-0.041666666666666685,-0.14136904761904762,True,False,False,False,False
petshop,L2,counterfactual_attribution,rcd,petshop::temporal_traffic1,availability;latency,-0.5,-0.12740384615384615,-0.5,-0.875,0.0,-0.14136904761904762,False,False,False,False,False
petshop,L2,counterfactual_attribution,rcd,petshop::temporal_traffic2,availability;latency,-0.125,-0.12740384615384615,-0.125,-0.375,0.25,-0.14136904761904762,True,False,False,False,False
petshop,L2,epsilon_diagnosis,max_z,petshop::high_traffic,availability;latency,-0.07692307692307693,-0.22355769230769232,-0.07142857142857142,-0.17857142857142858,0.0,-0.22470238095238096,False,False,False,False,False
petshop,L2,epsilon_diagnosis,max_z,petshop::low_traffic,availability;latency,-0.19230769230769232,-0.22355769230769232,-0.20238095238095238,-0.36309523809523814,-0.07142857142857142,-0.22470238095238096,False,False,False,False,False
petshop,L2,epsilon_diagnosis,max_z,petshop::temporal_traffic1,availability;latency,-0.375,-0.22355769230769232,-0.375,-0.75,-0.125,-0.22470238095238096,False,False,False,False,False
petshop,L2,epsilon_diagnosis,max_z,petshop::temporal_traffic2,availability;latency,-0.25,-0.22355769230769232,-0.25,-0.625,0.25,-0.22470238095238096,False,False,False,False,False
petshop,L2,epsilon_diagnosis,random_walk,petshop::high_traffic,availability;latency,0.0,0.0,0.0,0.0,0.0,0.0,False,False,False,False,False
petshop,L2,epsilon_diagnosis,random_walk,petshop::low_traffic,availability;latency,0.0,0.0,0.0,0.0,0.0,0.0,False,False,False,False,False
petshop,L2,epsilon_diagnosis,random_walk,petshop::temporal_traffic1,availability;latency,-0.125,0.0,-0.125,-0.375,0.0,0.0,False,False,False,False,False
petshop,L2,epsilon_diagnosis,random_walk,petshop::temporal_traffic2,availability;latency,0.125,0.0,0.125,0.0,0.375,0.0,False,False,False,False,False
petshop,L2,epsilon_diagnosis,ranked_correlation,petshop::high_traffic,availability;latency,-0.7307692307692307,-0.6081730769230769,-0.7380952380952381,-0.8928571428571428,-0.5595238095238095,-0.6130952380952381,False,False,False,False,False
petshop,L2,epsilon_diagnosis,ranked_correlation,petshop::low_traffic,availability;latency,-0.5769230769230769,-0.6081730769230769,-0.5892857142857143,-0.7678571428571428,-0.39880952380952384,-0.6130952380952381,False,False,False,False,False
petshop,L2,epsilon_diagnosis,ranked_correlation,petshop::temporal_traffic1,availability;latency,-0.75,-0.6081730769230769,-0.75,-1.0,-0.375,-0.6130952380952381,False,False,False,False,False
petshop,L2,epsilon_diagnosis,ranked_correlation,petshop::temporal_traffic2,availability;latency,-0.375,-0.6081730769230769,-0.375,-0.75,0.125,-0.6130952380952381,False,False,False,False,False
petshop,L2,epsilon_diagnosis,rcd,petshop::high_traffic,availability;latency,0.0,-0.30528846153846156,0.0,0.0,0.0,-0.31101190476190477,False,False,False,False,False
petshop,L2,epsilon_diagnosis,rcd,petshop::low_traffic,availability;latency,-0.34615384615384615,-0.30528846153846156,-0.369047619047619,-0.5238095238095238,-0.20833333333333334,-0.31101190476190477,False,False,False,False,False
petshop,L2,epsilon_diagnosis,rcd,petshop::temporal_traffic1,availability;latency,-0.625,-0.30528846153846156,-0.625,-0.875,-0.25,-0.31101190476190477,False,False,False,False,False
petshop,L2,epsilon_diagnosis,rcd,petshop::temporal_traffic2,availability;latency,-0.25,-0.30528846153846156,-0.25,-0.625,0.125,-0.31101190476190477,False,False,False,False,False
petshop,L2,max_z,random_walk,petshop::high_traffic,availability;latency,0.07692307692307693,0.22355769230769232,0.07142857142857142,0.0,0.17857142857142858,0.22470238095238096,False,False,False,False,False
petshop,L2,max_z,random_walk,petshop::low_traffic,availability;latency,0.19230769230769232,0.22355769230769232,0.20238095238095238,0.07142857142857142,0.36309523809523814,0.22470238095238096,False,False,False,False,False
petshop,L2,max_z,random_walk,petshop::temporal_traffic1,availability;latency,0.25,0.22355769230769232,0.25,-0.25,0.6281249999999545,0.22470238095238096,False,False,False,False,False
petshop,L2,max_z,random_walk,petshop::temporal_traffic2,availability;latency,0.375,0.22355769230769232,0.375,0.125,0.75,0.22470238095238096,False,False,False,False,False
petshop,L2,max_z,ranked_correlation,petshop::high_traffic,availability;latency,-0.6538461538461539,-0.38461538461538464,-0.6666666666666667,-0.8511904761904762,-0.4523809523809524,-0.38839285714285715,False,False,False,False,False
petshop,L2,max_z,ranked_correlation,petshop::low_traffic,availability;latency,-0.38461538461538464,-0.38461538461538464,-0.3869047619047619,-0.5894345238095237,-0.1845238095238095,-0.38839285714285715,False,False,False,False,False
petshop,L2,max_z,ranked_correlation,petshop::temporal_traffic1,availability;latency,-0.375,-0.38461538461538464,-0.375,-0.75,-0.125,-0.38839285714285715,False,False,False,False,False
petshop,L2,max_z,ranked_correlation,petshop::temporal_traffic2,availability;latency,-0.125,-0.38461538461538464,-0.125,-0.375,0.0,-0.38839285714285715,False,False,False,False,False
petshop,L2,max_z,rcd,petshop::high_traffic,availability;latency,0.07692307692307693,-0.08173076923076923,0.07142857142857142,0.0,0.17857142857142858,-0.08630952380952381,False,True,True,False,False
petshop,L2,max_z,rcd,petshop::low_traffic,availability;latency,-0.15384615384615385,-0.08173076923076923,-0.16666666666666666,-0.369047619047619,0.03571428571428571,-0.08630952380952381,False,False,False,False,False
petshop,L2,max_z,rcd,petshop::temporal_traffic1,availability;latency,-0.25,-0.08173076923076923,-0.25,-0.625,0.125,-0.08630952380952381,False,False,False,False,False
petshop,L2,max_z,rcd,petshop::temporal_traffic2,availability;latency,0.0,-0.08173076923076923,0.0,-0.25,0.25,-0.08630952380952381,True,False,False,False,False
petshop,L2,random_walk,ranked_correlation,petshop::high_traffic,availability;latency,-0.7307692307692307,-0.6081730769230769,-0.7380952380952381,-0.8928571428571428,-0.5595238095238095,-0.6130952380952381,False,False,False,False,False
petshop,L2,random_walk,ranked_correlation,petshop::low_traffic,availability;latency,-0.5769230769230769,-0.6081730769230769,-0.5892857142857143,-0.7678571428571428,-0.39880952380952384,-0.6130952380952381,False,False,False,False,False
petshop,L2,random_walk,ranked_correlation,petshop::temporal_traffic1,availability;latency,-0.625,-0.6081730769230769,-0.625,-0.875,-0.25,-0.6130952380952381,False,False,False,False,False
petshop,L2,random_walk,ranked_correlation,petshop::temporal_traffic2,availability;latency,-0.5,-0.6081730769230769,-0.5,-0.875,-0.125,-0.6130952380952381,False,False,False,False,False
petshop,L2,random_walk,rcd,petshop::high_traffic,availability;latency,0.0,-0.30528846153846156,0.0,0.0,0.0,-0.31101190476190477,False,False,False,False,False
petshop,L2,random_walk,rcd,petshop::low_traffic,availability;latency,-0.34615384615384615,-0.30528846153846156,-0.369047619047619,-0.5238095238095238,-0.20833333333333334,-0.31101190476190477,False,False,False,False,False
petshop,L2,random_walk,rcd,petshop::temporal_traffic1,availability;latency,-0.5,-0.30528846153846156,-0.5,-0.75,-0.25,-0.31101190476190477,False,False,False,False,False
petshop,L2,random_walk,rcd,petshop::temporal_traffic2,availability;latency,-0.375,-0.30528846153846156,-0.375,-0.75,-0.125,-0.31101190476190477,False,False,False,False,False
petshop,L2,ranked_correlation,rcd,petshop::high_traffic,availability;latency,0.7307692307692307,0.30288461538461536,0.7380952380952381,0.5595238095238095,0.8928571428571428,0.30208333333333337,False,False,False,False,False
petshop,L2,ranked_correlation,rcd,petshop::low_traffic,availability;latency,0.23076923076923078,0.30288461538461536,0.22023809523809523,-0.005952380952380952,0.44642857142857145,0.30208333333333337,False,False,False,False,False
petshop,L2,ranked_correlation,rcd,petshop::temporal_traffic1,availability;latency,0.125,0.30288461538461536,0.125,-0.25,0.5,0.30208333333333337,False,False,False,False,False
petshop,L2,ranked_correlation,rcd,petshop::temporal_traffic2,availability;latency,0.125,0.30288461538461536,0.125,-0.25,0.5,0.30208333333333337,False,False,False,False,False
