path,source,method,dataset,variant,input_file,code_commit,env,run_utc,n_cases,coverage,acc1_recomputed,acc1_reported,modal_freq,n_distinct_top1,status,note,sha12,bytes
raw/earlier_b/baro_openrca_bank.json,earlier_b,baro,openrca-bank,,,,,,136,116/136,0.0862,,,,rescore,"rescore with OpenRCA official fractional rule, full coverage",15d8af9fe687,91682
raw/earlier_b/baro_openrca_market_cb1.json,earlier_b,baro,openrca-market_cb1,,,,,,70,56/70,0.0,,,,rescore,"rescore with OpenRCA official fractional rule, full coverage",aef351fad5ae,75214
raw/earlier_b/baro_openrca_market_cb2.json,earlier_b,baro,openrca-market_cb2,,,,,,78,63/78,0.0317,,,,rescore,"rescore with OpenRCA official fractional rule, full coverage",78d879ec3dbe,83885
raw/earlier_b/baro_openrca_telecom.json,earlier_b,baro,openrca-telecom,,,,,,51,10/51,0.0,,,,rescore,"rescore with OpenRCA official fractional rule, full coverage",2198f299e594,18209
raw/earlier_b/baro_v7_re1ob.json,earlier_b,,,,,,,,125,125/125,0.736,,,,valid,"encoder/collision/type-AB artefact, not used in merge | 2026-09-27 status drop->valid: RE1-OB has only data.csv",46a2311ba301,136394
raw/earlier_b/baro_v7_re1ss.json,earlier_b,,,,,,,,125,125/125,0.2,,,,contaminated,"encoder/collision/type-AB artefact, not used in merge | 2026-09-27 status drop->contaminated: BARO on raw data.csv (RE1-SS/TT), RQ2(a) contrast only",2f455e7cd74f,1350834
raw/earlier_b/baro_v7_re1tt.json,earlier_b,,,,,,,,125,125/125,0.12,,,,contaminated,"encoder/collision/type-AB artefact, not used in merge | 2026-09-27 status drop->contaminated: BARO on raw data.csv (RE1-SS/TT), RQ2(a) contrast only",f640965f6562,4599529
raw/earlier_b/baro_v7_re2ob.json,earlier_b,baro,re2-ob,,,,,,90,90/90,0.1444,,,,valid,"encoder/collision/type-AB artefact, not used in merge | 2026-09-27 drop->valid: baro_v7 = B BARO baseline (RCAEval BARO, simple_metrics), not an encoder variant",539235585b3a,102914
raw/earlier_b/baro_v7_re2ss.json,earlier_b,baro,re2-ss,,,,,,90,90/90,0.0667,,,,valid,"encoder/collision/type-AB artefact, not used in merge | 2026-09-27 drop->valid: baro_v7 = B BARO baseline (RCAEval BARO, simple_metrics), not an encoder variant",3ed80c826318,89051
raw/earlier_b/baro_v7_re2tt.json,earlier_b,baro,re2-tt,,,,,,90,90/90,0.6667,,,,valid,"encoder/collision/type-AB artefact, not used in merge | 2026-09-27 drop->valid: baro_v7 = B BARO baseline (RCAEval BARO, simple_metrics), not an encoder variant",cae4a68b26f4,737336
raw/earlier_b/c_n_3_subset_stability.json,earlier_b,,,,,,,,,,,,,,drop,"encoder/collision/type-AB artefact, not used in merge",2cb6015f55fd,82686
raw/earlier_b/causalrca_re1ob.json,earlier_b,causalrca,re1-ob,,data.csv(default glob),497505b3baacf9123099368022e0998bbaf8b69d,ts,2026-04-27T15:01:54.865613Z,125,125/125,0.12,,,,forensics_only,RE1 run on data.csv; rerun on simple_data.csv (WP1) | 2026-09-27 status contaminated->forensics_only: RE1-OB has only data.csv,aa7bf462fd42,139875
raw/earlier_b/causalrca_re1ss.json,earlier_b,causalrca,re1-ss,,data.csv(default glob),497505b3baacf9123099368022e0998bbaf8b69d,ts,2026-04-27T21:15:07.556676Z,125,125/125,0.2,,,,contaminated,RE1 run on data.csv; rerun on simple_data.csv (WP1),7b4f7a166a0f,1406786
raw/earlier_b/causalrca_re1tt.json,earlier_b,causalrca,re1-tt,,data.csv(default glob),497505b3baacf9123099368022e0998bbaf8b69d,ts,2026-05-02T09:33:38.451255Z,125,125/125,0.0,,,,contaminated,RE1 run on data.csv; rerun on simple_data.csv (WP1),ec5bd4a77486,4890168
raw/earlier_b/causalrca_re1tt_smoke1.json,earlier_b,causalrca,re1-tt,,data.csv(default glob),497505b3baacf9123099368022e0998bbaf8b69d,ts,2026-04-30T19:53:57.630275Z,1,1/1,0.0,,,,contaminated,RE1 run on data.csv; rerun on simple_data.csv (WP1),44c3bc1d1334,40518
raw/earlier_b/causalrca_re2ob.json,earlier_b,causalrca,re2-ob,,,497505b3baacf9123099368022e0998bbaf8b69d,ts,2026-04-27T14:32:33.071558Z,90,90/90,0.0,,,,forensics_only,column-order collapse; WP2 permutation test,ac40163f08df,109264
raw/earlier_b/causalrca_re2ss.json,earlier_b,causalrca,re2-ss,,,497505b3baacf9123099368022e0998bbaf8b69d,ts,2026-04-27T14:32:41.546957Z,90,90/90,0.2,,,,forensics_only,column-order collapse; WP2 permutation test,74ee18426f08,94663
raw/earlier_b/causalrca_re2tt.json,earlier_b,causalrca,re2-tt,,,497505b3baacf9123099368022e0998bbaf8b69d,ts,2026-04-27T19:14:39.123083Z,90,90/90,0.0,,,,forensics_only,column-order collapse; WP2 permutation test,36d487ea7c7a,752798
raw/earlier_b/circa_re1-ob.json,earlier_b,circa,re1-ob,,data.csv(default glob),497505b3baacf9123099368022e0998bbaf8b69d,ts,2026-04-27T12:13:47.322426Z,125,102/125,0.7647,,,,rescore,RE1 run on data.csv; rerun on simple_data.csv (WP1) | 2026-09-27 status contaminated->rescore: RE1-OB has only data.csv,1641df13e965,19193
raw/earlier_b/circa_re1-ss.json,earlier_b,circa,re1-ss,,data.csv(default glob),497505b3baacf9123099368022e0998bbaf8b69d,ts,2026-04-27T12:14:02.935857Z,125,125/125,0.2,,,,contaminated,RE1 run on data.csv; rerun on simple_data.csv (WP1),63db6d923ced,1406768
raw/earlier_b/circa_re1-tt.json,earlier_b,circa,re1-tt,,data.csv(default glob),497505b3baacf9123099368022e0998bbaf8b69d,ts,2026-04-27T12:14:43.173265Z,125,125/125,0.0,,,,contaminated,RE1 run on data.csv; rerun on simple_data.csv (WP1),23a3d262a3e4,4890149
raw/earlier_b/circa_re2-ob.json,earlier_b,circa,re2-ob,,,497505b3baacf9123099368022e0998bbaf8b69d,ts,2026-04-27T12:13:44.062287Z,90,74/90,0.8919,,,,diagnostic,recompute on full 90 (invalid=0) + coverage | 2026-09-27 rescore->diagnostic: B ran CIRCA with dk_select_useful=True (15_baselines_other.py L116-120); released main.py uses False; redone in runs/re2,c287aa65ac60,12588
raw/earlier_b/circa_re2-ss.json,earlier_b,circa,re2-ss,,,497505b3baacf9123099368022e0998bbaf8b69d,ts,2026-04-27T12:13:48.202526Z,90,90/90,0.8222,,,,diagnostic,recompute on full 90 (invalid=0) + coverage | 2026-09-27 rescore->diagnostic: B ran CIRCA with dk_select_useful=True (15_baselines_other.py L116-120); released main.py uses False; redone in runs/re2,14affa7286d1,13172
raw/earlier_b/circa_re2-tt.json,earlier_b,circa,re2-tt,,,497505b3baacf9123099368022e0998bbaf8b69d,ts,2026-04-27T12:17:31.487561Z,90,88/90,0.6364,,,,diagnostic,recompute on full 90 (invalid=0) + coverage | 2026-09-27 rescore->diagnostic: B ran CIRCA with dk_select_useful=True (15_baselines_other.py L116-120); released main.py uses False; redone in runs/re2,2a8cfbd631ac,47175
raw/earlier_b/collision_test_re1_lfo.json,earlier_b,,,,,,,,,,,,,,drop,"encoder/collision/type-AB artefact, not used in merge",2b5e2bdfa7d5,16943
raw/earlier_b/e_diagnosis_openrca_bank.json,earlier_b,e_diagnosis,openrca-bank,openrca_zeroshot,,497505b3baacf9123099368022e0998bbaf8b69d,ts,2026-04-27T14:43:51.467358Z,136,115/136,0.0609,,,,rescore,"rescore with OpenRCA official fractional rule, full coverage",5f41b630c668,64732
raw/earlier_b/e_diagnosis_openrca_market_cb1.json,earlier_b,e_diagnosis,openrca-market_cb1,openrca_zeroshot,,497505b3baacf9123099368022e0998bbaf8b69d,ts,2026-04-27T11:47:14.611005Z,70,56/70,0.0,,,,rescore,"rescore with OpenRCA official fractional rule, full coverage",1e26bc66195e,59108
raw/earlier_b/e_diagnosis_openrca_market_cb2.json,earlier_b,e_diagnosis,openrca-market_cb2,openrca_zeroshot,,497505b3baacf9123099368022e0998bbaf8b69d,ts,2026-04-27T13:17:36.258074Z,78,62/78,0.0,,,,rescore,"rescore with OpenRCA official fractional rule, full coverage",ad58d96a5038,65274
raw/earlier_b/e_diagnosis_openrca_telecom.json,earlier_b,e_diagnosis,openrca-telecom,openrca_zeroshot,,497505b3baacf9123099368022e0998bbaf8b69d,ts,2026-04-27T10:19:55.117348Z,51,10/51,0.0,,,,rescore,"rescore with OpenRCA official fractional rule, full coverage",6c3a423ae65c,20223
raw/earlier_b/e_diagnosis_re1ob.json,earlier_b,e_diagnosis,re1-ob,,data.csv(default glob),497505b3baacf9123099368022e0998bbaf8b69d,ts,2026-04-22T07:10:55.501529Z,125,125/125,0.032,,,,valid,RE1 run on data.csv; rerun on simple_data.csv (WP1) | 2026-09-27 status contaminated->valid: RE1-OB has only data.csv,402a07706a11,16312
raw/earlier_b/e_diagnosis_re1ss.json,earlier_b,e_diagnosis,re1-ss,,data.csv(default glob),497505b3baacf9123099368022e0998bbaf8b69d,ts,2026-04-22T07:56:17.053470Z,125,125/125,0.168,,,,contaminated,RE1 run on data.csv; rerun on simple_data.csv (WP1),37795c3a62fb,21845
raw/earlier_b/e_diagnosis_re1tt.json,earlier_b,e_diagnosis,re1-tt,,data.csv(default glob),497505b3baacf9123099368022e0998bbaf8b69d,ts,2026-04-22T09:08:53.141184Z,125,125/125,0.0,,,,contaminated,RE1 run on data.csv; rerun on simple_data.csv (WP1),ae964871a6b5,27882
raw/earlier_b/e_diagnosis_re2ob.json,earlier_b,e_diagnosis,re2-ob,,,497505b3baacf9123099368022e0998bbaf8b69d,ts,2026-04-22T07:08:16.073184Z,90,90/90,0.0333,,,,valid,RE2 uses simple_metrics.csv,27b082818ca0,12734
raw/earlier_b/e_diagnosis_re2ss.json,earlier_b,e_diagnosis,re2-ss,,,497505b3baacf9123099368022e0998bbaf8b69d,ts,2026-04-22T07:09:46.595868Z,90,90/90,0.1556,,,,valid,RE2 uses simple_metrics.csv,62875402cb54,10443
raw/earlier_b/e_diagnosis_re2tt.json,earlier_b,e_diagnosis,re2-tt,,,497505b3baacf9123099368022e0998bbaf8b69d,ts,2026-04-22T07:46:32.634476Z,90,90/90,0.0,,,,valid,RE2 uses simple_metrics.csv,b60260aa6c2e,14018
raw/earlier_b/epidemic_bound_re1.json,earlier_b,,,,,,,,,,,,,,drop,"encoder/collision/type-AB artefact, not used in merge",22847bd9b0de,11298374
raw/earlier_b/epidemic_bound_re1_directional_bug.json,earlier_b,,,,,,,,,,,,,,drop,"encoder/collision/type-AB artefact, not used in merge",8d643937f0e8,2472821
raw/earlier_b/epidemic_bound_re1_strict.json,earlier_b,,,,,,,,,,,,,,drop,"encoder/collision/type-AB artefact, not used in merge",2535acedccd0,2487033
raw/earlier_b/epidemic_bound_re1_v2_dmax300.json,earlier_b,,,,,,,,,,,,,,drop,"encoder/collision/type-AB artefact, not used in merge",5be1da714673,6156320
raw/earlier_b/full_pop_matched_fisher.json,earlier_b,,,,,,,,,,,,,,drop,"encoder/collision/type-AB artefact, not used in merge",d136095c0e83,6000
raw/earlier_b/held_out_validation.json,earlier_b,,,,,,,,,,,,,,drop,"encoder/collision/type-AB artefact, not used in merge",69229b402fb0,2494
raw/earlier_b/mf7_v2_re1_confidence.json,earlier_b,,,,,,,,,,,,,,drop,"encoder/collision/type-AB artefact, not used in merge",eb1b69b42e0f,1104615
raw/earlier_b/mf7_v2_re2_confidence.json,earlier_b,,,,,,,,,,,,,,drop,"encoder/collision/type-AB artefact, not used in merge",fb35b1feb3ff,800367
raw/earlier_b/perturbation_plan.json,earlier_b,,,,,,,,,,,,,,drop,"encoder/collision/type-AB artefact, not used in merge",488c96ae3af7,123125
raw/earlier_b/simplerca_openrca_bank.json,earlier_b,simplerca,openrca-bank,,,,,,136,115/136,0.2174,,,,superseded,paper-text reimplementation; replace with author-lineage impl (WP1/G1),3252cbe2788a,67042
raw/earlier_b/simplerca_openrca_market_cb1.json,earlier_b,simplerca,openrca-market_cb1,,,,,,70,56/70,0.0714,,,,superseded,paper-text reimplementation; replace with author-lineage impl (WP1/G1),52e8050413ff,70140
raw/earlier_b/simplerca_openrca_market_cb2.json,earlier_b,simplerca,openrca-market_cb2,,,,,,78,62/78,0.0323,,,,superseded,paper-text reimplementation; replace with author-lineage impl (WP1/G1),30ae0f36f6f9,76224
raw/earlier_b/simplerca_openrca_telecom.json,earlier_b,simplerca,openrca-telecom,,,,,,51,10/51,0.0,,,,superseded,paper-text reimplementation; replace with author-lineage impl (WP1/G1),40b8792250c1,17651
raw/earlier_b/simplerca_re1ob.json,earlier_b,simplerca,re1-ob,rcaeval_zeroshot_metrics_only,data.csv(default glob),497505b3baacf9123099368022e0998bbaf8b69d,ts,2026-04-27T10:11:00.004452Z,125,125/125,0.672,,,,superseded,RE1 run on data.csv; rerun on simple_data.csv (WP1) | 2026-09-27 status contaminated->superseded: RE1-OB has only data.csv,e73ab9855923,30227
raw/earlier_b/simplerca_re1ss.json,earlier_b,simplerca,re1-ss,rcaeval_zeroshot_metrics_only,data.csv(default glob),497505b3baacf9123099368022e0998bbaf8b69d,ts,2026-04-27T10:11:28.114145Z,125,125/125,0.752,,,,contaminated,RE1 run on data.csv; rerun on simple_data.csv (WP1),4f1880cebb76,23631
raw/earlier_b/simplerca_re1tt.json,earlier_b,simplerca,re1-tt,rcaeval_zeroshot_metrics_only,data.csv(default glob),497505b3baacf9123099368022e0998bbaf8b69d,ts,2026-04-27T10:12:34.155504Z,125,125/125,0.472,,,,contaminated,RE1 run on data.csv; rerun on simple_data.csv (WP1),54d3056adaf9,37281
raw/earlier_b/simplerca_re2ob.json,earlier_b,simplerca,re2-ob,rcaeval_zeroshot_metrics_only,,497505b3baacf9123099368022e0998bbaf8b69d,ts,2026-04-27T15:09:39.995493Z,90,90/90,0.8667,,,,superseded,paper-text reimplementation; replace with author-lineage impl (WP1/G1),fa7ac95fc90e,22381
raw/earlier_b/simplerca_re2ss.json,earlier_b,simplerca,re2-ss,rcaeval_zeroshot_metrics_only,,497505b3baacf9123099368022e0998bbaf8b69d,ts,2026-04-27T15:09:40.659156Z,90,90/90,0.8556,,,,superseded,paper-text reimplementation; replace with author-lineage impl (WP1/G1),1ab9181f518f,16534
raw/earlier_b/simplerca_re2tt.json,earlier_b,simplerca,re2-tt,rcaeval_zeroshot_metrics_only,,497505b3baacf9123099368022e0998bbaf8b69d,ts,2026-04-27T15:10:01.440489Z,90,90/90,0.5222,,,,superseded,paper-text reimplementation; replace with author-lineage impl (WP1/G1),15b69f1dda05,27652
raw/earlier_b/type_a_b_full_population.json,earlier_b,,,,,,,,,,,,,,drop,"encoder/collision/type-AB artefact, not used in merge",739318d1f72b,317601
raw/earlier_b/v2_openrca.json,earlier_b,,,,,,,,,,,,,,drop,"encoder/collision/type-AB artefact, not used in merge",6c56d24976a9,512451
raw/earlier_b/v2_re1_avg5.json,earlier_b,,,,,,,,,,,,,,drop,"encoder/collision/type-AB artefact, not used in merge",33096c50fd77,484046
raw/earlier_b/v2_re1_dbfix.json,earlier_b,,,,,,,,,,,,,,drop,"encoder/collision/type-AB artefact, not used in merge",c34e73077305,2442
raw/earlier_b/v2_re1_nodag.json,earlier_b,,,,,,,,,,,,,,drop,"encoder/collision/type-AB artefact, not used in merge",8370783ff8ae,242137
raw/earlier_b/v2_re1_nofocal.json,earlier_b,,,,,,,,,,,,,,drop,"encoder/collision/type-AB artefact, not used in merge",d558ae59563d,242058
raw/earlier_b/v2_re2_avg5.json,earlier_b,,,,,,,,,,,,,,drop,"encoder/collision/type-AB artefact, not used in merge",23b79cd26fc7,351021
raw/earlier_b/v2_re2_first.json,earlier_b,,,,,,,,,,,,,,drop,"encoder/collision/type-AB artefact, not used in merge",06ef216de9ab,2975
raw/earlier_b/v3_ABC_tt_screen.json,earlier_b,,,,,,,,,,,,,,drop,"encoder/collision/type-AB artefact, not used in merge",7ccbbead750b,232884
raw/earlier_b/v3_A_tt_screen.json,earlier_b,,,,,,,,,,,,,,drop,"encoder/collision/type-AB artefact, not used in merge",eec19212d02b,232948
raw/earlier_b/v3_B_tt_screen.json,earlier_b,,,,,,,,,,,,,,drop,"encoder/collision/type-AB artefact, not used in merge",d1f66fbe87c8,233700
raw/earlier_b/v3_C_re1_cs.json,earlier_b,,,,,,,,,,,,,,drop,"encoder/collision/type-AB artefact, not used in merge",4f4d933054cd,682626
raw/earlier_b/v3_C_re1_v2.json,earlier_b,,,,,,,,,,,,,,drop,"encoder/collision/type-AB artefact, not used in merge",200dbd14a2e2,682193
raw/earlier_b/v3_C_re2.json,earlier_b,,,,,,,,,,,,,,drop,"encoder/collision/type-AB artefact, not used in merge",04a73cc7c22c,984463
raw/earlier_b/v3_C_tt_screen.json,earlier_b,,,,,,,,,,,,,,drop,"encoder/collision/type-AB artefact, not used in merge",27e7d418f54b,232673
raw/earlier_b/v3_baseline_tt_screen.json,earlier_b,,,,,,,,,,,,,,drop,"encoder/collision/type-AB artefact, not used in merge",f55a4e3bcb0c,232872
raw/earlier_b/v3c_openrca_bank.json,earlier_b,,,,,,,,,,,,,,drop,"encoder/collision/type-AB artefact, not used in merge",bb46a3280c76,210105
raw/earlier_b/v3c_openrca_market_cb1.json,earlier_b,,,,,,,,,,,,,,drop,"encoder/collision/type-AB artefact, not used in merge",55851135d2c1,175763
raw/earlier_b/v3c_openrca_market_cb2.json,earlier_b,,,,,,,,,,,,,,drop,"encoder/collision/type-AB artefact, not used in merge",c150a7ac03d2,191898
raw/earlier_b/v3c_openrca_telecom.json,earlier_b,,,,,,,,,,,,,,drop,"encoder/collision/type-AB artefact, not used in merge",3190ec0cd388,77425
raw/earlier_a_followup_runs/baro_simple_vs_raw.json,earlier_a_followup,,,,,,,,,,,,,,,non-dict,336721a2bf6f,409
raw/earlier_a_followup_runs/circa_re1-ob.json,earlier_a_followup,circa,re1-ob,,,,,,125,,,,,,valid,data.csv run; keep only as dual-input contrast (RQ2a) | 2026-09-27 status contaminated->valid: RE1-OB has only data.csv,dcac6994a784,138390
raw/earlier_a_followup_runs/circa_re1-ss.json,earlier_a_followup,circa,re1-ss,,,,,,125,,,,,,contaminated,data.csv run; keep only as dual-input contrast (RQ2a),5d2947ac63ce,1406363
raw/earlier_a_followup_runs/circa_re1-ss_simple_data.json,earlier_a_followup,circa,re1-ss,,simple_data.csv,,,,125,,,0.704,0.272,9,valid,,df9f21ee8ab5,12642
raw/earlier_a_followup_runs/circa_re1-tt_simple_data.json,earlier_a_followup,circa,re1-tt,,simple_data.csv,,,,125,,,0.328,0.096,39,valid,,e9898e8711fe,16556
raw/earlier_a_followup_runs/circa_tt_smoke.json,earlier_a_followup,circa,re1-tt,,,,,,1,,,,,,contaminated,data.csv run; keep only as dual-input contrast (RQ2a),9fbaa8f6a5a9,40073
raw/earlier_a_followup_runs/e_diagnosis_re1-ss_simple_data.json,earlier_a_followup,e_diagnosis,re1-ss,,simple_data.csv,,,,125,,,0.144,0.664,3,valid,,9006798ce05d,12391
raw/earlier_a_followup_runs/e_diagnosis_re1-tt_simple_data.json,earlier_a_followup,e_diagnosis,re1-tt,,simple_data.csv,,,,125,,,0.0,0.136,35,valid,,2aa71194df95,16689
raw/earlier_a_followup_runs/ediag_re1-ob.json,earlier_a_followup,e_diagnosis,re1-ob,,,,,,125,,,,,,valid,data.csv run; keep only as dual-input contrast (RQ2a) | 2026-09-27 status contaminated->valid: RE1-OB has only data.csv,d0f7d5ae1050,15815
raw/earlier_a_followup_runs/ediag_re1-ss.json,earlier_a_followup,e_diagnosis,re1-ss,,,,,,125,,,,,,contaminated,data.csv run; keep only as dual-input contrast (RQ2a),61c76eaaec93,21347
raw/earlier_a_followup_runs/ediag_re1-tt.json,earlier_a_followup,e_diagnosis,re1-tt,,,,,,125,,,,,,contaminated,data.csv run; keep only as dual-input contrast (RQ2a),e3625c3fe0bf,27385
raw/earlier_a_followup_runs/probe_dual_input.json,earlier_a_followup,,,,,,,,,,,,,,,non-dict,0c067097190e,687
raw/earlier_a_followup_runs/published_diagnostics.csv,earlier_a_followup,,,,,,,,,,,,,,aux,,edf743a9fe3c,379
raw/earlier_a_followup_runs/published_per_case.csv,earlier_a_followup,,,,,,,,,,,,,,aux,,d2ac3f36d095,49910
raw/earlier_a_followup_runs/published_per_case_charitable.csv,earlier_a_followup,,,,,,,,,,,,,,aux,,84626f230115,30255
raw/petshop_percase/baseline__high_traffic.csv,earlier_a_petshop,baseline,petshop-high_traffic,,,,,,26,,,,,,valid,,0009d1ec439c,4837
raw/petshop_percase/baseline__low_traffic.csv,earlier_a_petshop,baseline,petshop-low_traffic,,,,,,26,,,,,,valid,,99be10ac4cc1,4709
raw/petshop_percase/baseline__temporal_traffic1.csv,earlier_a_petshop,baseline,petshop-temporal_traffic1,,,,,,8,,,,,,valid,,da21f1bb6a03,1680
raw/petshop_percase/baseline__temporal_traffic2.csv,earlier_a_petshop,baseline,petshop-temporal_traffic2,,,,,,8,,,,,,valid,,73669309f347,1681
raw/petshop_percase/circa__high_traffic.csv,earlier_a_petshop,circa,petshop-high_traffic,,,,,,26,,,,,,valid,,bebca82844c6,5011
raw/petshop_percase/circa__low_traffic.csv,earlier_a_petshop,circa,petshop-low_traffic,,,,,,26,,,,,,valid,,4acafa8356b6,4847
raw/petshop_percase/circa__temporal_traffic1.csv,earlier_a_petshop,circa,petshop-temporal_traffic1,,,,,,8,,,,,,valid,,db7673aad717,1650
raw/petshop_percase/circa__temporal_traffic2.csv,earlier_a_petshop,circa,petshop-temporal_traffic2,,,,,,8,,,,,,valid,,02b7b101bfde,1638
raw/petshop_percase/counterfactual_attribution__high_traffic.csv,earlier_a_petshop,counterfactual_attribution,petshop-high_traffic,,,,,,26,,,,,,valid,,d47f5d0738cd,5064
raw/petshop_percase/counterfactual_attribution__low_traffic.csv,earlier_a_petshop,counterfactual_attribution,petshop-low_traffic,,,,,,26,,,,,,valid,,7eba428dee7d,4951
raw/petshop_percase/counterfactual_attribution__temporal_traffic1.csv,earlier_a_petshop,counterfactual_attribution,petshop-temporal_traffic1,,,,,,8,,,,,,valid,,fef4841b527e,1746
raw/petshop_percase/counterfactual_attribution__temporal_traffic2.csv,earlier_a_petshop,counterfactual_attribution,petshop-temporal_traffic2,,,,,,8,,,,,,valid,,455667b20c91,1731
raw/petshop_percase/epsilon_diagnosis__high_traffic.csv,earlier_a_petshop,epsilon_diagnosis,petshop-high_traffic,,,,,,26,,,,,,valid,,5544ccfd69c3,4534
raw/petshop_percase/epsilon_diagnosis__low_traffic.csv,earlier_a_petshop,epsilon_diagnosis,petshop-low_traffic,,,,,,26,,,,,,valid,,63ff29c716d4,4703
raw/petshop_percase/epsilon_diagnosis__temporal_traffic1.csv,earlier_a_petshop,epsilon_diagnosis,petshop-temporal_traffic1,,,,,,8,,,,,,valid,,df2d6b9762c8,1626
raw/petshop_percase/epsilon_diagnosis__temporal_traffic2.csv,earlier_a_petshop,epsilon_diagnosis,petshop-temporal_traffic2,,,,,,8,,,,,,valid,,eff01e5259a9,1764
raw/petshop_percase/random_walk__high_traffic.csv,earlier_a_petshop,random_walk,petshop-high_traffic,,,,,,26,,,,,,valid,,80138f58e87e,4570
raw/petshop_percase/random_walk__low_traffic.csv,earlier_a_petshop,random_walk,petshop-low_traffic,,,,,,26,,,,,,valid,,5845eeec2eb9,4578
raw/petshop_percase/random_walk__temporal_traffic1.csv,earlier_a_petshop,random_walk,petshop-temporal_traffic1,,,,,,8,,,,,,valid,,8a21728b205f,1642
raw/petshop_percase/random_walk__temporal_traffic2.csv,earlier_a_petshop,random_walk,petshop-temporal_traffic2,,,,,,8,,,,,,valid,,7e05e41e16e9,1675
raw/petshop_percase/ranked_correlation__high_traffic.csv,earlier_a_petshop,ranked_correlation,petshop-high_traffic,,,,,,26,,,,,,valid,,101f0dd55943,4969
raw/petshop_percase/ranked_correlation__low_traffic.csv,earlier_a_petshop,ranked_correlation,petshop-low_traffic,,,,,,26,,,,,,valid,,b25f372433cd,4879
raw/petshop_percase/ranked_correlation__temporal_traffic1.csv,earlier_a_petshop,ranked_correlation,petshop-temporal_traffic1,,,,,,8,,,,,,valid,,b6a0a615d5b5,1761
raw/petshop_percase/ranked_correlation__temporal_traffic2.csv,earlier_a_petshop,ranked_correlation,petshop-temporal_traffic2,,,,,,8,,,,,,valid,,9efe8cfcf251,1757
raw/petshop_percase/rcd__high_traffic.csv,earlier_a_petshop,rcd,petshop-high_traffic,,,,,,26,,,,,,valid,,4ff62eb2326b,4834
raw/petshop_percase/rcd__low_traffic.csv,earlier_a_petshop,rcd,petshop-low_traffic,,,,,,26,,,,,,valid,,233a6fc0467d,4614
raw/petshop_percase/rcd__temporal_traffic1.csv,earlier_a_petshop,rcd,petshop-temporal_traffic1,,,,,,8,,,,,,valid,,01ca8d556193,1577
raw/petshop_percase/rcd__temporal_traffic2.csv,earlier_a_petshop,rcd,petshop-temporal_traffic2,,,,,,8,,,,,,valid,,4f53fbc8acce,1613
raw/earlier_a_results_stats/anomalous_metric_count_openrca_full.csv,earlier_a,,,,,,,,,,,,,,aux,,5cac2b94972c,9395
raw/earlier_a_results_stats/anomalous_metric_count_per_case.csv,earlier_a,,,,,,,,,,,,,,aux,,27f2edbd919d,36219
raw/earlier_a_results_stats/cd1min_adapt_full_secondary/notes.json,earlier_a,,,,,,,,,,,,,,aux,,f1029b2deeaf,849
raw/earlier_a_results_stats/cd1min_adapt_full_secondary/per_case.csv,earlier_a,,,,,,,,,,,,,,aux,,78ab386f175e,52727
raw/earlier_a_results_stats/cd1min_adapt_full_secondary/summary.csv,earlier_a,,,,,,,,,,,,,,aux,,4ead283f6f7f,1732
raw/earlier_a_results_stats/cd1min_adapt_main_11sys/notes.json,earlier_a,,,,,,,,,,,,,,aux,,f1029b2deeaf,849
raw/earlier_a_results_stats/cd1min_adapt_main_11sys/per_case.csv,earlier_a,,,,,,,,,,,,,,aux,,f1765eca6cc9,65918
raw/earlier_a_results_stats/cd1min_adapt_main_11sys/summary.csv,earlier_a,,,,,,,,,,,,,,aux,,d39304df3cab,1524
raw/earlier_a_results_stats/cd1min_adapter_robustness/z2.5_pct3_win10/notes.json,earlier_a,,,,,,,,,,,,,,aux,,0c09e912a075,923
raw/earlier_a_results_stats/cd1min_adapter_robustness/z2.5_pct3_win10/per_case.csv,earlier_a,,,,,,,,,,,,,,aux,,1f2607dc624a,65890
raw/earlier_a_results_stats/cd1min_adapter_robustness/z2.5_pct3_win10/summary.csv,earlier_a,,,,,,,,,,,,,,aux,,2d288912c4de,1500
raw/earlier_a_results_stats/cd1min_adapter_robustness/z3.5_pct10_win10/notes.json,earlier_a,,,,,,,,,,,,,,aux,,78b4fe69645b,924
raw/earlier_a_results_stats/cd1min_adapter_robustness/z3.5_pct10_win10/per_case.csv,earlier_a,,,,,,,,,,,,,,aux,,a01e91c7e49e,66026
raw/earlier_a_results_stats/cd1min_adapter_robustness/z3.5_pct10_win10/summary.csv,earlier_a,,,,,,,,,,,,,,aux,,616189943909,1513
raw/earlier_a_results_stats/cd1min_adapter_robustness/z3_pct5_win20/notes.json,earlier_a,,,,,,,,,,,,,,aux,,2507908e962b,923
raw/earlier_a_results_stats/cd1min_adapter_robustness/z3_pct5_win20/per_case.csv,earlier_a,,,,,,,,,,,,,,aux,,38d55b578c60,65867
raw/earlier_a_results_stats/cd1min_adapter_robustness/z3_pct5_win20/summary.csv,earlier_a,,,,,,,,,,,,,,aux,,312920e4c57f,1528
raw/earlier_a_results_stats/cd1min_adapter_robustness/z3_pct5_win5/notes.json,earlier_a,,,,,,,,,,,,,,aux,,aaeeaf10255f,922
raw/earlier_a_results_stats/cd1min_adapter_robustness/z3_pct5_win5/per_case.csv,earlier_a,,,,,,,,,,,,,,aux,,347038214fbb,65819
raw/earlier_a_results_stats/cd1min_adapter_robustness/z3_pct5_win5/summary.csv,earlier_a,,,,,,,,,,,,,,aux,,e899b32c97f3,1524
raw/earlier_a_results_stats/circa_fresh_diagnosis/openrca_repaired/circa_repaired_bank_results.csv,earlier_a,,,,,,,,,,,,,,aux,,877c6386013f,9656
raw/earlier_a_results_stats/circa_fresh_diagnosis/openrca_repaired/circa_repaired_mkt1_results.csv,earlier_a,,,,,,,,,,,,,,aux,,3b059ae36d79,6541
raw/earlier_a_results_stats/circa_fresh_diagnosis/openrca_repaired/circa_repaired_mkt2_results.csv,earlier_a,,,,,,,,,,,,,,aux,,4452ff874b05,7303
raw/earlier_a_results_stats/circa_fresh_diagnosis/openrca_repaired/circa_repaired_tel_results.csv,earlier_a,,,,,,,,,,,,,,aux,,4cc6b38196da,2962
raw/earlier_a_results_stats/circa_fresh_diagnosis/petshop_smoke/petshop_high_traffic_results.csv,earlier_a,,,,,,,,,,,,,,aux,,7e5168cc1cbf,462
raw/earlier_a_results_stats/circa_fresh_diagnosis/petshop_smoke/petshop_high_traffic_summary.csv,earlier_a,,,,,,,,,,,,,,aux,,40d125552c3a,63
raw/earlier_a_results_stats/circa_fresh_diagnosis/petshop_smoke/petshop_low_traffic_results.csv,earlier_a,,,,,,,,,,,,,,aux,,9658e25209ee,449
raw/earlier_a_results_stats/circa_fresh_diagnosis/petshop_smoke/petshop_low_traffic_summary.csv,earlier_a,,,,,,,,,,,,,,aux,,40d125552c3a,63
raw/earlier_a_results_stats/circa_fresh_diagnosis/rcaeval_online_smoke/rcaeval_online-boutique_results.csv,earlier_a,,,,,,,,,,,,,,aux,,e7b8e7cde464,277
raw/earlier_a_results_stats/circa_fresh_diagnosis/rcaeval_online_smoke/rcaeval_online-boutique_summary.csv,earlier_a,,,,,,,,,,,,,,aux,,bfdfe7ef1575,63
raw/earlier_a_results_stats/circa_fresh_diagnosis/rcaeval_sock_smoke/rcaeval_sock-shop-2_results.csv,earlier_a,,,,,,,,,,,,,,aux,,3106da4a831a,244
raw/earlier_a_results_stats/circa_fresh_diagnosis/rcaeval_sock_smoke/rcaeval_sock-shop-2_summary.csv,earlier_a,,,,,,,,,,,,,,aux,,bfdfe7ef1575,63
raw/earlier_a_results_stats/difficulty_table.csv,earlier_a,,,,,,,,,,,,,,aux,,4aa1c9406207,1324
raw/earlier_a_results_stats/difficulty_table_v2.csv,earlier_a,,,,,,,,,,,,,,aux,,8f3e8b402b7c,2000
raw/earlier_a_results_stats/flip_system_diagnostic/diagnostic_notes.json,earlier_a,,,,,,,,,,,,,,aux,,bf901ead5e80,543
raw/earlier_a_results_stats/flip_system_diagnostic/flip_system_summary.csv,earlier_a,,,,,,,,,,,,,,aux,,c9538444780f,3276
raw/earlier_a_results_stats/flip_system_diagnostic/method_prediction_concentration_all.csv,earlier_a,,,,,,,,,,,,,,aux,,406bc6917494,2278
raw/earlier_a_results_stats/flip_system_diagnostic/method_prediction_concentration_flip_systems.csv,earlier_a,,,,,,,,,,,,,,aux,,f6f0d710af21,1279
raw/earlier_a_results_stats/heterogeneity/forest_plot.pdf,earlier_a,,,,,,,,,,,,,,aux,,d8db636bbd22,45687
raw/earlier_a_results_stats/heterogeneity/forest_plot.png,earlier_a,,,,,,,,,,,,,,aux,,7bd0cb5fc354,121843
raw/earlier_a_results_stats/heterogeneity/lofo_sensitivity.csv,earlier_a,,,,,,,,,,,,,,aux,,e923a12c9834,1103
raw/earlier_a_results_stats/heterogeneity/loso_i2_sensitivity.csv,earlier_a,,,,,,,,,,,,,,aux,,f209716e4ec9,2860
raw/earlier_a_results_stats/heterogeneity/meta_analysis_summary.json,earlier_a,,,,,,,,,,,,,,aux,,8df493ac158b,2410
raw/earlier_a_results_stats/heterogeneity/per_system_deltas.csv,earlier_a,,,,,,,,,,,,,,aux,,fe909ce4f1aa,1375
raw/earlier_a_results_stats/heterogeneity_alertcount/forest_plot.pdf,earlier_a,,,,,,,,,,,,,,aux,,8565694c28a4,44702
raw/earlier_a_results_stats/heterogeneity_alertcount/forest_plot.png,earlier_a,,,,,,,,,,,,,,aux,,916999558709,119794
raw/earlier_a_results_stats/heterogeneity_alertcount/lofo_sensitivity.csv,earlier_a,,,,,,,,,,,,,,aux,,dd875c98717c,1089
raw/earlier_a_results_stats/heterogeneity_alertcount/loso_i2_sensitivity.csv,earlier_a,,,,,,,,,,,,,,aux,,cb20f750310a,2848
raw/earlier_a_results_stats/heterogeneity_alertcount/meta_analysis_summary.json,earlier_a,,,,,,,,,,,,,,aux,,4b6dfdc95f26,2431
raw/earlier_a_results_stats/heterogeneity_alertcount/per_system_deltas.csv,earlier_a,,,,,,,,,,,,,,aux,,767703432b5b,1512
raw/earlier_a_results_stats/heterogeneity_alertcount_t2.5/meta_analysis_summary.json,earlier_a,,,,,,,,,,,,,,aux,,3ed592ce3ea1,2441
raw/earlier_a_results_stats/heterogeneity_alertcount_t2.5/per_system_deltas.csv,earlier_a,,,,,,,,,,,,,,aux,,e27399cacac0,1496
raw/earlier_a_results_stats/heterogeneity_alertcount_t3.5/meta_analysis_summary.json,earlier_a,,,,,,,,,,,,,,aux,,a15691b6ab04,2441
raw/earlier_a_results_stats/heterogeneity_alertcount_t3.5/per_system_deltas.csv,earlier_a,,,,,,,,,,,,,,aux,,c607fe6c2b6e,1499
raw/earlier_a_results_stats/interaction_full_coverage/interaction_pair_tests.csv,earlier_a,,,,,,,,,,,,,,aux,,7a2e8742550c,273
raw/earlier_a_results_stats/interaction_full_coverage/interaction_pair_tests.json,earlier_a,,,,,,,,,,,,,,aux,,0ba9d1b2484c,7469
raw/earlier_a_results_stats/interaction_test.json,earlier_a,,,,,,,,,,,,,,aux,,fa5dda66ac00,6553
raw/earlier_a_results_stats/interaction_test_alertcount.json,earlier_a,,,,,,,,,,,,,,aux,,ac6341758bfe,6667
raw/earlier_a_results_stats/interaction_test_difficulty.json,earlier_a,,,,,,,,,,,,,,aux,,f5ea1655b521,2484
raw/earlier_a_results_stats/interaction_test_difficulty_v2.json,earlier_a,,,,,,,,,,,,,,aux,,f48b1cecc17f,6144
raw/earlier_a_results_stats/interaction_test_strict.json,earlier_a,,,,,,,,,,,,,,aux,,5d27bea82316,4219
raw/earlier_a_results_stats/interaction_test_strict_unified.json,earlier_a,,,,,,,,,,,,,,aux,,4a5219478a5b,4472
raw/earlier_a_results_stats/interaction_test_unified.json,earlier_a,,,,,,,,,,,,,,aux,,9e064aec04a6,6740
raw/earlier_a_results_stats/multiverse_cd1min_main/full_coverage_cd1min_long.csv,earlier_a,,,,,,,,,,,,,,aux,,662e45516f8a,274715
raw/earlier_a_results_stats/multiverse_cd1min_main/input_sanity.json,earlier_a,,,,,,,,,,,,,,aux,,0184b7d58966,3031
raw/earlier_a_results_stats/multiverse_cd1min_main/loso_pair_per_system.csv,earlier_a,,,,,,,,,,,,,,aux,,013e0381af23,10050
raw/earlier_a_results_stats/multiverse_cd1min_main/loso_pair_summary.csv,earlier_a,,,,,,,,,,,,,,aux,,e55833a16552,1844
raw/earlier_a_results_stats/multiverse_cd1min_main/method_coverage.csv,earlier_a,,,,,,,,,,,,,,aux,,f0b2e548d3fc,370
raw/earlier_a_results_stats/multiverse_cd1min_main/multiverse_delta_matrix.csv,earlier_a,,,,,,,,,,,,,,aux,,c07436b1fadb,1235
raw/earlier_a_results_stats/multiverse_cd1min_main/pair_summary.csv,earlier_a,,,,,,,,,,,,,,aux,,0db2c5354406,1791
raw/earlier_a_results_stats/multiverse_cd1min_main/per_system_deltas.csv,earlier_a,,,,,,,,,,,,,,aux,,1616365ef8c9,12810
raw/earlier_a_results_stats/multiverse_full_coverage/full_coverage_long.csv,earlier_a,,,,,,,,,,,,,,aux,,d68fc43e73f9,206826
raw/earlier_a_results_stats/multiverse_full_coverage/input_sanity.json,earlier_a,,,,,,,,,,,,,,aux,,989485faa22e,794
raw/earlier_a_results_stats/multiverse_full_coverage/loso_pair_per_system.csv,earlier_a,,,,,,,,,,,,,,aux,,4688cd57f24e,5108
raw/earlier_a_results_stats/multiverse_full_coverage/loso_pair_summary.csv,earlier_a,,,,,,,,,,,,,,aux,,a3591612c7eb,978
raw/earlier_a_results_stats/multiverse_full_coverage/method_coverage.csv,earlier_a,,,,,,,,,,,,,,aux,,31e5b6f0664e,328
raw/earlier_a_results_stats/multiverse_full_coverage/multiverse_delta_matrix.csv,earlier_a,,,,,,,,,,,,,,aux,,eafc2bf77838,701
raw/earlier_a_results_stats/multiverse_full_coverage/pair_summary.csv,earlier_a,,,,,,,,,,,,,,aux,,29f4f432c828,1025
raw/earlier_a_results_stats/multiverse_full_coverage/per_system_deltas.csv,earlier_a,,,,,,,,,,,,,,aux,,f469ce345094,6506
raw/earlier_a_results_stats/multiverse_published_partial/circa_subset_delta_matrix.csv,earlier_a,,,,,,,,,,,,,,aux,,182ced2f969d,369
raw/earlier_a_results_stats/multiverse_published_partial/circa_subset_long.csv,earlier_a,,,,,,,,,,,,,,aux,,3355239363e1,86569
raw/earlier_a_results_stats/multiverse_published_partial/circa_subset_loso_per_system.csv,earlier_a,,,,,,,,,,,,,,aux,,1c6a0ea0c19e,2465
raw/earlier_a_results_stats/multiverse_published_partial/circa_subset_loso_summary.csv,earlier_a,,,,,,,,,,,,,,aux,,0a098d187807,437
raw/earlier_a_results_stats/multiverse_published_partial/circa_subset_pair_summary.csv,earlier_a,,,,,,,,,,,,,,aux,,f7440f49a9c6,1001
raw/earlier_a_results_stats/multiverse_published_partial/circa_subset_per_system_deltas.csv,earlier_a,,,,,,,,,,,,,,aux,,897d6de7d4ae,2275
raw/earlier_a_results_stats/multiverse_published_partial/method_coverage.csv,earlier_a,,,,,,,,,,,,,,aux,,c638ab472d95,1000
raw/earlier_a_results_stats/multiverse_published_partial/openrca_delta_matrix.csv,earlier_a,,,,,,,,,,,,,,aux,,bba6c1c6c2cf,593
raw/earlier_a_results_stats/multiverse_published_partial/openrca_long.csv,earlier_a,,,,,,,,,,,,,,aux,,c1d9b08ac7f5,107043
raw/earlier_a_results_stats/multiverse_published_partial/openrca_loso_per_system.csv,earlier_a,,,,,,,,,,,,,,aux,,c4aabde6ee7d,3970
raw/earlier_a_results_stats/multiverse_published_partial/openrca_loso_summary.csv,earlier_a,,,,,,,,,,,,,,aux,,63e23af8085b,796
raw/earlier_a_results_stats/multiverse_published_partial/openrca_pair_summary.csv,earlier_a,,,,,,,,,,,,,,aux,,801e2bc30a3e,1511
raw/earlier_a_results_stats/multiverse_published_partial/openrca_per_system_deltas.csv,earlier_a,,,,,,,,,,,,,,aux,,2c23a6ce2b43,3599
raw/earlier_a_results_stats/p0_p1_cd1min_strengthening/canonical_petshop_cd1min_system_means.csv,earlier_a,,,,,,,,,,,,,,aux,,ec803f5a56b3,576
raw/earlier_a_results_stats/p0_p1_cd1min_strengthening/canonical_petshop_comparison.csv,earlier_a,,,,,,,,,,,,,,aux,,562254ed8c76,896
raw/earlier_a_results_stats/p0_p1_cd1min_strengthening/canonical_petshop_loso_per_system.csv,earlier_a,,,,,,,,,,,,,,aux,,04677e16e0a3,10058
raw/earlier_a_results_stats/p0_p1_cd1min_strengthening/canonical_petshop_loso_summary.csv,earlier_a,,,,,,,,,,,,,,aux,,5dd29a49d0fe,1812
raw/earlier_a_results_stats/p0_p1_cd1min_strengthening/canonical_petshop_pair_summary.csv,earlier_a,,,,,,,,,,,,,,aux,,f5829df825a7,1800
raw/earlier_a_results_stats/p0_p1_cd1min_strengthening/canonical_petshop_per_system_deltas.csv,earlier_a,,,,,,,,,,,,,,aux,,5db20d0d3f56,12916
raw/earlier_a_results_stats/p0_p1_cd1min_strengthening/cd1min_adapter_sweep_by_system.csv,earlier_a,,,,,,,,,,,,,,aux,,2dce78d45c77,10471
raw/earlier_a_results_stats/p0_p1_cd1min_strengthening/cd1min_adapter_sweep_macro.csv,earlier_a,,,,,,,,,,,,,,aux,,068e6ec5d27f,665
raw/earlier_a_results_stats/p0_p1_cd1min_strengthening/cd1min_re1_re2_secondary_replication.csv,earlier_a,,,,,,,,,,,,,,aux,,7f6112a01d54,1365
raw/earlier_a_results_stats/p0_p1_cd1min_strengthening/method_inclusion_gate.csv,earlier_a,,,,,,,,,,,,,,aux,,3ca41ae2ac8a,779
raw/earlier_a_results_stats/p0_p1_cd1min_strengthening/no_temporal_comparison.csv,earlier_a,,,,,,,,,,,,,,aux,,2fb1d5b11552,1528
raw/earlier_a_results_stats/p0_p1_cd1min_strengthening/no_temporal_loso_per_system.csv,earlier_a,,,,,,,,,,,,,,aux,,2c5614df50fc,8402
raw/earlier_a_results_stats/p0_p1_cd1min_strengthening/no_temporal_loso_summary.csv,earlier_a,,,,,,,,,,,,,,aux,,2ccb0dde4b9a,1782
raw/earlier_a_results_stats/p0_p1_cd1min_strengthening/no_temporal_pair_summary.csv,earlier_a,,,,,,,,,,,,,,aux,,bb1aba73c8a5,1782
raw/earlier_a_results_stats/p0_p1_cd1min_strengthening/no_temporal_per_system_deltas.csv,earlier_a,,,,,,,,,,,,,,aux,,6d58c6c15fa6,10958
raw/earlier_a_results_stats/p0_p1_cd1min_strengthening/p0_family_delta_summary.csv,earlier_a,,,,,,,,,,,,,,aux,,01c38d0fea7d,2183
raw/earlier_a_results_stats/p0_p1_cd1min_strengthening/p0_method_coverage.csv,earlier_a,,,,,,,,,,,,,,aux,,f0b2e548d3fc,370
raw/earlier_a_results_stats/p0_p1_cd1min_strengthening/p0_suite_holdout_per_system.csv,earlier_a,,,,,,,,,,,,,,aux,,e4685a755fa4,8325
raw/earlier_a_results_stats/p0_p1_cd1min_strengthening/p0_suite_holdout_summary.csv,earlier_a,,,,,,,,,,,,,,aux,,44aa707abda3,3280
raw/earlier_a_results_stats/p0_p1_cd1min_strengthening/p0_suite_holdout_weighted_sensitivity.csv,earlier_a,,,,,,,,,,,,,,aux,,b97173173bcf,3156
raw/earlier_a_results_stats/p0_p1_cd1min_strengthening/p0_system_method_means.csv,earlier_a,,,,,,,,,,,,,,aux,,aeaf2c724dcb,2197
raw/earlier_a_results_stats/p0_p1_cd1min_strengthening/p0_variance_decomposition.csv,earlier_a,,,,,,,,,,,,,,aux,,fd453bbd1798,1076
raw/earlier_a_results_stats/p0_p1_cd1min_strengthening/summary.json,earlier_a,,,,,,,,,,,,,,aux,,f14b12fd0b83,446
raw/earlier_a_results_stats/p2_cd1min_confirmatory_interaction/p2_interaction_tests.csv,earlier_a,,,,,,,,,,,,,,aux,,2e58b7767865,2802
raw/earlier_a_results_stats/p2_cd1min_confirmatory_interaction/p2_interaction_tests.json,earlier_a,,,,,,,,,,,,,,aux,,4c0c95100965,24165
raw/earlier_a_results_stats/p2_cd1min_confirmatory_interaction/system_pairwise/interaction_pair_tests.csv,earlier_a,,,,,,,,,,,,,,aux,,fb042f7b3761,892
raw/earlier_a_results_stats/p2_cd1min_confirmatory_interaction/system_pairwise/interaction_pair_tests.json,earlier_a,,,,,,,,,,,,,,aux,,d8b86b896df3,43430
raw/earlier_a_results_stats/pairwise_bootstrap.csv,earlier_a,,,,,,,,,,,,,,aux,,5b47fd1d0dfd,3686
raw/earlier_a_results_stats/portability_matrix.csv,earlier_a,,,,,,,,,,,,,,aux,,c6d737642764,682
raw/earlier_a_results_stats/portability_matrix_detail.csv,earlier_a,,,,,,,,,,,,,,aux,,08484714afb5,3225
raw/earlier_a_results_stats/portability_matrix_diff.md,earlier_a,,,,,,,,,,,,,,aux,,4cf721804e85,3245
raw/earlier_a_results_stats/portability_matrix_unified.csv,earlier_a,,,,,,,,,,,,,,aux,,5759f5392028,684
raw/earlier_a_results_stats/portability_matrix_unified_detail.csv,earlier_a,,,,,,,,,,,,,,aux,,66aaea5380b0,3243
raw/earlier_a_results_stats/regret_comparison.md,earlier_a,,,,,,,,,,,,,,aux,,5fad4f505b9b,8409
raw/earlier_a_results_stats/regret_table.csv,earlier_a,,,,,,,,,,,,,,aux,,6e15b8455547,828
raw/earlier_a_results_stats/regret_table_alertcount.csv,earlier_a,,,,,,,,,,,,,,aux,,c4d6bdd2b4ab,286
raw/earlier_a_results_stats/regret_table_alertcount_per_system.csv,earlier_a,,,,,,,,,,,,,,aux,,9770158b7f51,1437
raw/earlier_a_results_stats/regret_table_per_system.csv,earlier_a,,,,,,,,,,,,,,aux,,8be6bd7d7440,2691
raw/earlier_a_results_stats/regret_table_unified.csv,earlier_a,,,,,,,,,,,,,,aux,,a61a8c27ba6f,844
raw/earlier_a_results_stats/regret_table_unified_per_system.csv,earlier_a,,,,,,,,,,,,,,aux,,48d7a22b0f26,2702
raw/earlier_a_results_stats/sensitivity_bootstrap_no_temporal.csv,earlier_a,,,,,,,,,,,,,,aux,,48d42d445063,815
raw/earlier_a_results_stats/sensitivity_bootstrap_no_temporal_unified.csv,earlier_a,,,,,,,,,,,,,,aux,,36169da12ef8,827
raw/earlier_a_results_stats/sensitivity_narrative.md,earlier_a,,,,,,,,,,,,,,aux,,9876995a45e5,689
raw/earlier_a_results_stats/sensitivity_narrative_unified.md,earlier_a,,,,,,,,,,,,,,aux,,fe1ff1ac23e3,759
raw/earlier_a_results_stats/sensitivity_no_temporal_raw.json,earlier_a,,,,,,,,,,,,,,aux,,6f59414fc785,8266
raw/earlier_a_results_stats/sensitivity_no_temporal_unified_raw.json,earlier_a,,,,,,,,,,,,,,aux,,1cfd2d817a62,10642
raw/earlier_a_results_stats/sensitivity_temporal_traffic.csv,earlier_a,,,,,,,,,,,,,,aux,,7fd7372aa733,285
raw/earlier_a_results_stats/sensitivity_temporal_traffic_unified.csv,earlier_a,,,,,,,,,,,,,,aux,,b5c3f68cd65c,679
raw/earlier_a_results_stats/sensitivity_view_accuracy_no_temporal.csv,earlier_a,,,,,,,,,,,,,,aux,,605c9b42974b,429
raw/earlier_a_results_stats/sensitivity_view_accuracy_no_temporal_unified.csv,earlier_a,,,,,,,,,,,,,,aux,,637367bbac80,433
raw/earlier_a_results_stats/smoke_published_adapters/notes.json,earlier_a,,,,,,,,,,,,,,aux,,a4faa07a355d,606
raw/earlier_a_results_stats/smoke_published_adapters/per_case.csv,earlier_a,,,,,,,,,,,,,,aux,,ba9c19f78344,9912
raw/earlier_a_results_stats/smoke_published_adapters/summary.csv,earlier_a,,,,,,,,,,,,,,aux,,938c16884572,1505
raw/earlier_a_results_stats/smoke_published_adapters_limit20/notes.json,earlier_a,,,,,,,,,,,,,,aux,,508bd9544efc,607
raw/earlier_a_results_stats/smoke_published_adapters_limit20/per_case.csv,earlier_a,,,,,,,,,,,,,,aux,,1e17d03fbd0f,27404
raw/earlier_a_results_stats/smoke_published_adapters_limit20/summary.csv,earlier_a,,,,,,,,,,,,,,aux,,2467ad91cae6,2203
raw/earlier_a_results_stats/smoke_published_adapters_stratified20/notes.json,earlier_a,,,,,,,,,,,,,,aux,,4e6aeb7a376d,873
raw/earlier_a_results_stats/smoke_published_adapters_stratified20/per_case.csv,earlier_a,,,,,,,,,,,,,,aux,,c361918e3646,42000
raw/earlier_a_results_stats/smoke_published_adapters_stratified20/summary.csv,earlier_a,,,,,,,,,,,,,,aux,,e4bb2a49ae93,3314
raw/earlier_a_results_stats/smoke_published_adapters_stratified20_original_graph_control/notes.json,earlier_a,,,,,,,,,,,,,,aux,,0a0d923756a2,871
raw/earlier_a_results_stats/smoke_published_adapters_stratified20_original_graph_control/per_case.csv,earlier_a,,,,,,,,,,,,,,aux,,aa8cf18a9188,39278
raw/earlier_a_results_stats/smoke_published_adapters_stratified20_original_graph_control/summary.csv,earlier_a,,,,,,,,,,,,,,aux,,1ff313042d0f,2986
raw/earlier_a_results_stats/stress_test_A/lkso_k2_detail.csv,earlier_a,,,,,,,,,,,,,,aux,,b6fcdf4ea59e,5483
raw/earlier_a_results_stats/stress_test_A/lkso_k2_per_system_flips.csv,earlier_a,,,,,,,,,,,,,,aux,,46c2240100c0,353
raw/earlier_a_results_stats/stress_test_A/lkso_k2_summary.json,earlier_a,,,,,,,,,,,,,,aux,,052487907d2d,912
raw/earlier_a_results_stats/stress_test_B/flip_stability_summary.json,earlier_a,,,,,,,,,,,,,,aux,,b31faaa0c40f,6515
raw/earlier_a_results_stats/stress_test_B/per_system_flip_stability.csv,earlier_a,,,,,,,,,,,,,,aux,,241ac4da61c8,2196
raw/earlier_a_results_stats/stress_test_C/pooling_per_system.csv,earlier_a,,,,,,,,,,,,,,aux,,9344d6018748,1305
raw/earlier_a_results_stats/stress_test_C/pooling_summary.json,earlier_a,,,,,,,,,,,,,,aux,,62eb68b45e59,1534
raw/earlier_a_results_stats/stress_test_F6/F6A_bank_excluded.json,earlier_a,,,,,,,,,,,,,,aux,,dac275e4ef3f,1748
raw/earlier_a_results_stats/stress_test_F6/F6A_extra_drops.json,earlier_a,,,,,,,,,,,,,,aux,,3c57692df606,381
raw/earlier_a_results_stats/stress_test_F6/F6B_cross_label.json,earlier_a,,,,,,,,,,,,,,aux,,ca22bdc4c5e8,589
raw/earlier_a_results_stats/stress_test_F6/F6C_openrca_triple.json,earlier_a,,,,,,,,,,,,,,aux,,7a72824c2247,2545
raw/earlier_a_results_stats/stress_test_F6/F6C_rescue.json,earlier_a,,,,,,,,,,,,,,aux,,fe1505d5c40b,1737
raw/earlier_a_results_stats/stress_test_F6/F6_verdict_summary.json,earlier_a,,,,,,,,,,,,,,aux,,8d7f13eff52f,906
raw/earlier_a_results_stats/stress_test_alertcount_threshold/summary.json,earlier_a,,,,,,,,,,,,,,aux,,693693ae476a,2891
raw/earlier_a_results_stats/suite_holdout_full_coverage/suite_holdout_per_system.csv,earlier_a,,,,,,,,,,,,,,aux,,bc251a84a522,4212
raw/earlier_a_results_stats/suite_holdout_full_coverage/suite_holdout_summary.csv,earlier_a,,,,,,,,,,,,,,aux,,78541a28f79f,1719
raw/earlier_a_results_stats/suite_holdout_full_coverage/suite_holdout_weighted_sensitivity.csv,earlier_a,,,,,,,,,,,,,,aux,,25bf5728bd97,1657
raw/earlier_a_results_stats/suite_holdout_full_coverage/system_method_means.csv,earlier_a,,,,,,,,,,,,,,aux,,a5b2c1c0258b,1675
raw/earlier_a_results_stats/variance_decomposition_full_coverage/family_delta_summary.csv,earlier_a,,,,,,,,,,,,,,aux,,5ab8e9da0505,1158
raw/earlier_a_results_stats/variance_decomposition_full_coverage/variance_decomposition.csv,earlier_a,,,,,,,,,,,,,,aux,,82a4c3c70921,622
raw/earlier_a_results_stats/verification_table.csv,earlier_a,,,,,,,,,,,,,,aux,,1d45ed477c86,1614
raw/earlier_a_results_full335/autopsy_causal_vs_circa.csv,earlier_a,,,,,,,,,,,,,,aux,,c345d14dbddd,1147
raw/earlier_a_results_full335/autopsy_cd1min_vs_baro.csv,earlier_a,,,,,,,,,,,,,,aux,,ae57a06a352d,830
raw/earlier_a_results_full335/autopsy_cd1min_vs_circa.csv,earlier_a,,,,,,,,,,,,,,aux,,c34a732d57eb,834
raw/earlier_a_results_full335/bands_clean/bands.csv,earlier_a,,,,,,,,,,,,,,aux,,f70698c4ca28,4813
raw/earlier_a_results_full335/bands_clean/meta.json,earlier_a,,,,,,,,,,,,,,aux,,5ea364aae22a,388
raw/earlier_a_results_full335/bands_clean/pair_inversions.csv,earlier_a,,,,,,,,,,,,,,aux,,c400e6ed0010,420
raw/earlier_a_results_full335/bands_strict/bands.csv,earlier_a,,,,,,,,,,,,,,aux,,a05f02ce7c77,4813
raw/earlier_a_results_full335/bands_strict/meta.json,earlier_a,,,,,,,,,,,,,,aux,,62354f1a2210,387
raw/earlier_a_results_full335/bands_strict/pair_inversions.csv,earlier_a,,,,,,,,,,,,,,aux,,30f8101ea7e9,418
raw/earlier_a_results_full335/clean_partial/meta.json,earlier_a,,,,,,,,,,,,,,aux,,a10b355161de,469
raw/earlier_a_results_full335/clean_partial/pairwise_deltas.csv,earlier_a,,,,,,,,,,,,,,aux,,24fb376f944e,2599
raw/earlier_a_results_full335/clean_partial/pairwise_deltas_per_system.csv,earlier_a,,,,,,,,,,,,,,aux,,79116223d368,10337
raw/earlier_a_results_full335/clean_partial/raw_inversions.csv,earlier_a,,,,,,,,,,,,,,aux,,01ba4719c80b,1
raw/earlier_a_results_full335/clean_partial/robust_inversions.csv,earlier_a,,,,,,,,,,,,,,aux,,01ba4719c80b,1
raw/earlier_a_results_full335/clean_partial/scores_per_incident.csv,earlier_a,,,,,,,,,,,,,,aux,,2629f969703a,218285
raw/earlier_a_results_full335/clean_partial/summary_per_system.csv,earlier_a,,,,,,,,,,,,,,aux,,c9decbb114dd,3274
raw/earlier_a_results_full335/clean_partial/summary_pooled.csv,earlier_a,,,,,,,,,,,,,,aux,,b9fcb38cada0,896
raw/earlier_a_results_full335/clean_partial/weak_inversions.csv,earlier_a,,,,,,,,,,,,,,aux,,01ba4719c80b,1
raw/earlier_a_results_full335/clean_strict_pointwise/meta.json,earlier_a,,,,,,,,,,,,,,aux,,e2c20760eb79,467
raw/earlier_a_results_full335/clean_strict_pointwise/pairwise_deltas.csv,earlier_a,,,,,,,,,,,,,,aux,,b86b31166e86,2601
raw/earlier_a_results_full335/clean_strict_pointwise/pairwise_deltas_per_system.csv,earlier_a,,,,,,,,,,,,,,aux,,5e1c03c64869,9724
raw/earlier_a_results_full335/clean_strict_pointwise/raw_inversions.csv,earlier_a,,,,,,,,,,,,,,aux,,01ba4719c80b,1
raw/earlier_a_results_full335/clean_strict_pointwise/robust_inversions.csv,earlier_a,,,,,,,,,,,,,,aux,,01ba4719c80b,1
raw/earlier_a_results_full335/clean_strict_pointwise/scores_per_incident.csv,earlier_a,,,,,,,,,,,,,,aux,,2629f969703a,218285
raw/earlier_a_results_full335/clean_strict_pointwise/summary_per_system.csv,earlier_a,,,,,,,,,,,,,,aux,,c9decbb114dd,3274
raw/earlier_a_results_full335/clean_strict_pointwise/summary_pooled.csv,earlier_a,,,,,,,,,,,,,,aux,,b9fcb38cada0,896
raw/earlier_a_results_full335/clean_strict_pointwise/weak_inversions.csv,earlier_a,,,,,,,,,,,,,,aux,,01ba4719c80b,1
raw/earlier_a_results_full335/influence_partial.csv,earlier_a,,,,,,,,,,,,,,aux,,8f5feecceb54,5098
raw/earlier_a_results_full335/influence_strict.csv,earlier_a,,,,,,,,,,,,,,aux,,7b20f8fcff36,5122
raw/earlier_a_results_full335/mtep_only/meta.json,earlier_a,,,,,,,,,,,,,,aux,,a19cf0aeaee7,467
raw/earlier_a_results_full335/mtep_only/pairwise_deltas.csv,earlier_a,,,,,,,,,,,,,,aux,,d21431d3a215,2453
raw/earlier_a_results_full335/mtep_only/pairwise_deltas_per_system.csv,earlier_a,,,,,,,,,,,,,,aux,,70d0c2780fdf,10061
raw/earlier_a_results_full335/mtep_only/raw_inversions.csv,earlier_a,,,,,,,,,,,,,,aux,,378e6d126834,2074
raw/earlier_a_results_full335/mtep_only/robust_inversions.csv,earlier_a,,,,,,,,,,,,,,aux,,8b383b436f39,763
raw/earlier_a_results_full335/mtep_only/scores_per_incident.csv,earlier_a,,,,,,,,,,,,,,aux,,d90eb74e35b3,163859
raw/earlier_a_results_full335/mtep_only/summary_per_system.csv,earlier_a,,,,,,,,,,,,,,aux,,66fcb0615665,2472
raw/earlier_a_results_full335/mtep_only/summary_pooled.csv,earlier_a,,,,,,,,,,,,,,aux,,c52dd98c8a79,688
raw/earlier_a_results_full335/mtep_only/weak_inversions.csv,earlier_a,,,,,,,,,,,,,,aux,,1816a764c051,1428
raw/earlier_a_results_full335/mtep_only_strict/meta.json,earlier_a,,,,,,,,,,,,,,aux,,9ef3c4db0fcb,466
raw/earlier_a_results_full335/mtep_only_strict/pairwise_deltas.csv,earlier_a,,,,,,,,,,,,,,aux,,f9cb9d66a138,2427
raw/earlier_a_results_full335/mtep_only_strict/pairwise_deltas_per_system.csv,earlier_a,,,,,,,,,,,,,,aux,,061547455282,9534
raw/earlier_a_results_full335/mtep_only_strict/raw_inversions.csv,earlier_a,,,,,,,,,,,,,,aux,,258651515c85,2037
raw/earlier_a_results_full335/mtep_only_strict/robust_inversions.csv,earlier_a,,,,,,,,,,,,,,aux,,ec87f3cf5752,442
raw/earlier_a_results_full335/mtep_only_strict/scores_per_incident.csv,earlier_a,,,,,,,,,,,,,,aux,,d90eb74e35b3,163859
raw/earlier_a_results_full335/mtep_only_strict/summary_per_system.csv,earlier_a,,,,,,,,,,,,,,aux,,66fcb0615665,2472
raw/earlier_a_results_full335/mtep_only_strict/summary_pooled.csv,earlier_a,,,,,,,,,,,,,,aux,,c52dd98c8a79,688
raw/earlier_a_results_full335/mtep_only_strict/weak_inversions.csv,earlier_a,,,,,,,,,,,,,,aux,,c36629535367,1091
raw/earlier_a_results_full335/mtep_recall_audit.csv,earlier_a,,,,,,,,,,,,,,aux,,76fab88e635d,1328
raw/earlier_a_results_full335/mtep_recall_strict.csv,earlier_a,,,,,,,,,,,,,,aux,,4daf86d3dd44,208
raw/earlier_a_results_full335/partial_95/meta.json,earlier_a,,,,,,,,,,,,,,aux,,3156cc683733,485
raw/earlier_a_results_full335/partial_95/pairwise_deltas.csv,earlier_a,,,,,,,,,,,,,,aux,,a4082f1d528b,4029
raw/earlier_a_results_full335/partial_95/pairwise_deltas_per_system.csv,earlier_a,,,,,,,,,,,,,,aux,,6b573df68b5f,16688
raw/earlier_a_results_full335/partial_95/raw_inversions.csv,earlier_a,,,,,,,,,,,,,,aux,,865632e0bcff,4680
raw/earlier_a_results_full335/partial_95/robust_inversions.csv,earlier_a,,,,,,,,,,,,,,aux,,46c8948dab86,1408
raw/earlier_a_results_full335/partial_95/scores_per_incident.csv,earlier_a,,,,,,,,,,,,,,aux,,f8f5bfef6843,272423
raw/earlier_a_results_full335/partial_95/summary_per_system.csv,earlier_a,,,,,,,,,,,,,,aux,,1d16154e6f66,4080
raw/earlier_a_results_full335/partial_95/summary_pooled.csv,earlier_a,,,,,,,,,,,,,,aux,,79f127129c8f,1108
raw/earlier_a_results_full335/partial_95/weak_inversions.csv,earlier_a,,,,,,,,,,,,,,aux,,f87a84995427,3058
raw/earlier_a_results_full335/strict_95/meta.json,earlier_a,,,,,,,,,,,,,,aux,,bfea32e234db,484
raw/earlier_a_results_full335/strict_95/pairwise_deltas.csv,earlier_a,,,,,,,,,,,,,,aux,,65cc9527b963,3965
raw/earlier_a_results_full335/strict_95/pairwise_deltas_per_system.csv,earlier_a,,,,,,,,,,,,,,aux,,26576d7f8420,15692
raw/earlier_a_results_full335/strict_95/raw_inversions.csv,earlier_a,,,,,,,,,,,,,,aux,,ad9731dcf08b,4590
raw/earlier_a_results_full335/strict_95/robust_inversions.csv,earlier_a,,,,,,,,,,,,,,aux,,ec87f3cf5752,442
raw/earlier_a_results_full335/strict_95/scores_per_incident.csv,earlier_a,,,,,,,,,,,,,,aux,,f8f5bfef6843,272423
raw/earlier_a_results_full335/strict_95/summary_per_system.csv,earlier_a,,,,,,,,,,,,,,aux,,1d16154e6f66,4080
raw/earlier_a_results_full335/strict_95/summary_pooled.csv,earlier_a,,,,,,,,,,,,,,aux,,79f127129c8f,1108
raw/earlier_a_results_full335/strict_95/weak_inversions.csv,earlier_a,,,,,,,,,,,,,,aux,,d36f0173ed6f,2692
raw/earlier_a_followup_data/full_coverage_cd1min_long_CORRECTED.csv,earlier_a_followup_data,,,,,,,,3112,,,,,,valid,corrected per-case tables from A followup (RE1=simple_data),05cb5242367c,274715
raw/earlier_a_followup_data/petshop_pairs.json,earlier_a_followup_data,,,,,,,,2777,,,,,,valid,corrected per-case tables from A followup (RE1=simple_data),52ba4baf70ae,41082
raw/earlier_a_followup_data/published_diagnostics.csv,earlier_a_followup_data,,,,,,,,5,,,,,,valid,corrected per-case tables from A followup (RE1=simple_data),edf743a9fe3c,379
raw/earlier_a_followup_data/published_pairs_all.csv,earlier_a_followup_data,,,,,,,,18,,,,,,valid,corrected per-case tables from A followup (RE1=simple_data),09a6ca06ec6b,2494
raw/earlier_a_followup_data/published_per_case.csv,earlier_a_followup_data,,,,,,,,625,,,,,,valid,corrected per-case tables from A followup (RE1=simple_data),d2ac3f36d095,49910
raw/earlier_a_followup_data/published_per_case_charitable.csv,earlier_a_followup_data,,,,,,,,625,,,,,,valid,corrected per-case tables from A followup (RE1=simple_data),84626f230115,30255
raw/earlier_a_followup_data/rcaeval_published_percase.csv,earlier_a_followup_data,,,,,,,,1125,,,,,,valid,corrected per-case tables from A followup (RE1=simple_data),1a391d680c94,42114
raw/earlier_b_trace_baselines/microrank_re2-ob.json,earlier_b_trace,microrank,re2-ob,,traces.csv,,,,91,91/91,,,,,forensics_only,"no config block; OB has 91 = 90 + multi-source-data demo folder; cross-check only, main runs redone in runs/re2",37fbff1d4964,48907
raw/earlier_b_trace_baselines/microrank_re2-tt.json,earlier_b_trace,microrank,re2-tt,,traces.csv,,,,90,73/90,,,,,forensics_only,"no config block; OB has 91 = 90 + multi-source-data demo folder; cross-check only, main runs redone in runs/re2",69ef3364e330,53921
raw/earlier_b_trace_baselines/tracerca_re2-ob.json,earlier_b_trace,tracerca,re2-ob,,traces.csv,,,,91,91/91,,,,,forensics_only,"no config block; OB has 91 = 90 + multi-source-data demo folder; cross-check only, main runs redone in runs/re2",e6f2cb8a9851,111554
raw/earlier_b_trace_baselines/tracerca_re2-tt.json,earlier_b_trace,tracerca,re2-tt,,traces.csv,,,,90,73/90,,,,,forensics_only,"no config block; OB has 91 = 90 + multi-source-data demo folder; cross-check only, main runs redone in runs/re2",b990e27f2594,418853
runs/baro/baro_re1-ob_len10.json,merged_runs,baro,re1-ob,len10,data.csv,rcaeval_repo@497505b,$CONDA_ENVS/auditstack/bin/python,2026-09-27T13:22:42.232771+00:00,125,125/125,0.728,,,,diagnostic,length_min=10; mm_dataset_name=None; RCAEval -db fold scoring,c9df3e961097,100238
runs/baro/baro_re1-ob_len20.json,merged_runs,baro,re1-ob,len20,data.csv,rcaeval_repo@497505b,$CONDA_ENVS/auditstack/bin/python,2026-09-27T13:22:19.395507+00:00,125,125/125,0.736,,,,valid,length_min=20; mm_dataset_name=None; RCAEval -db fold scoring,cba0fb8cb737,100610
runs/baro/baro_re1-ss_datacsv_len20.json,merged_runs,baro,re1-ss,len20,data.csv,rcaeval_repo@497505b,$CONDA_ENVS/auditstack/bin/python,2026-09-27T15:29:05.307024+00:00,125,125/125,0.2,,,,contaminated,length_min=20; mm_dataset_name=None; RCAEval -db fold scoring,685192b443ce,130849
runs/baro/baro_re1-ss_len10.json,merged_runs,baro,re1-ss,len10,simple_data.csv,rcaeval_repo@497505b,$CONDA_ENVS/auditstack/bin/python,2026-09-27T13:23:15.035308+00:00,125,125/125,0.832,,,,diagnostic,length_min=10; mm_dataset_name=None; RCAEval -db fold scoring,e73ea3be6b94,81602
runs/baro/baro_re1-ss_len20.json,merged_runs,baro,re1-ss,len20,simple_data.csv,rcaeval_repo@497505b,$CONDA_ENVS/auditstack/bin/python,2026-09-27T13:23:02.818636+00:00,125,125/125,0.848,,,,valid,length_min=20; mm_dataset_name=None; RCAEval -db fold scoring,0463c8be84bf,81790
runs/baro/baro_re1-tt_datacsv_len20.json,merged_runs,baro,re1-tt,len20,data.csv,rcaeval_repo@497505b,$CONDA_ENVS/auditstack/bin/python,2026-09-27T15:29:05.351283+00:00,125,125/125,0.12,,,,contaminated,length_min=20; mm_dataset_name=None; RCAEval -db fold scoring,9cd4055befdf,159322
runs/baro/baro_re1-tt_len10.json,merged_runs,baro,re1-tt,len10,simple_data.csv,rcaeval_repo@497505b,$CONDA_ENVS/auditstack/bin/python,2026-09-27T13:24:06.675482+00:00,125,125/125,0.592,,,,diagnostic,length_min=10; mm_dataset_name=None; RCAEval -db fold scoring,16dc3db94053,111347
runs/baro/baro_re1-tt_len20.json,merged_runs,baro,re1-tt,len20,simple_data.csv,rcaeval_repo@497505b,$CONDA_ENVS/auditstack/bin/python,2026-09-27T13:23:27.480676+00:00,125,125/125,0.56,,,,valid,length_min=20; mm_dataset_name=None; RCAEval -db fold scoring,3e7b549046bf,112373
runs/baro/baro_re2-ob_len10.json,merged_runs,baro,re2-ob,len10,simple_metrics.csv,rcaeval_repo@497505b,$CONDA_ENVS/auditstack/bin/python,2026-09-27T15:23:40.418463+00:00,90,90/90,0.1333,,,,diagnostic,length_min=10; mm_dataset_name=None; RCAEval -db fold scoring,5a8920174cca,72151
runs/baro/baro_re2-ob_len20.json,merged_runs,baro,re2-ob,len20,simple_metrics.csv,rcaeval_repo@497505b,$CONDA_ENVS/auditstack/bin/python,2026-09-27T15:23:40.341927+00:00,90,90/90,0.1444,,,,valid,length_min=20; mm_dataset_name=None; RCAEval -db fold scoring,25cc09d1cfcf,71990
runs/baro/baro_re2-ss_len10.json,merged_runs,baro,re2-ss,len10,simple_metrics.csv,rcaeval_repo@497505b,$CONDA_ENVS/auditstack/bin/python,2026-09-27T15:23:40.516089+00:00,90,90/90,0.1333,,,,diagnostic,length_min=10; mm_dataset_name=None; RCAEval -db fold scoring,05fff87d9109,58877
runs/baro/baro_re2-ss_len20.json,merged_runs,baro,re2-ss,len20,simple_metrics.csv,rcaeval_repo@497505b,$CONDA_ENVS/auditstack/bin/python,2026-09-27T15:23:40.340493+00:00,90,90/90,0.0667,,,,valid,length_min=20; mm_dataset_name=None; RCAEval -db fold scoring,6845200e7480,59046
runs/baro/baro_re2-tt_len10.json,merged_runs,baro,re2-tt,len10,simple_metrics.csv,rcaeval_repo@497505b,$CONDA_ENVS/auditstack/bin/python,2026-09-27T15:23:40.920663+00:00,90,90/90,0.7222,,,,diagnostic,length_min=10; mm_dataset_name=None; RCAEval -db fold scoring,c1c7065f1621,80608
runs/baro/baro_re2-tt_len20.json,merged_runs,baro,re2-tt,len20,simple_metrics.csv,rcaeval_repo@497505b,$CONDA_ENVS/auditstack/bin/python,2026-09-27T15:23:41.187644+00:00,90,90/90,0.6667,,,,valid,length_min=20; mm_dataset_name=None; RCAEval -db fold scoring,77ef148c1fd9,81504
runs/causalrca/causalrca_permutation_30.json,merged_runs,causalrca,,len20,RE1-OB data.csv; RE2 simple_metrics.csv,rcaeval_repo@497505b,$CONDA_ENVS/ts/bin/python,2026-09-27T12:56:01.387851+00:00,30,30/30,,,,,diagnostic,column-permutation test; n_cases=30; n_ok=30; original_equals_column_order=30; permuted_equals_permuted_order=30; top1_changes_under_permutation=23; original_adj_all_zero=0; original_adj_has_nan=0,152ba5b1342c,223409
runs/causalrca/causalrca_permutation_30_sknet031.json,merged_runs,causalrca,,len20,RE1-OB data.csv; RE2 simple_metrics.csv,rcaeval_repo@497505b,$CONDA_ENVS/rcaeval_rcd/bin/python,2026-09-28T10:58:09.203339+00:00,30,30/30,,,,,diagnostic,column-permutation test; n_cases=30; n_ok=30; original_equals_column_order=0; permuted_equals_permuted_order=0; top1_changes_under_permutation=14; original_adj_all_zero=0; original_adj_has_nan=0,8ce3682fb43d,223502
runs/causalrca_full/causalrca_re1-ob_seed0.json,merged_runs,causalrca,re1-ob,seed0,data.csv,rcaeval_repo@497505b,$CONDA_ENVS/ts/bin/python,2026-09-29T09:34:15.901572+00:00,125,125/125,0.64,,,,valid,seed=0; RCAEval -db fold scoring,c260c2615f4e,116791
runs/causalrca_full/causalrca_re1-ob_seed1.json,merged_runs,causalrca,re1-ob,seed1,data.csv,rcaeval_repo@497505b,$CONDA_ENVS/ts/bin/python,2026-09-29T09:37:18.896311+00:00,125,125/125,0.568,,,,valid,seed=1; RCAEval -db fold scoring,de4bdfb156db,117987
runs/causalrca_full/causalrca_re1-ob_seed2.json,merged_runs,causalrca,re1-ob,seed2,data.csv,rcaeval_repo@497505b,$CONDA_ENVS/ts/bin/python,2026-09-29T09:38:54.547330+00:00,125,125/125,0.64,,,,valid,seed=2; RCAEval -db fold scoring,caf3eeff1e8a,117899
runs/causalrca_full/causalrca_re1-ss_seed0.json,merged_runs,causalrca,re1-ss,seed0,simple_data.csv,rcaeval_repo@497505b,$CONDA_ENVS/ts/bin/python,2026-09-29T09:24:42.676534+00:00,125,125/125,0.256,,,,valid,seed=0; RCAEval -db fold scoring,693e3143209a,103270
runs/causalrca_full/causalrca_re1-ss_seed1.json,merged_runs,causalrca,re1-ss,seed1,simple_data.csv,rcaeval_repo@497505b,$CONDA_ENVS/ts/bin/python,2026-09-29T09:24:35.925830+00:00,125,125/125,0.152,,,,valid,seed=1; RCAEval -db fold scoring,9eb657f4d2b1,103865
runs/causalrca_full/causalrca_re1-ss_seed2.json,merged_runs,causalrca,re1-ss,seed2,simple_data.csv,rcaeval_repo@497505b,$CONDA_ENVS/ts/bin/python,2026-09-29T09:25:35.963549+00:00,125,125/125,0.12,,,,valid,seed=2; RCAEval -db fold scoring,8a49627de537,103808
runs/causalrca_full/causalrca_re1-tt_seed0.json,merged_runs,causalrca,re1-tt,seed0,simple_data.csv,rcaeval_repo@497505b,$CONDA_ENVS/ts/bin/python,2026-09-29T06:02:53.084967+00:00,125,125/125,0.16,,,,valid,seed=0; RCAEval -db fold scoring,032746fd59dd,137367
runs/causalrca_full/causalrca_re1-tt_seed1.json,merged_runs,causalrca,re1-tt,seed1,simple_data.csv,rcaeval_repo@497505b,$CONDA_ENVS/ts/bin/python,2026-09-29T06:07:46.062612+00:00,125,125/125,0.208,,,,valid,seed=1; RCAEval -db fold scoring,38ba652da6ea,137869
runs/causalrca_full/causalrca_re1-tt_seed2.json,merged_runs,causalrca,re1-tt,seed2,simple_data.csv,rcaeval_repo@497505b,$CONDA_ENVS/ts/bin/python,2026-09-29T06:11:44.506301+00:00,125,125/125,0.04,,,,valid,seed=2; RCAEval -db fold scoring,e8d47ed9245f,137053
runs/causalrca_full/causalrca_re2-ob_seed0.json,merged_runs,causalrca,re2-ob,seed0,simple_metrics.csv,rcaeval_repo@497505b,$CONDA_ENVS/ts/bin/python,2026-09-29T08:33:56.315341+00:00,90,90/90,0.2778,,,,valid,seed=0; RCAEval -db fold scoring,1f9532c6d31c,85659
runs/causalrca_full/causalrca_re2-ob_seed1.json,merged_runs,causalrca,re2-ob,seed1,simple_metrics.csv,rcaeval_repo@497505b,$CONDA_ENVS/ts/bin/python,2026-09-29T08:27:23.400897+00:00,90,90/90,0.1556,,,,valid,seed=1; RCAEval -db fold scoring,8fe8262b1fee,86321
runs/causalrca_full/causalrca_re2-ob_seed2.json,merged_runs,causalrca,re2-ob,seed2,simple_metrics.csv,rcaeval_repo@497505b,$CONDA_ENVS/ts/bin/python,2026-09-29T08:34:22.234961+00:00,90,90/90,0.1889,,,,valid,seed=2; RCAEval -db fold scoring,0bc266cee4ff,86384
runs/causalrca_full/causalrca_re2-ss_seed0.json,merged_runs,causalrca,re2-ss,seed0,simple_metrics.csv,rcaeval_repo@497505b,$CONDA_ENVS/ts/bin/python,2026-09-29T08:16:53.221162+00:00,90,90/90,0.1444,,,,valid,seed=0; RCAEval -db fold scoring,6f980c71fe37,74990
runs/causalrca_full/causalrca_re2-ss_seed1.json,merged_runs,causalrca,re2-ss,seed1,simple_metrics.csv,rcaeval_repo@497505b,$CONDA_ENVS/ts/bin/python,2026-09-29T08:17:07.287776+00:00,90,90/90,0.1778,,,,valid,seed=1; RCAEval -db fold scoring,4093399aaa70,75153
runs/causalrca_full/causalrca_re2-ss_seed2.json,merged_runs,causalrca,re2-ss,seed2,simple_metrics.csv,rcaeval_repo@497505b,$CONDA_ENVS/ts/bin/python,2026-09-29T08:16:40.435247+00:00,90,90/90,0.1222,,,,valid,seed=2; RCAEval -db fold scoring,5d0615ab7065,75145
runs/causalrca_full/causalrca_re2-tt_seed0.json,merged_runs,causalrca,re2-tt,seed0,simple_metrics.csv,rcaeval_repo@497505b,$CONDA_ENVS/ts/bin/python,2026-09-29T02:21:25.611207+00:00,90,90/90,0.2667,,,,valid,seed=0; RCAEval -db fold scoring,7469dbdb0ccf,97774
runs/causalrca_full/causalrca_re2-tt_seed1.json,merged_runs,causalrca,re2-tt,seed1,simple_metrics.csv,rcaeval_repo@497505b,$CONDA_ENVS/ts/bin/python,2026-09-29T02:59:51.145137+00:00,90,90/90,0.1333,,,,valid,seed=1; RCAEval -db fold scoring,b7abeb476d88,94546
runs/causalrca_full/causalrca_re2-tt_seed2.json,merged_runs,causalrca,re2-tt,seed2,simple_metrics.csv,rcaeval_repo@497505b,$CONDA_ENVS/ts/bin/python,2026-09-29T03:02:53.711447+00:00,90,90/90,0.2222,,,,valid,seed=2; RCAEval -db fold scoring,05054d713135,97881
runs/openrca/alertcount-unfixed_openrca_bank.json,merged_runs,alertcount,openrca-bank,lenNone,auditstack results_1min/results_ext/results metric_data.parquet (audit wrapper),auditstack openrca_eval (A paper),$CONDA_ENVS/auditstack/bin/python,2026-09-27T13:26:58.701266+00:00,136,0/136,,,,,valid,"audit OpenRCA wrapper; status {""method_error"": 136}; scored by score_openrca_wrapped.py",1504a127457b,117100
runs/openrca/alertcount-unfixed_openrca_mkt1.json,merged_runs,alertcount,openrca-mkt1,lenNone,auditstack results_1min/results_ext/results metric_data.parquet (audit wrapper),auditstack openrca_eval (A paper),$CONDA_ENVS/auditstack/bin/python,2026-09-27T13:26:58.588618+00:00,70,0/70,,,,,valid,"audit OpenRCA wrapper; status {""method_error"": 70}; scored by score_openrca_wrapped.py",0833692fd82e,62810
runs/openrca/alertcount-unfixed_openrca_mkt2.json,merged_runs,alertcount,openrca-mkt2,lenNone,auditstack results_1min/results_ext/results metric_data.parquet (audit wrapper),auditstack openrca_eval (A paper),$CONDA_ENVS/auditstack/bin/python,2026-09-27T13:26:58.755949+00:00,78,0/78,,,,,valid,"audit OpenRCA wrapper; status {""method_error"": 78}; scored by score_openrca_wrapped.py",c15030228901,69910
runs/openrca/alertcount-unfixed_openrca_tel.json,merged_runs,alertcount,openrca-tel,lenNone,auditstack results_1min/results_ext/results metric_data.parquet (audit wrapper),auditstack openrca_eval (A paper),$CONDA_ENVS/auditstack/bin/python,2026-09-27T13:26:58.693371+00:00,51,0/51,,,,,valid,"audit OpenRCA wrapper; status {""method_error"": 51}; scored by score_openrca_wrapped.py",fa828069b52d,43268
runs/openrca/alertcount_openrca_bank.json,merged_runs,alertcount,openrca-bank,lenNone,auditstack results_1min/results_ext/results metric_data.parquet (audit wrapper),auditstack openrca_eval (A paper),$CONDA_ENVS/auditstack/bin/python,2026-09-27T13:26:58.620180+00:00,136,136/136,,,,,valid,"audit OpenRCA wrapper; status {""method"": 136}; scored by score_openrca_wrapped.py",6e6e585d97c1,125428
runs/openrca/alertcount_openrca_mkt1.json,merged_runs,alertcount,openrca-mkt1,lenNone,auditstack results_1min/results_ext/results metric_data.parquet (audit wrapper),auditstack openrca_eval (A paper),$CONDA_ENVS/auditstack/bin/python,2026-09-27T13:26:58.606999+00:00,70,70/70,,,,,valid,"audit OpenRCA wrapper; status {""method"": 70}; scored by score_openrca_wrapped.py",3cbb09d27b0e,61006
runs/openrca/alertcount_openrca_mkt2.json,merged_runs,alertcount,openrca-mkt2,lenNone,auditstack results_1min/results_ext/results metric_data.parquet (audit wrapper),auditstack openrca_eval (A paper),$CONDA_ENVS/auditstack/bin/python,2026-09-27T13:26:58.614833+00:00,78,78/78,,,,,valid,"audit OpenRCA wrapper; status {""method"": 78}; scored by score_openrca_wrapped.py",3abea2e986c9,71398
runs/openrca/alertcount_openrca_tel.json,merged_runs,alertcount,openrca-tel,lenNone,auditstack results_1min/results_ext/results metric_data.parquet (audit wrapper),auditstack openrca_eval (A paper),$CONDA_ENVS/auditstack/bin/python,2026-09-27T13:26:58.619395+00:00,51,51/51,,,,,valid,"audit OpenRCA wrapper; status {""method"": 51}; scored by score_openrca_wrapped.py",44616413c2ce,31782
runs/openrca/baro_openrca_bank.json,merged_runs,baro,openrca-bank,lenNone,auditstack results_1min/results_ext/results metric_data.parquet (audit wrapper),rcaeval_repo@497505b; auditstack openrca_eval (A paper),$CONDA_ENVS/auditstack/bin/python,2026-09-27T13:32:00.673940+00:00,136,136/136,,,,,diagnostic,"audit OpenRCA wrapper; status {""method"": 136}; scored by score_openrca_wrapped.py",cd872a1e25e3,127321
runs/openrca/baro_openrca_mkt1.json,merged_runs,baro,openrca-mkt1,lenNone,auditstack results_1min/results_ext/results metric_data.parquet (audit wrapper),rcaeval_repo@497505b; auditstack openrca_eval (A paper),$CONDA_ENVS/auditstack/bin/python,2026-09-27T13:32:00.586021+00:00,70,70/70,,,,,diagnostic,"audit OpenRCA wrapper; status {""method"": 70}; scored by score_openrca_wrapped.py",cc2182488f53,71589
runs/openrca/baro_openrca_mkt2.json,merged_runs,baro,openrca-mkt2,lenNone,auditstack results_1min/results_ext/results metric_data.parquet (audit wrapper),rcaeval_repo@497505b; auditstack openrca_eval (A paper),$CONDA_ENVS/auditstack/bin/python,2026-09-27T13:32:00.614329+00:00,78,78/78,,,,,diagnostic,"audit OpenRCA wrapper; status {""method"": 78}; scored by score_openrca_wrapped.py",6aebbfa416a9,80663
runs/openrca/baro_openrca_tel.json,merged_runs,baro,openrca-tel,lenNone,auditstack results_1min/results_ext/results metric_data.parquet (audit wrapper),rcaeval_repo@497505b; auditstack openrca_eval (A paper),$CONDA_ENVS/auditstack/bin/python,2026-09-27T13:32:00.398246+00:00,51,51/51,,,,,diagnostic,"audit OpenRCA wrapper; status {""method"": 51}; scored by score_openrca_wrapped.py",2a65f147735b,34222
runs/openrca/ediag_openrca_bank.json,merged_runs,ediag,openrca-bank,lenNone,auditstack results_1min/results_ext/results metric_data.parquet (audit wrapper),rcaeval_repo@497505b; auditstack openrca_eval (A paper),$CONDA_ENVS/auditstack/bin/python,2026-09-27T13:32:54.047436+00:00,136,136/136,,,,,valid,"audit OpenRCA wrapper; status {""method"": 136}; scored by score_openrca_wrapped.py",bd134044dae2,71944
runs/openrca/ediag_openrca_mkt1.json,merged_runs,ediag,openrca-mkt1,lenNone,auditstack results_1min/results_ext/results metric_data.parquet (audit wrapper),rcaeval_repo@497505b; auditstack openrca_eval (A paper),$CONDA_ENVS/auditstack/bin/python,2026-09-27T13:32:54.362091+00:00,70,70/70,,,,,valid,"audit OpenRCA wrapper; status {""method"": 70}; scored by score_openrca_wrapped.py",1074a8dc22a3,39909
runs/openrca/ediag_openrca_mkt2.json,merged_runs,ediag,openrca-mkt2,lenNone,auditstack results_1min/results_ext/results metric_data.parquet (audit wrapper),rcaeval_repo@497505b; auditstack openrca_eval (A paper),$CONDA_ENVS/auditstack/bin/python,2026-09-27T13:32:53.886986+00:00,78,78/78,,,,,valid,"audit OpenRCA wrapper; status {""method"": 78}; scored by score_openrca_wrapped.py",6d4e4f912a5d,44014
runs/openrca/ediag_openrca_tel.json,merged_runs,ediag,openrca-tel,lenNone,auditstack results_1min/results_ext/results metric_data.parquet (audit wrapper),rcaeval_repo@497505b; auditstack openrca_eval (A paper),$CONDA_ENVS/auditstack/bin/python,2026-09-27T13:32:54.002664+00:00,51,19/51,,,,,valid,"audit OpenRCA wrapper; status {""no_candidate"": 32, ""method"": 19}; scored by score_openrca_wrapped.py",7a6d3b937193,23584
runs/openrca/rcd-seed0_openrca_bank.json,merged_runs,rcd,openrca-bank,seed0,auditstack results_1min/results_ext/results metric_data.parquet (audit wrapper),rcaeval_repo@497505b; auditstack openrca_eval (A paper),$CONDA_ENVS/auditstack/bin/python,2026-09-29T15:40:44.236678+00:00,136,136/136,,,,,valid,"audit OpenRCA wrapper; status {""method"": 136}; scored by score_openrca_wrapped.py",61ef822ce0b2,77319
runs/openrca/rcd-seed0_openrca_mkt1.json,merged_runs,rcd,openrca-mkt1,seed0,auditstack results_1min/results_ext/results metric_data.parquet (audit wrapper),rcaeval_repo@497505b; auditstack openrca_eval (A paper),$CONDA_ENVS/auditstack/bin/python,2026-09-29T15:40:54.759017+00:00,70,63/70,,,,,valid,"audit OpenRCA wrapper; status {""method"": 63, ""no_candidate"": 7}; scored by score_openrca_wrapped.py",4aa7b8d4f068,46454
runs/openrca/rcd-seed0_openrca_mkt2.json,merged_runs,rcd,openrca-mkt2,seed0,auditstack results_1min/results_ext/results metric_data.parquet (audit wrapper),rcaeval_repo@497505b; auditstack openrca_eval (A paper),$CONDA_ENVS/auditstack/bin/python,2026-09-29T15:41:07.816844+00:00,78,74/78,,,,,valid,"audit OpenRCA wrapper; status {""method"": 74, ""no_candidate"": 4}; scored by score_openrca_wrapped.py",490e1a1e8533,48312
runs/openrca/rcd-seed0_openrca_tel.json,merged_runs,rcd,openrca-tel,seed0,auditstack results_1min/results_ext/results metric_data.parquet (audit wrapper),rcaeval_repo@497505b; auditstack openrca_eval (A paper),$CONDA_ENVS/auditstack/bin/python,2026-09-29T15:41:22.317478+00:00,51,50/51,,,,,valid,"audit OpenRCA wrapper; status {""method"": 50, ""no_candidate"": 1}; scored by score_openrca_wrapped.py",b5b25f3c01d0,22252
runs/openrca/rcd-seed1_openrca_bank.json,merged_runs,rcd,openrca-bank,seed1,auditstack results_1min/results_ext/results metric_data.parquet (audit wrapper),rcaeval_repo@497505b; auditstack openrca_eval (A paper),$CONDA_ENVS/auditstack/bin/python,2026-09-29T15:40:44.237566+00:00,136,136/136,,,,,valid,"audit OpenRCA wrapper; status {""method"": 136}; scored by score_openrca_wrapped.py",c267a0bf207b,76868
runs/openrca/rcd-seed1_openrca_mkt1.json,merged_runs,rcd,openrca-mkt1,seed1,auditstack results_1min/results_ext/results metric_data.parquet (audit wrapper),rcaeval_repo@497505b; auditstack openrca_eval (A paper),$CONDA_ENVS/auditstack/bin/python,2026-09-29T15:40:54.945430+00:00,70,62/70,,,,,valid,"audit OpenRCA wrapper; status {""method"": 62, ""no_candidate"": 8}; scored by score_openrca_wrapped.py",4027d9fa2dc9,45397
runs/openrca/rcd-seed1_openrca_mkt2.json,merged_runs,rcd,openrca-mkt2,seed1,auditstack results_1min/results_ext/results metric_data.parquet (audit wrapper),rcaeval_repo@497505b; auditstack openrca_eval (A paper),$CONDA_ENVS/auditstack/bin/python,2026-09-29T15:41:07.939794+00:00,78,73/78,,,,,valid,"audit OpenRCA wrapper; status {""method"": 73, ""no_candidate"": 5}; scored by score_openrca_wrapped.py",83a6c6c20753,49693
runs/openrca/rcd-seed1_openrca_tel.json,merged_runs,rcd,openrca-tel,seed1,auditstack results_1min/results_ext/results metric_data.parquet (audit wrapper),rcaeval_repo@497505b; auditstack openrca_eval (A paper),$CONDA_ENVS/auditstack/bin/python,2026-09-29T15:41:21.792231+00:00,51,50/51,,,,,valid,"audit OpenRCA wrapper; status {""method"": 50, ""no_candidate"": 1}; scored by score_openrca_wrapped.py",99ef13eb6026,22895
runs/openrca/rcd-seed2_openrca_bank.json,merged_runs,rcd,openrca-bank,seed2,auditstack results_1min/results_ext/results metric_data.parquet (audit wrapper),rcaeval_repo@497505b; auditstack openrca_eval (A paper),$CONDA_ENVS/auditstack/bin/python,2026-09-29T15:40:44.236701+00:00,136,136/136,,,,,valid,"audit OpenRCA wrapper; status {""method"": 136}; scored by score_openrca_wrapped.py",2d1322eb0f86,75860
runs/openrca/rcd-seed2_openrca_mkt1.json,merged_runs,rcd,openrca-mkt1,seed2,auditstack results_1min/results_ext/results metric_data.parquet (audit wrapper),rcaeval_repo@497505b; auditstack openrca_eval (A paper),$CONDA_ENVS/auditstack/bin/python,2026-09-29T15:40:54.881764+00:00,70,63/70,,,,,valid,"audit OpenRCA wrapper; status {""method"": 63, ""no_candidate"": 7}; scored by score_openrca_wrapped.py",142bdaeab347,44769
runs/openrca/rcd-seed2_openrca_mkt2.json,merged_runs,rcd,openrca-mkt2,seed2,auditstack results_1min/results_ext/results metric_data.parquet (audit wrapper),rcaeval_repo@497505b; auditstack openrca_eval (A paper),$CONDA_ENVS/auditstack/bin/python,2026-09-29T15:41:08.156270+00:00,78,74/78,,,,,valid,"audit OpenRCA wrapper; status {""method"": 74, ""no_candidate"": 4}; scored by score_openrca_wrapped.py",ceb2dd999b12,49985
runs/openrca/rcd-seed2_openrca_tel.json,merged_runs,rcd,openrca-tel,seed2,auditstack results_1min/results_ext/results metric_data.parquet (audit wrapper),rcaeval_repo@497505b; auditstack openrca_eval (A paper),$CONDA_ENVS/auditstack/bin/python,2026-09-29T15:41:22.167969+00:00,51,49/51,,,,,valid,"audit OpenRCA wrapper; status {""method"": 49, ""no_candidate"": 2}; scored by score_openrca_wrapped.py",d12dd1de741c,22915
runs/openrca/rcd_ranks/bank_seed0.json,merged_runs,rcd,openrca-bank,seed0,"$AUDIT_ROOT/work/openrca_rcd_inputs/bank/row<i>.csv (audit wrapper window, dumped by openrca_rcd.py dump)",rcaeval_repo@497505b,$CONDA_ENVS/rcaeval_rcd/bin/python,2026-09-29T14:50:00.439525+00:00,136,136/136,,,,,diagnostic,"RCD ranks on the wrapper's dumped inputs (rcaeval_rcd env), intermediate; predictions in runs/openrca/rcd-seed0_openrca_<tag>.json",60aac1ab5a56,50311
runs/openrca/rcd_ranks/bank_seed1.json,merged_runs,rcd,openrca-bank,seed1,"$AUDIT_ROOT/work/openrca_rcd_inputs/bank/row<i>.csv (audit wrapper window, dumped by openrca_rcd.py dump)",rcaeval_repo@497505b,$CONDA_ENVS/rcaeval_rcd/bin/python,2026-09-29T15:17:02.885496+00:00,136,136/136,,,,,diagnostic,"RCD ranks on the wrapper's dumped inputs (rcaeval_rcd env), intermediate; predictions in runs/openrca/rcd-seed1_openrca_<tag>.json",2b0a00f688cb,49682
runs/openrca/rcd_ranks/bank_seed2.json,merged_runs,rcd,openrca-bank,seed2,"$AUDIT_ROOT/work/openrca_rcd_inputs/bank/row<i>.csv (audit wrapper window, dumped by openrca_rcd.py dump)",rcaeval_repo@497505b,$CONDA_ENVS/rcaeval_rcd/bin/python,2026-09-29T15:28:56.347823+00:00,136,136/136,,,,,diagnostic,"RCD ranks on the wrapper's dumped inputs (rcaeval_rcd env), intermediate; predictions in runs/openrca/rcd-seed2_openrca_<tag>.json",59581df4a4f6,48581
runs/openrca/rcd_ranks/mkt1_seed0.json,merged_runs,rcd,openrca-mkt1,seed0,"$AUDIT_ROOT/work/openrca_rcd_inputs/mkt1/row<i>.csv (audit wrapper window, dumped by openrca_rcd.py dump)",rcaeval_repo@497505b,$CONDA_ENVS/rcaeval_rcd/bin/python,2026-09-29T14:50:00.439525+00:00,70,70/70,,,,,diagnostic,"RCD ranks on the wrapper's dumped inputs (rcaeval_rcd env), intermediate; predictions in runs/openrca/rcd-seed0_openrca_<tag>.json",76d7843bdd3c,28776
runs/openrca/rcd_ranks/mkt1_seed1.json,merged_runs,rcd,openrca-mkt1,seed1,"$AUDIT_ROOT/work/openrca_rcd_inputs/mkt1/row<i>.csv (audit wrapper window, dumped by openrca_rcd.py dump)",rcaeval_repo@497505b,$CONDA_ENVS/rcaeval_rcd/bin/python,2026-09-29T15:17:02.885496+00:00,70,70/70,,,,,diagnostic,"RCD ranks on the wrapper's dumped inputs (rcaeval_rcd env), intermediate; predictions in runs/openrca/rcd-seed1_openrca_<tag>.json",5d8588279768,27910
runs/openrca/rcd_ranks/mkt1_seed2.json,merged_runs,rcd,openrca-mkt1,seed2,"$AUDIT_ROOT/work/openrca_rcd_inputs/mkt1/row<i>.csv (audit wrapper window, dumped by openrca_rcd.py dump)",rcaeval_repo@497505b,$CONDA_ENVS/rcaeval_rcd/bin/python,2026-09-29T15:28:56.347823+00:00,70,70/70,,,,,diagnostic,"RCD ranks on the wrapper's dumped inputs (rcaeval_rcd env), intermediate; predictions in runs/openrca/rcd-seed2_openrca_<tag>.json",0d121584d8bd,27363
runs/openrca/rcd_ranks/mkt2_seed0.json,merged_runs,rcd,openrca-mkt2,seed0,"$AUDIT_ROOT/work/openrca_rcd_inputs/mkt2/row<i>.csv (audit wrapper window, dumped by openrca_rcd.py dump)",rcaeval_repo@497505b,$CONDA_ENVS/rcaeval_rcd/bin/python,2026-09-29T14:50:00.439525+00:00,78,78/78,,,,,diagnostic,"RCD ranks on the wrapper's dumped inputs (rcaeval_rcd env), intermediate; predictions in runs/openrca/rcd-seed0_openrca_<tag>.json",229759f04fd0,28688
runs/openrca/rcd_ranks/mkt2_seed1.json,merged_runs,rcd,openrca-mkt2,seed1,"$AUDIT_ROOT/work/openrca_rcd_inputs/mkt2/row<i>.csv (audit wrapper window, dumped by openrca_rcd.py dump)",rcaeval_repo@497505b,$CONDA_ENVS/rcaeval_rcd/bin/python,2026-09-29T15:17:02.885496+00:00,78,78/78,,,,,diagnostic,"RCD ranks on the wrapper's dumped inputs (rcaeval_rcd env), intermediate; predictions in runs/openrca/rcd-seed1_openrca_<tag>.json",7dddb9cbade1,29623
runs/openrca/rcd_ranks/mkt2_seed2.json,merged_runs,rcd,openrca-mkt2,seed2,"$AUDIT_ROOT/work/openrca_rcd_inputs/mkt2/row<i>.csv (audit wrapper window, dumped by openrca_rcd.py dump)",rcaeval_repo@497505b,$CONDA_ENVS/rcaeval_rcd/bin/python,2026-09-29T15:28:56.347823+00:00,78,78/78,,,,,diagnostic,"RCD ranks on the wrapper's dumped inputs (rcaeval_rcd env), intermediate; predictions in runs/openrca/rcd-seed2_openrca_<tag>.json",1d383723ed88,30206
runs/openrca/rcd_ranks/tel_seed0.json,merged_runs,rcd,openrca-tel,seed0,"$AUDIT_ROOT/work/openrca_rcd_inputs/tel/row<i>.csv (audit wrapper window, dumped by openrca_rcd.py dump)",rcaeval_repo@497505b,$CONDA_ENVS/rcaeval_rcd/bin/python,2026-09-29T14:50:00.439525+00:00,51,51/51,,,,,diagnostic,"RCD ranks on the wrapper's dumped inputs (rcaeval_rcd env), intermediate; predictions in runs/openrca/rcd-seed0_openrca_<tag>.json",9cf6674418cb,13200
runs/openrca/rcd_ranks/tel_seed1.json,merged_runs,rcd,openrca-tel,seed1,"$AUDIT_ROOT/work/openrca_rcd_inputs/tel/row<i>.csv (audit wrapper window, dumped by openrca_rcd.py dump)",rcaeval_repo@497505b,$CONDA_ENVS/rcaeval_rcd/bin/python,2026-09-29T15:17:02.885496+00:00,51,51/51,,,,,diagnostic,"RCD ranks on the wrapper's dumped inputs (rcaeval_rcd env), intermediate; predictions in runs/openrca/rcd-seed1_openrca_<tag>.json",90ce0524ae5f,13843
runs/openrca/rcd_ranks/tel_seed2.json,merged_runs,rcd,openrca-tel,seed2,"$AUDIT_ROOT/work/openrca_rcd_inputs/tel/row<i>.csv (audit wrapper window, dumped by openrca_rcd.py dump)",rcaeval_repo@497505b,$CONDA_ENVS/rcaeval_rcd/bin/python,2026-09-29T15:28:56.347823+00:00,51,51/51,,,,,diagnostic,"RCD ranks on the wrapper's dumped inputs (rcaeval_rcd env), intermediate; predictions in runs/openrca/rcd-seed2_openrca_<tag>.json",f735af563785,13922
runs/openrca/simplerca_openrca_bank.json,merged_runs,simplerca,openrca-bank,lenNone,auditstack results_1min/results_ext/results metric_data.parquet (audit wrapper),rcaeval_repo@497505b; auditstack openrca_eval (A paper),$CONDA_ENVS/auditstack/bin/python,2026-09-28T10:42:18.956146+00:00,136,136/136,,,,,valid,"audit OpenRCA wrapper; status {""method"": 136}; scored by score_openrca_wrapped.py",04cb166ebc93,128729
runs/openrca/simplerca_openrca_mkt1.json,merged_runs,simplerca,openrca-mkt1,lenNone,auditstack results_1min/results_ext/results metric_data.parquet (audit wrapper),rcaeval_repo@497505b; auditstack openrca_eval (A paper),$CONDA_ENVS/auditstack/bin/python,2026-09-28T10:42:18.952838+00:00,70,70/70,,,,,valid,"audit OpenRCA wrapper; status {""method"": 70}; scored by score_openrca_wrapped.py",72df6e546750,67146
runs/openrca/simplerca_openrca_mkt2.json,merged_runs,simplerca,openrca-mkt2,lenNone,auditstack results_1min/results_ext/results metric_data.parquet (audit wrapper),rcaeval_repo@497505b; auditstack openrca_eval (A paper),$CONDA_ENVS/auditstack/bin/python,2026-09-28T10:42:18.877214+00:00,78,78/78,,,,,valid,"audit OpenRCA wrapper; status {""method"": 78}; scored by score_openrca_wrapped.py",7de755a3433d,73218
runs/openrca/simplerca_openrca_tel.json,merged_runs,simplerca,openrca-tel,lenNone,auditstack results_1min/results_ext/results metric_data.parquet (audit wrapper),rcaeval_repo@497505b; auditstack openrca_eval (A paper),$CONDA_ENVS/auditstack/bin/python,2026-09-28T10:42:18.987291+00:00,51,51/51,,,,,valid,"audit OpenRCA wrapper; status {""method"": 51}; scored by score_openrca_wrapped.py",5ddd783297e7,32733
runs/probes/alertcount_re1-ob_len10.json,merged_runs,alertcount,re1-ob,len10,data.csv,"auditstack openrca_eval (A paper), rcaeval_repo@497505b",$CONDA_ENVS/auditstack/bin/python,2026-09-27T15:24:42.644748+00:00,125,125/125,0.432,,,,diagnostic,length_min=10; audit probe code and its own acc_at_k scorer,1b5d1fba4d24,103178
runs/probes/alertcount_re1-ob_len20.json,merged_runs,alertcount,re1-ob,len20,data.csv,"auditstack openrca_eval (A paper), rcaeval_repo@497505b",$CONDA_ENVS/auditstack/bin/python,2026-09-27T15:24:42.532544+00:00,125,125/125,0.392,,,,valid,length_min=20; audit probe code and its own acc_at_k scorer,03f3a7b6df01,102646
runs/probes/alertcount_re1-ss_datacsv_len20.json,merged_runs,alertcount,re1-ss,len20,data.csv,"auditstack openrca_eval (A paper), rcaeval_repo@497505b",$CONDA_ENVS/auditstack/bin/python,2026-09-27T15:24:42.725916+00:00,125,125/125,0.432,,,,contaminated,length_min=20; audit probe code and its own acc_at_k scorer,d53ca9245547,137572
runs/probes/alertcount_re1-ss_len10.json,merged_runs,alertcount,re1-ss,len10,simple_data.csv,"auditstack openrca_eval (A paper), rcaeval_repo@497505b",$CONDA_ENVS/auditstack/bin/python,2026-09-27T15:24:42.595712+00:00,125,125/125,0.32,,,,diagnostic,length_min=10; audit probe code and its own acc_at_k scorer,fcc4a58eadbf,88195
runs/probes/alertcount_re1-ss_len20.json,merged_runs,alertcount,re1-ss,len20,simple_data.csv,"auditstack openrca_eval (A paper), rcaeval_repo@497505b",$CONDA_ENVS/auditstack/bin/python,2026-09-27T15:24:42.630945+00:00,125,125/125,0.376,,,,valid,length_min=20; audit probe code and its own acc_at_k scorer,9f49f1952772,87807
runs/probes/alertcount_re1-tt_datacsv_len20.json,merged_runs,alertcount,re1-tt,len20,data.csv,"auditstack openrca_eval (A paper), rcaeval_repo@497505b",$CONDA_ENVS/auditstack/bin/python,2026-09-27T15:24:42.732222+00:00,125,125/125,0.192,,,,contaminated,length_min=20; audit probe code and its own acc_at_k scorer,e0f854ca09ee,165889
runs/probes/alertcount_re1-tt_len10.json,merged_runs,alertcount,re1-tt,len10,simple_data.csv,"auditstack openrca_eval (A paper), rcaeval_repo@497505b",$CONDA_ENVS/auditstack/bin/python,2026-09-27T15:24:42.557880+00:00,125,125/125,0.072,,,,diagnostic,length_min=10; audit probe code and its own acc_at_k scorer,d3b9e06bc045,122142
runs/probes/alertcount_re1-tt_len20.json,merged_runs,alertcount,re1-tt,len20,simple_data.csv,"auditstack openrca_eval (A paper), rcaeval_repo@497505b",$CONDA_ENVS/auditstack/bin/python,2026-09-27T15:24:42.709483+00:00,125,125/125,0.048,,,,valid,length_min=20; audit probe code and its own acc_at_k scorer,18a1b0979c32,122067
runs/probes/alertcount_re2-ob_len10.json,merged_runs,alertcount,re2-ob,len10,simple_metrics.csv,"auditstack openrca_eval (A paper), rcaeval_repo@497505b",$CONDA_ENVS/auditstack/bin/python,2026-09-27T15:24:42.654013+00:00,90,90/90,0.2111,,,,diagnostic,length_min=10; audit probe code and its own acc_at_k scorer,6e09ce0ccff5,75936
runs/probes/alertcount_re2-ob_len20.json,merged_runs,alertcount,re2-ob,len20,simple_metrics.csv,"auditstack openrca_eval (A paper), rcaeval_repo@497505b",$CONDA_ENVS/auditstack/bin/python,2026-09-27T15:24:42.717374+00:00,90,90/90,0.2111,,,,valid,length_min=20; audit probe code and its own acc_at_k scorer,5c18fd8ad5eb,75102
runs/probes/alertcount_re2-ob_metricscsv_len20.json,merged_runs,alertcount,re2-ob,len20,metrics.csv,"auditstack openrca_eval (A paper), rcaeval_repo@497505b",$CONDA_ENVS/auditstack/bin/python,2026-09-27T15:24:42.656726+00:00,90,90/90,0.2889,,,,diagnostic,length_min=20; audit probe code and its own acc_at_k scorer,5ae124eb9109,111434
runs/probes/alertcount_re2-ss_len10.json,merged_runs,alertcount,re2-ss,len10,simple_metrics.csv,"auditstack openrca_eval (A paper), rcaeval_repo@497505b",$CONDA_ENVS/auditstack/bin/python,2026-09-27T15:24:42.673460+00:00,90,90/90,0.4111,,,,diagnostic,length_min=10; audit probe code and its own acc_at_k scorer,8b4b0d3300cf,63081
runs/probes/alertcount_re2-ss_len20.json,merged_runs,alertcount,re2-ss,len20,simple_metrics.csv,"auditstack openrca_eval (A paper), rcaeval_repo@497505b",$CONDA_ENVS/auditstack/bin/python,2026-09-27T15:24:42.768037+00:00,90,90/90,0.3889,,,,valid,length_min=20; audit probe code and its own acc_at_k scorer,c9b108212fe6,62887
runs/probes/alertcount_re2-ss_metricscsv_len20.json,merged_runs,alertcount,re2-ss,len20,metrics.csv,"auditstack openrca_eval (A paper), rcaeval_repo@497505b",$CONDA_ENVS/auditstack/bin/python,2026-09-27T15:24:42.789609+00:00,90,90/90,0.3556,,,,diagnostic,length_min=20; audit probe code and its own acc_at_k scorer,d7a20b67ab39,99254
runs/probes/alertcount_re2-tt_len10.json,merged_runs,alertcount,re2-tt,len10,simple_metrics.csv,"auditstack openrca_eval (A paper), rcaeval_repo@497505b",$CONDA_ENVS/auditstack/bin/python,2026-09-27T15:24:42.605355+00:00,90,90/90,0.3,,,,diagnostic,length_min=10; audit probe code and its own acc_at_k scorer,ad146c94b9e4,87118
runs/probes/alertcount_re2-tt_len20.json,merged_runs,alertcount,re2-tt,len20,simple_metrics.csv,"auditstack openrca_eval (A paper), rcaeval_repo@497505b",$CONDA_ENVS/auditstack/bin/python,2026-09-27T15:24:42.616437+00:00,90,90/90,0.2111,,,,valid,length_min=20; audit probe code and its own acc_at_k scorer,1499fdc0db93,86822
runs/probes/alertcount_re2-tt_metricscsv_len20.json,merged_runs,alertcount,re2-tt,len20,metrics.csv,"auditstack openrca_eval (A paper), rcaeval_repo@497505b",$CONDA_ENVS/auditstack/bin/python,2026-09-27T15:24:42.733459+00:00,90,90/90,0.2778,,,,diagnostic,length_min=20; audit probe code and its own acc_at_k scorer,5c84dbc47ae6,117593
runs/probes/cd1min_re1-ob_len10.json,merged_runs,cd1min,re1-ob,len10,data.csv,"auditstack openrca_eval (A paper), rcaeval_repo@497505b",$CONDA_ENVS/auditstack/bin/python,2026-09-27T15:26:45.957573+00:00,125,125/125,0.792,,,,diagnostic,length_min=10; audit probe code and its own acc_at_k scorer,7d582ca7e790,67304
runs/probes/cd1min_re1-ob_len20.json,merged_runs,cd1min,re1-ob,len20,data.csv,"auditstack openrca_eval (A paper), rcaeval_repo@497505b",$CONDA_ENVS/auditstack/bin/python,2026-09-27T15:26:46.074938+00:00,125,125/125,0.728,,,,valid,length_min=20; audit probe code and its own acc_at_k scorer,87c0710e4843,67851
runs/probes/cd1min_re1-ss_datacsv_len20.json,merged_runs,cd1min,re1-ss,len20,data.csv,"auditstack openrca_eval (A paper), rcaeval_repo@497505b",$CONDA_ENVS/auditstack/bin/python,2026-09-27T15:26:46.258935+00:00,125,125/125,0.736,,,,contaminated,length_min=20; audit probe code and its own acc_at_k scorer,edda8786e703,69182
runs/probes/cd1min_re1-ss_len10.json,merged_runs,cd1min,re1-ss,len10,simple_data.csv,"auditstack openrca_eval (A paper), rcaeval_repo@497505b",$CONDA_ENVS/auditstack/bin/python,2026-09-27T15:26:45.894684+00:00,125,125/125,0.944,,,,diagnostic,length_min=10; audit probe code and its own acc_at_k scorer,0f3a5a210e2e,59370
runs/probes/cd1min_re1-ss_len20.json,merged_runs,cd1min,re1-ss,len20,simple_data.csv,"auditstack openrca_eval (A paper), rcaeval_repo@497505b",$CONDA_ENVS/auditstack/bin/python,2026-09-27T15:26:45.971476+00:00,125,125/125,0.928,,,,valid,length_min=20; audit probe code and its own acc_at_k scorer,45a82449b84d,59340
runs/probes/cd1min_re1-tt_datacsv_len20.json,merged_runs,cd1min,re1-tt,len20,data.csv,"auditstack openrca_eval (A paper), rcaeval_repo@497505b",$CONDA_ENVS/auditstack/bin/python,2026-09-27T15:26:46.093386+00:00,125,125/125,0.456,,,,contaminated,length_min=20; audit probe code and its own acc_at_k scorer,fded1580f01f,103358
runs/probes/cd1min_re1-tt_len10.json,merged_runs,cd1min,re1-tt,len10,simple_data.csv,"auditstack openrca_eval (A paper), rcaeval_repo@497505b",$CONDA_ENVS/auditstack/bin/python,2026-09-27T15:26:46.138619+00:00,125,125/125,0.304,,,,diagnostic,length_min=10; audit probe code and its own acc_at_k scorer,e030915fb9cb,104460
runs/probes/cd1min_re1-tt_len20.json,merged_runs,cd1min,re1-tt,len20,simple_data.csv,"auditstack openrca_eval (A paper), rcaeval_repo@497505b",$CONDA_ENVS/auditstack/bin/python,2026-09-27T15:26:46.124551+00:00,125,125/125,0.28,,,,valid,length_min=20; audit probe code and its own acc_at_k scorer,0d3f9b485e7f,104464
runs/probes/cd1min_re2-ob_len10.json,merged_runs,cd1min,re2-ob,len10,simple_metrics.csv,"auditstack openrca_eval (A paper), rcaeval_repo@497505b",$CONDA_ENVS/auditstack/bin/python,2026-09-27T15:26:46.087007+00:00,90,90/90,0.7444,,,,diagnostic,length_min=10; audit probe code and its own acc_at_k scorer,6177c534e436,46276
runs/probes/cd1min_re2-ob_len20.json,merged_runs,cd1min,re2-ob,len20,simple_metrics.csv,"auditstack openrca_eval (A paper), rcaeval_repo@497505b",$CONDA_ENVS/auditstack/bin/python,2026-09-27T15:26:46.133693+00:00,90,90/90,0.7333,,,,valid,length_min=20; audit probe code and its own acc_at_k scorer,d106deab4b4c,47262
runs/probes/cd1min_re2-ob_metricscsv_len20.json,merged_runs,cd1min,re2-ob,len20,metrics.csv,"auditstack openrca_eval (A paper), rcaeval_repo@497505b",$CONDA_ENVS/auditstack/bin/python,2026-09-27T15:26:45.954093+00:00,90,90/90,0.4,,,,diagnostic,length_min=20; audit probe code and its own acc_at_k scorer,0b96533f2246,67428
runs/probes/cd1min_re2-ss_len10.json,merged_runs,cd1min,re2-ss,len10,simple_metrics.csv,"auditstack openrca_eval (A paper), rcaeval_repo@497505b",$CONDA_ENVS/auditstack/bin/python,2026-09-27T15:26:45.988062+00:00,90,90/90,0.9444,,,,diagnostic,length_min=10; audit probe code and its own acc_at_k scorer,5d1ec0b985cf,41543
runs/probes/cd1min_re2-ss_len20.json,merged_runs,cd1min,re2-ss,len20,simple_metrics.csv,"auditstack openrca_eval (A paper), rcaeval_repo@497505b",$CONDA_ENVS/auditstack/bin/python,2026-09-27T15:26:46.034389+00:00,90,90/90,0.9444,,,,valid,length_min=20; audit probe code and its own acc_at_k scorer,0975093274de,43404
runs/probes/cd1min_re2-ss_metricscsv_len20.json,merged_runs,cd1min,re2-ss,len20,metrics.csv,"auditstack openrca_eval (A paper), rcaeval_repo@497505b",$CONDA_ENVS/auditstack/bin/python,2026-09-27T15:26:46.115584+00:00,90,90/90,0.5333,,,,diagnostic,length_min=20; audit probe code and its own acc_at_k scorer,e1608a103bbe,55414
runs/probes/cd1min_re2-tt_len10.json,merged_runs,cd1min,re2-tt,len10,simple_metrics.csv,"auditstack openrca_eval (A paper), rcaeval_repo@497505b",$CONDA_ENVS/auditstack/bin/python,2026-09-27T15:26:46.065189+00:00,90,90/90,0.8222,,,,diagnostic,length_min=10; audit probe code and its own acc_at_k scorer,c3b9a0b1ebe3,75118
runs/probes/cd1min_re2-tt_len20.json,merged_runs,cd1min,re2-tt,len20,simple_metrics.csv,"auditstack openrca_eval (A paper), rcaeval_repo@497505b",$CONDA_ENVS/auditstack/bin/python,2026-09-27T15:26:45.999958+00:00,90,90/90,0.7889,,,,valid,length_min=20; audit probe code and its own acc_at_k scorer,ed8c52baa677,75220
runs/probes/cd1min_re2-tt_metricscsv_len20.json,merged_runs,cd1min,re2-tt,len20,metrics.csv,"auditstack openrca_eval (A paper), rcaeval_repo@497505b",$CONDA_ENVS/auditstack/bin/python,2026-09-27T15:26:45.974978+00:00,90,90/90,0.2444,,,,diagnostic,length_min=20; audit probe code and its own acc_at_k scorer,da9ec8c0562f,76097
runs/probes/zbase_re1-ob_len10.json,merged_runs,zbase,re1-ob,len10,data.csv,"auditstack openrca_eval (A paper), rcaeval_repo@497505b",$CONDA_ENVS/auditstack/bin/python,2026-09-27T15:22:52.109805+00:00,125,125/125,0.712,,,,diagnostic,length_min=10; audit probe code and its own acc_at_k scorer,05fd27cae556,102869
runs/probes/zbase_re1-ob_len20.json,merged_runs,zbase,re1-ob,len20,data.csv,"auditstack openrca_eval (A paper), rcaeval_repo@497505b",$CONDA_ENVS/auditstack/bin/python,2026-09-27T15:22:52.073003+00:00,125,125/125,0.504,,,,valid,length_min=20; audit probe code and its own acc_at_k scorer,883417caee4b,103024
runs/probes/zbase_re1-ss_datacsv_len20.json,merged_runs,zbase,re1-ss,len20,data.csv,"auditstack openrca_eval (A paper), rcaeval_repo@497505b",$CONDA_ENVS/auditstack/bin/python,2026-09-27T15:22:52.138830+00:00,125,125/125,0.608,,,,contaminated,length_min=20; audit probe code and its own acc_at_k scorer,ad21b8bfb5db,131096
runs/probes/zbase_re1-ss_len10.json,merged_runs,zbase,re1-ss,len10,simple_data.csv,"auditstack openrca_eval (A paper), rcaeval_repo@497505b",$CONDA_ENVS/auditstack/bin/python,2026-09-27T15:22:52.088748+00:00,125,125/125,0.84,,,,diagnostic,length_min=10; audit probe code and its own acc_at_k scorer,8e415c479576,87308
runs/probes/zbase_re1-ss_len20.json,merged_runs,zbase,re1-ss,len20,simple_data.csv,"auditstack openrca_eval (A paper), rcaeval_repo@497505b",$CONDA_ENVS/auditstack/bin/python,2026-09-27T15:22:52.414582+00:00,125,125/125,0.744,,,,valid,length_min=20; audit probe code and its own acc_at_k scorer,754ea478b448,87435
runs/probes/zbase_re1-tt_datacsv_len20.json,merged_runs,zbase,re1-tt,len20,data.csv,"auditstack openrca_eval (A paper), rcaeval_repo@497505b",$CONDA_ENVS/auditstack/bin/python,2026-09-27T15:22:52.510722+00:00,125,125/125,0.448,,,,contaminated,length_min=20; audit probe code and its own acc_at_k scorer,3f5aa27e3d7d,162975
runs/probes/zbase_re1-tt_len10.json,merged_runs,zbase,re1-tt,len10,simple_data.csv,"auditstack openrca_eval (A paper), rcaeval_repo@497505b",$CONDA_ENVS/auditstack/bin/python,2026-09-27T15:22:52.073199+00:00,125,125/125,0.448,,,,diagnostic,length_min=10; audit probe code and its own acc_at_k scorer,fa3cf751c9c1,116989
runs/probes/zbase_re1-tt_len20.json,merged_runs,zbase,re1-tt,len20,simple_data.csv,"auditstack openrca_eval (A paper), rcaeval_repo@497505b",$CONDA_ENVS/auditstack/bin/python,2026-09-27T15:22:52.562546+00:00,125,125/125,0.424,,,,valid,length_min=20; audit probe code and its own acc_at_k scorer,37ede11b3f26,117674
runs/probes/zbase_re2-ob_len10.json,merged_runs,zbase,re2-ob,len10,simple_metrics.csv,"auditstack openrca_eval (A paper), rcaeval_repo@497505b",$CONDA_ENVS/auditstack/bin/python,2026-09-27T15:22:52.221217+00:00,90,90/90,0.8,,,,diagnostic,length_min=10; audit probe code and its own acc_at_k scorer,ce0dcee70f3e,77782
runs/probes/zbase_re2-ob_len20.json,merged_runs,zbase,re2-ob,len20,simple_metrics.csv,"auditstack openrca_eval (A paper), rcaeval_repo@497505b",$CONDA_ENVS/auditstack/bin/python,2026-09-27T15:22:52.389646+00:00,90,90/90,0.7778,,,,valid,length_min=20; audit probe code and its own acc_at_k scorer,13553b7d517f,77699
runs/probes/zbase_re2-ob_metricscsv_len20.json,merged_runs,zbase,re2-ob,len20,metrics.csv,"auditstack openrca_eval (A paper), rcaeval_repo@497505b",$CONDA_ENVS/auditstack/bin/python,2026-09-27T15:22:52.452679+00:00,90,90/90,0.5222,,,,diagnostic,length_min=20; audit probe code and its own acc_at_k scorer,c14a07adb394,113851
runs/probes/zbase_re2-ss_len10.json,merged_runs,zbase,re2-ss,len10,simple_metrics.csv,"auditstack openrca_eval (A paper), rcaeval_repo@497505b",$CONDA_ENVS/auditstack/bin/python,2026-09-27T15:22:52.394551+00:00,90,90/90,0.8444,,,,diagnostic,length_min=10; audit probe code and its own acc_at_k scorer,fcab0f902166,62383
runs/probes/zbase_re2-ss_len20.json,merged_runs,zbase,re2-ss,len20,simple_metrics.csv,"auditstack openrca_eval (A paper), rcaeval_repo@497505b",$CONDA_ENVS/auditstack/bin/python,2026-09-27T15:22:52.555756+00:00,90,90/90,0.8444,,,,valid,length_min=20; audit probe code and its own acc_at_k scorer,f1fd74234ffa,62552
runs/probes/zbase_re2-ss_metricscsv_len20.json,merged_runs,zbase,re2-ss,len20,metrics.csv,"auditstack openrca_eval (A paper), rcaeval_repo@497505b",$CONDA_ENVS/auditstack/bin/python,2026-09-27T15:22:52.506093+00:00,90,90/90,0.5556,,,,diagnostic,length_min=20; audit probe code and its own acc_at_k scorer,84af5683e0b1,98838
runs/probes/zbase_re2-tt_len10.json,merged_runs,zbase,re2-tt,len10,simple_metrics.csv,"auditstack openrca_eval (A paper), rcaeval_repo@497505b",$CONDA_ENVS/auditstack/bin/python,2026-09-27T15:22:52.362437+00:00,90,90/90,0.3111,,,,diagnostic,length_min=10; audit probe code and its own acc_at_k scorer,4462510629c9,85332
runs/probes/zbase_re2-tt_len20.json,merged_runs,zbase,re2-tt,len20,simple_metrics.csv,"auditstack openrca_eval (A paper), rcaeval_repo@497505b",$CONDA_ENVS/auditstack/bin/python,2026-09-27T15:22:52.407431+00:00,90,90/90,0.4111,,,,valid,length_min=20; audit probe code and its own acc_at_k scorer,fd099443acc4,85612
runs/probes/zbase_re2-tt_metricscsv_len20.json,merged_runs,zbase,re2-tt,len20,metrics.csv,"auditstack openrca_eval (A paper), rcaeval_repo@497505b",$CONDA_ENVS/auditstack/bin/python,2026-09-27T15:22:52.282956+00:00,90,90/90,0.2222,,,,diagnostic,length_min=20; audit probe code and its own acc_at_k scorer,b45feabef72e,119261
runs/rcd/rcd_re1-ob_seed0.json,merged_runs,rcd,re1-ob,seed0,data.csv,rcaeval_repo@497505b,$CONDA_ENVS/rcaeval_rcd/bin/python,2026-09-27T12:16:43.974540+00:00,125,125/125,0.536,,,,valid,seed=0; RCAEval -db fold scoring,fca546e38a15,62039
runs/rcd/rcd_re1-ob_seed1.json,merged_runs,rcd,re1-ob,seed1,data.csv,rcaeval_repo@497505b,$CONDA_ENVS/rcaeval_rcd/bin/python,2026-09-27T12:31:05.818467+00:00,125,125/125,0.568,,,,valid,seed=1; RCAEval -db fold scoring,6eb693a63167,62277
runs/rcd/rcd_re1-ob_seed2.json,merged_runs,rcd,re1-ob,seed2,data.csv,rcaeval_repo@497505b,$CONDA_ENVS/rcaeval_rcd/bin/python,2026-09-27T12:45:33.313129+00:00,125,125/125,0.536,,,,valid,seed=2; RCAEval -db fold scoring,9511d76ccb84,62174
runs/rcd/rcd_re1-ss_datacsv_seed0.json,merged_runs,rcd,re1-ss,seed0,data.csv,rcaeval_repo@497505b,$CONDA_ENVS/rcaeval_rcd/bin/python,2026-09-27T13:02:16.107775+00:00,125,125/125,0.296,,,,contaminated,seed=0; RCAEval -db fold scoring,69f3599aa74f,80005
runs/rcd/rcd_re1-ss_datacsv_seed1.json,merged_runs,rcd,re1-ss,seed1,data.csv,rcaeval_repo@497505b,$CONDA_ENVS/rcaeval_rcd/bin/python,2026-09-27T15:02:38.625272+00:00,125,125/125,0.32,,,,contaminated,seed=1; RCAEval -db fold scoring,5106471ef692,76727
runs/rcd/rcd_re1-ss_datacsv_seed2.json,merged_runs,rcd,re1-ss,seed2,data.csv,rcaeval_repo@497505b,$CONDA_ENVS/rcaeval_rcd/bin/python,2026-09-27T17:07:24.500277+00:00,125,125/125,0.272,,,,contaminated,seed=2; RCAEval -db fold scoring,bb1eaab81cfb,77789
runs/rcd/rcd_re1-ss_seed0.json,merged_runs,rcd,re1-ss,seed0,simple_data.csv,rcaeval_repo@497505b,$CONDA_ENVS/rcaeval_rcd/bin/python,2026-09-27T12:20:26.405570+00:00,125,125/125,0.376,,,,valid,seed=0; RCAEval -db fold scoring,74f46b02eaef,47543
runs/rcd/rcd_re1-ss_seed1.json,merged_runs,rcd,re1-ss,seed1,simple_data.csv,rcaeval_repo@497505b,$CONDA_ENVS/rcaeval_rcd/bin/python,2026-09-27T12:34:46.372091+00:00,125,125/125,0.384,,,,valid,seed=1; RCAEval -db fold scoring,36d25e6dca8b,47774
runs/rcd/rcd_re1-ss_seed2.json,merged_runs,rcd,re1-ss,seed2,simple_data.csv,rcaeval_repo@497505b,$CONDA_ENVS/rcaeval_rcd/bin/python,2026-09-27T12:49:05.709851+00:00,125,125/125,0.408,,,,valid,seed=2; RCAEval -db fold scoring,4965df842956,46769
runs/rcd/rcd_re1-tt_datacsv_seed0.json,merged_runs,rcd,re1-tt,seed0,data.csv,rcaeval_repo@497505b,$CONDA_ENVS/rcaeval_rcd/bin/python,2026-09-27T13:27:49.104451+00:00,125,125/125,0.08,,,,contaminated,seed=0; RCAEval -db fold scoring,811c00608dfc,78763
runs/rcd/rcd_re1-tt_datacsv_seed1.json,merged_runs,rcd,re1-tt,seed1,data.csv,rcaeval_repo@497505b,$CONDA_ENVS/rcaeval_rcd/bin/python,2026-09-27T15:26:25.744737+00:00,125,125/125,0.088,,,,contaminated,seed=1; RCAEval -db fold scoring,85d34e6d3bfc,77807
runs/rcd/rcd_re1-tt_datacsv_seed2.json,merged_runs,rcd,re1-tt,seed2,data.csv,rcaeval_repo@497505b,$CONDA_ENVS/rcaeval_rcd/bin/python,2026-09-27T17:28:51.063049+00:00,125,125/125,0.104,,,,contaminated,seed=2; RCAEval -db fold scoring,02e499543ec6,75998
runs/rcd/rcd_re1-tt_seed0.json,merged_runs,rcd,re1-tt,seed0,simple_data.csv,rcaeval_repo@497505b,$CONDA_ENVS/rcaeval_rcd/bin/python,2026-09-27T12:22:01.283363+00:00,125,125/125,0.072,,,,valid,seed=0; RCAEval -db fold scoring,916189542a34,57445
runs/rcd/rcd_re1-tt_seed1.json,merged_runs,rcd,re1-tt,seed1,simple_data.csv,rcaeval_repo@497505b,$CONDA_ENVS/rcaeval_rcd/bin/python,2026-09-27T12:36:16.809281+00:00,125,125/125,0.08,,,,valid,seed=1; RCAEval -db fold scoring,992b9d36c938,58090
runs/rcd/rcd_re1-tt_seed2.json,merged_runs,rcd,re1-tt,seed2,simple_data.csv,rcaeval_repo@497505b,$CONDA_ENVS/rcaeval_rcd/bin/python,2026-09-27T12:50:40.833241+00:00,125,125/125,0.112,,,,valid,seed=2; RCAEval -db fold scoring,f7a6a3218b5e,56172
runs/re1ob_timefix/alertcount_re1-ob_len20_timefix.json,merged_runs,alertcount,re1-ob,len20,data.csv,"auditstack openrca_eval (A paper), rcaeval_repo@497505b",$CONDA_ENVS/auditstack/bin/python,2026-09-29T18:05:37.468740+00:00,125,125/125,0.392,,,,valid,length_min=20; mm_dataset_name=None; RCAEval -db fold scoring,1076e529f3e3,103205
runs/re1ob_timefix/baro_re1-ob_len20_timefix.json,merged_runs,baro,re1-ob,len20,data.csv,rcaeval_repo@497505b,$CONDA_ENVS/auditstack/bin/python,2026-09-29T18:05:19.477795+00:00,125,125/125,0.736,,,,valid,length_min=20; mm_dataset_name=None; RCAEval -db fold scoring,e8d080759dd0,101294
runs/re1ob_timefix/cd1min_re1-ob_len20_timefix.json,merged_runs,cd1min,re1-ob,len20,data.csv,"auditstack openrca_eval (A paper), rcaeval_repo@497505b",$CONDA_ENVS/auditstack/bin/python,2026-09-29T18:05:44.510330+00:00,125,125/125,0.728,,,,valid,length_min=20; mm_dataset_name=None; RCAEval -db fold scoring,0612ecd98bf1,68401
runs/re1ob_timefix/circa_re1-ob_timefix.json,merged_runs,circa,re1-ob,len20,data.csv,rcaeval_repo@497505b,$CONDA_ENVS/ts/bin/python,2026-09-29T18:05:18.796015+00:00,125,125/125,0.68,,,,valid,length_min=20; mm_dataset_name=None; RCAEval -db fold scoring,8911ae171857,101965
runs/re1ob_timefix/e_diagnosis_re1-ob_timefix.json,merged_runs,e_diagnosis,re1-ob,len20,data.csv,rcaeval_repo@497505b,$CONDA_ENVS/ts/bin/python,2026-09-29T18:14:38.462837+00:00,125,125/125,0.032,,,,valid,length_min=20; mm_dataset_name=None; RCAEval -db fold scoring,ac251489ca91,43694
runs/re1ob_timefix/rcd_re1-ob_seed0_timefix.json,merged_runs,rcd,re1-ob,seed0,data.csv,rcaeval_repo@497505b,$CONDA_ENVS/rcaeval_rcd/bin/python,2026-09-29T18:05:17.535586+00:00,125,125/125,0.528,,,,valid,seed=0; RCAEval -db fold scoring,ee46140362e4,62294
runs/re1ob_timefix/rcd_re1-ob_seed1_timefix.json,merged_runs,rcd,re1-ob,seed1,data.csv,rcaeval_repo@497505b,$CONDA_ENVS/rcaeval_rcd/bin/python,2026-09-29T18:09:57.413411+00:00,125,125/125,0.568,,,,valid,seed=1; RCAEval -db fold scoring,b1afe89823fa,62516
runs/re1ob_timefix/rcd_re1-ob_seed2_timefix.json,merged_runs,rcd,re1-ob,seed2,data.csv,rcaeval_repo@497505b,$CONDA_ENVS/rcaeval_rcd/bin/python,2026-09-29T18:14:41.777070+00:00,125,125/125,0.528,,,,valid,seed=2; RCAEval -db fold scoring,22e3d992590f,63245
runs/re1ob_timefix/zbase_re1-ob_len20_timefix.json,merged_runs,zbase,re1-ob,len20,data.csv,"auditstack openrca_eval (A paper), rcaeval_repo@497505b",$CONDA_ENVS/auditstack/bin/python,2026-09-29T18:05:30.538987+00:00,125,125/125,0.504,,,,valid,length_min=20; mm_dataset_name=None; RCAEval -db fold scoring,18ce563f81a7,103992
runs/re2/circa_re2-ob_len10.json,merged_runs,circa,re2-ob,len10,simple_metrics.csv,rcaeval_repo@497505b,$CONDA_ENVS/auditstack/bin/python,2026-09-27T12:56:11.088735+00:00,90,90/90,0.7333,,,,diagnostic,length_min=10; mm_dataset_name=None; RCAEval -db fold scoring,9049010dc7ed,160993
runs/re2/circa_re2-ob_len20.json,merged_runs,circa,re2-ob,len20,simple_metrics.csv,rcaeval_repo@497505b,$CONDA_ENVS/auditstack/bin/python,2026-09-27T12:54:11.218941+00:00,90,90/90,0.6667,,,,valid,length_min=20; mm_dataset_name=None; RCAEval -db fold scoring,387acdee1851,161361
runs/re2/circa_re2-ss_len10.json,merged_runs,circa,re2-ss,len10,simple_metrics.csv,rcaeval_repo@497505b,$CONDA_ENVS/auditstack/bin/python,2026-09-27T13:00:52.737890+00:00,90,90/90,0.8,,,,diagnostic,length_min=10; mm_dataset_name=None; RCAEval -db fold scoring,6a43969e104f,134430
runs/re2/circa_re2-ss_len20.json,merged_runs,circa,re2-ss,len20,simple_metrics.csv,rcaeval_repo@497505b,$CONDA_ENVS/auditstack/bin/python,2026-09-27T12:57:39.628230+00:00,90,90/90,0.7778,,,,valid,length_min=20; mm_dataset_name=None; RCAEval -db fold scoring,5ebf2a2ff8be,134372
runs/re2/circa_re2-tt_len20.json,merged_runs,circa,re2-tt,len20,simple_metrics.csv,rcaeval_repo@497505b,$CONDA_ENVS/auditstack/bin/python,2026-09-27T13:42:09.904616+00:00,90,90/90,0.5444,,,,valid,length_min=20; mm_dataset_name=None; RCAEval -db fold scoring,43d54bf680e1,190274
runs/re2/microrank_re2-ob.json,merged_runs,microrank,re2-ob,len20,traces.csv,rcaeval_repo@497505b,$CONDA_ENVS/auditstack/bin/python,2026-09-27T13:02:47.803561+00:00,90,90/90,0.0,,,,valid,length_min=20; mm_dataset_name=None; RCAEval -db fold scoring,c05a44d8d884,71855
runs/re2/microrank_re2-tt.json,merged_runs,microrank,re2-tt,len20,traces.csv,rcaeval_repo@497505b,$CONDA_ENVS/auditstack/bin/python,2026-09-27T13:27:55.051985+00:00,90,73/90,0.1222,,,,valid,length_min=20; mm_dataset_name=None; RCAEval -db fold scoring,a264ad87c3ad,109675
runs/re2/mmbaro_re2-ob_name-mm.json,merged_runs,mmbaro,re2-ob,len20,"simple_metrics.csv + logts.csv + tracets_{lat,err}.csv",rcaeval_repo@497505b,$CONDA_ENVS/auditstack/bin/python,2026-09-27T12:51:40.664609+00:00,90,90/90,0.1667,,,,valid,length_min=20; mm_dataset_name=mm-ob; RCAEval -db fold scoring,bdbad83ce3fe,168339
runs/re2/mmbaro_re2-ob_name-mm_metricscsv.json,merged_runs,mmbaro,re2-ob,len20,"metrics.csv + logts.csv + tracets_{lat,err}.csv",rcaeval_repo@497505b,$CONDA_ENVS/auditstack/bin/python,2026-09-27T12:51:44.027010+00:00,90,90/90,0.2333,,,,diagnostic,length_min=20; mm_dataset_name=mm-ob; RCAEval -db fold scoring,5f2619bf8c49,263694
runs/re2/mmbaro_re2-ob_name-re2.json,merged_runs,mmbaro,re2-ob,len20,"simple_metrics.csv + logts.csv + tracets_{lat,err}.csv",rcaeval_repo@497505b,$CONDA_ENVS/auditstack/bin/python,2026-09-27T12:51:36.384937+00:00,90,90/90,0.1667,,,,diagnostic,length_min=20; mm_dataset_name=None; RCAEval -db fold scoring,9a18358e59c5,158740
runs/re2/mmbaro_re2-ss_name-mm.json,merged_runs,mmbaro,re2-ss,len20,"simple_metrics.csv + logts.csv + tracets_{lat,err}.csv",rcaeval_repo@497505b,$CONDA_ENVS/auditstack/bin/python,2026-09-27T12:51:54.795174+00:00,90,90/90,0.0667,,,,valid,length_min=20; mm_dataset_name=mm-ss; RCAEval -db fold scoring,fd7de84e8c43,128506
runs/re2/mmbaro_re2-ss_name-mm_metricscsv.json,merged_runs,mmbaro,re2-ss,len20,"metrics.csv + logts.csv + tracets_{lat,err}.csv",rcaeval_repo@497505b,$CONDA_ENVS/auditstack/bin/python,2026-09-27T12:51:58.185180+00:00,90,90/90,0.2667,,,,diagnostic,length_min=20; mm_dataset_name=mm-ss; RCAEval -db fold scoring,f7b767dd657e,241403
runs/re2/mmbaro_re2-ss_name-re2.json,merged_runs,mmbaro,re2-ss,len20,"simple_metrics.csv + logts.csv + tracets_{lat,err}.csv",rcaeval_repo@497505b,$CONDA_ENVS/auditstack/bin/python,2026-09-27T12:51:51.434206+00:00,90,90/90,0.0667,,,,diagnostic,length_min=20; mm_dataset_name=None; RCAEval -db fold scoring,a71ac9fbf404,128461
runs/re2/mmbaro_re2-tt_name-mm.json,merged_runs,mmbaro,re2-tt,len20,"simple_metrics.csv + logts.csv + tracets_{lat,err}.csv",rcaeval_repo@497505b,$CONDA_ENVS/auditstack/bin/python,2026-09-27T12:52:14.317953+00:00,90,89/90,0.6889,,,,valid,length_min=20; mm_dataset_name=mm-tt; RCAEval -db fold scoring,6b3d360f6cf9,201892
runs/re2/mmbaro_re2-tt_name-mm_metricscsv.json,merged_runs,mmbaro,re2-tt,len20,"metrics.csv + logts.csv + tracets_{lat,err}.csv",rcaeval_repo@497505b,$CONDA_ENVS/auditstack/bin/python,2026-09-27T12:52:22.946985+00:00,90,89/90,0.1444,,,,diagnostic,length_min=20; mm_dataset_name=mm-tt; RCAEval -db fold scoring,927bef1be9b8,287888
runs/re2/mmbaro_re2-tt_name-re2.json,merged_runs,mmbaro,re2-tt,len20,"simple_metrics.csv + logts.csv + tracets_{lat,err}.csv",rcaeval_repo@497505b,$CONDA_ENVS/auditstack/bin/python,2026-09-27T12:52:06.076271+00:00,90,89/90,0.6778,,,,diagnostic,length_min=20; mm_dataset_name=None; RCAEval -db fold scoring,cd8cdb0129ed,191462
runs/re2/tracerca_re2-ob.json,merged_runs,tracerca,re2-ob,len20,traces.csv,rcaeval_repo@497505b,$CONDA_ENVS/auditstack/bin/python,2026-09-27T12:52:44.686995+00:00,90,90/90,0.1,,,,valid,length_min=20; mm_dataset_name=None; RCAEval -db fold scoring,4f015e3bbf44,148007
runs/re2/tracerca_re2-tt.json,merged_runs,tracerca,re2-tt,len20,traces.csv,rcaeval_repo@497505b,$CONDA_ENVS/auditstack/bin/python,2026-09-27T12:53:10.255919+00:00,90,73/90,0.5333,,,,valid,length_min=20; mm_dataset_name=None; RCAEval -db fold scoring,3efa02f6f840,273957
runs/simplerca_author/baro_author-re3ssbranch_re3_ss.json,merged_runs,baro-author-repo,rcaeval_re3_ss,author_re3ss:7f7f295,simple_metrics.csv + traces.csv + logs.csv,author_re3ss:7f7f295,$CONDA_ENVS/simplerca/bin/python,2026-09-27T12:17:42.361100+00:00,30,30/30,0.0,,,,valid,converter=rcabench_platform==0.3.27 sources/rcaeval.py (verbatim); exact-match scoring (platform rule),e381240bbf19,175655
runs/simplerca_author/baro_author_re1_ob_win20.json,merged_runs,baro-author-repo,rcaeval_re1_ob,author_rcaeval:5fd1f7f,data.csv (window=20),author_rcaeval:5fd1f7f,$CONDA_ENVS/simplerca/bin/python,2026-09-27T12:19:21.404522+00:00,125,125/125,0.776,,,,valid,converter=rcabench_platform==0.3.27 sources/rcaeval.py (verbatim); exact-match scoring (platform rule),f9020fbd487f,651343
runs/simplerca_author/baro_author_re1_ob_winfull.json,merged_runs,baro-author-repo,rcaeval_re1_ob,author_rcaeval:5fd1f7f,data.csv (window=full),author_rcaeval:5fd1f7f,$CONDA_ENVS/simplerca/bin/python,2026-09-27T12:19:29.789995+00:00,125,125/125,0.728,,,,diagnostic,converter=rcabench_platform==0.3.27 sources/rcaeval.py (verbatim); exact-match scoring (platform rule),3d5a69cb7c28,652394
runs/simplerca_author/baro_author_re1_ss_win20.json,merged_runs,baro-author-repo,rcaeval_re1_ss,author_rcaeval:5fd1f7f,simple_data.csv (window=20),author_rcaeval:5fd1f7f,$CONDA_ENVS/simplerca/bin/python,2026-09-27T12:19:37.520961+00:00,125,125/125,0.368,,,,valid,converter=rcabench_platform==0.3.27 sources/rcaeval.py (verbatim); exact-match scoring (platform rule),c4f09ca3020f,700962
runs/simplerca_author/baro_author_re1_ss_winfull.json,merged_runs,baro-author-repo,rcaeval_re1_ss,author_rcaeval:5fd1f7f,simple_data.csv (window=full),author_rcaeval:5fd1f7f,$CONDA_ENVS/simplerca/bin/python,2026-09-27T12:19:44.732285+00:00,125,125/125,0.368,,,,diagnostic,converter=rcabench_platform==0.3.27 sources/rcaeval.py (verbatim); exact-match scoring (platform rule),a607650386af,700978
runs/simplerca_author/baro_author_re1_tt_win20.json,merged_runs,baro-author-repo,rcaeval_re1_tt,author_rcaeval:5fd1f7f,simple_data.csv (window=20),author_rcaeval:5fd1f7f,$CONDA_ENVS/simplerca/bin/python,2026-09-27T12:20:00.402648+00:00,125,125/125,0.464,,,,valid,converter=rcabench_platform==0.3.27 sources/rcaeval.py (verbatim); exact-match scoring (platform rule),e2d68c9dae6b,2552819
runs/simplerca_author/baro_author_re1_tt_winfull.json,merged_runs,baro-author-repo,rcaeval_re1_tt,author_rcaeval:5fd1f7f,simple_data.csv (window=full),author_rcaeval:5fd1f7f,$CONDA_ENVS/simplerca/bin/python,2026-09-27T12:20:21.043369+00:00,125,125/125,0.464,,,,diagnostic,converter=rcabench_platform==0.3.27 sources/rcaeval.py (verbatim); exact-match scoring (platform rule),b77ac0ae068d,2552819
runs/simplerca_author/baro_author_re2_ob.json,merged_runs,baro-author-repo,rcaeval_re2_ob,author_rcaeval:5fd1f7f,simple_metrics.csv + traces.csv + logs.csv,author_rcaeval:5fd1f7f,$CONDA_ENVS/simplerca/bin/python,2026-09-27T12:11:53.010650+00:00,90,90/90,0.144444,,,,valid,converter=rcabench_platform==0.3.27 sources/rcaeval.py (verbatim); exact-match scoring (platform rule),18b36c706f65,506271
runs/simplerca_author/baro_author_re2_ss.json,merged_runs,baro-author-repo,rcaeval_re2_ss,author_rcaeval:5fd1f7f,simple_metrics.csv + traces.csv + logs.csv,author_rcaeval:5fd1f7f,$CONDA_ENVS/simplerca/bin/python,2026-09-27T12:12:47.486915+00:00,90,90/90,0.144444,,,,valid,converter=rcabench_platform==0.3.27 sources/rcaeval.py (verbatim); exact-match scoring (platform rule),88da6242bb13,648706
runs/simplerca_author/baro_author_re2_tt.json,merged_runs,baro-author-repo,rcaeval_re2_tt,author_rcaeval:5fd1f7f,simple_metrics.csv + traces.csv + logs.csv,author_rcaeval:5fd1f7f,$CONDA_ENVS/simplerca/bin/python,2026-09-27T12:13:06.669278+00:00,90,90/90,0.666667,,,,valid,converter=rcabench_platform==0.3.27 sources/rcaeval.py (verbatim); exact-match scoring (platform rule),d299a57db412,2885930
runs/simplerca_author/baro_author_re3_ob.json,merged_runs,baro-author-repo,rcaeval_re3_ob,author_rcaeval:5fd1f7f,simple_metrics.csv + traces.csv + logs.csv,author_rcaeval:5fd1f7f,$CONDA_ENVS/simplerca/bin/python,2026-09-27T12:16:41.155408+00:00,30,30/30,0.0,,,,valid,converter=rcabench_platform==0.3.27 sources/rcaeval.py (verbatim); exact-match scoring (platform rule),8df277b094e2,169049
runs/simplerca_author/baro_author_re3_ss.json,merged_runs,baro-author-repo,rcaeval_re3_ss,author_rcaeval:5fd1f7f,simple_metrics.csv + traces.csv + logs.csv,author_rcaeval:5fd1f7f,$CONDA_ENVS/simplerca/bin/python,2026-09-27T12:16:58.050585+00:00,30,30/30,0.2,,,,diagnostic,converter=rcabench_platform==0.3.27 sources/rcaeval.py (verbatim); exact-match scoring (platform rule),a2aa28a14476,235670
runs/simplerca_author/baro_author_re3_tt.json,merged_runs,baro-author-repo,rcaeval_re3_tt,author_rcaeval:5fd1f7f,simple_metrics.csv + traces.csv + logs.csv,author_rcaeval:5fd1f7f,$CONDA_ENVS/simplerca/bin/python,2026-09-27T12:17:07.764024+00:00,30,30/30,0.5,,,,valid,converter=rcabench_platform==0.3.27 sources/rcaeval.py (verbatim); exact-match scoring (platform rule),9b8935bf660e,812594
runs/simplerca_author/barodk_author_rcaeval_re3_ss.json,merged_runs,baro-author-repo-dk_select_useful,rcaeval_re3_ss,author_rcaeval:5fd1f7f,simple_metrics.csv + traces.csv + logs.csv,author_rcaeval:5fd1f7f,$CONDA_ENVS/simplerca/bin/python,2026-09-27T12:18:37.860905+00:00,30,30/30,0.2,,,,diagnostic,converter=rcabench_platform==0.3.27 sources/rcaeval.py (verbatim); exact-match scoring (platform rule),1fcfb3617a36,235749
runs/simplerca_author/barodk_author_re3ss_re3_ss.json,merged_runs,baro-author-repo-dk_select_useful,rcaeval_re3_ss,author_re3ss:7f7f295,simple_metrics.csv + traces.csv + logs.csv,author_re3ss:7f7f295,$CONDA_ENVS/simplerca/bin/python,2026-09-27T12:18:34.455312+00:00,30,28/30,0.766667,,,,diagnostic,converter=rcabench_platform==0.3.27 sources/rcaeval.py (verbatim); exact-match scoring (platform rule),997532a33021,16179
runs/simplerca_author/simplerca_author-re3ssbranch_re3_ss.json,merged_runs,simplerca-author:simplerca,rcaeval_re3_ss,author_re3ss:7f7f295,simple_metrics.csv + traces.csv + logs.csv,author_re3ss:7f7f295,$CONDA_ENVS/simplerca/bin/python,2026-09-27T12:17:39.464126+00:00,30,30/30,0.833333,,,,valid,converter=rcabench_platform==0.3.27 sources/rcaeval.py (verbatim); exact-match scoring (platform rule),62df06343aea,21215
runs/simplerca_author/simplerca_author_nologs_re2_ob.json,merged_runs,simplerca-author:simplerca,rcaeval_re2_ob,author_rcaeval:5fd1f7f,simple_metrics.csv + traces.csv + logs.csv (logs dropped),author_rcaeval:5fd1f7f,$CONDA_ENVS/simplerca/bin/python,2026-09-27T12:12:30.151168+00:00,90,90/90,0.444444,,,,diagnostic,converter=rcabench_platform==0.3.27 sources/rcaeval.py (verbatim); exact-match scoring (platform rule),cef079f5432c,113627
runs/simplerca_author/simplerca_author_nologs_re2_ss.json,merged_runs,simplerca-author:simplerca,rcaeval_re2_ss,author_rcaeval:5fd1f7f,simple_metrics.csv + traces.csv + logs.csv (logs dropped),author_rcaeval:5fd1f7f,$CONDA_ENVS/simplerca/bin/python,2026-09-27T12:13:03.341264+00:00,90,90/90,0.144444,,,,diagnostic,converter=rcabench_platform==0.3.27 sources/rcaeval.py (verbatim); exact-match scoring (platform rule),bc17b7c2c76d,101738
runs/simplerca_author/simplerca_author_nologs_re2_tt.json,merged_runs,simplerca-author:simplerca,rcaeval_re2_tt,author_rcaeval:5fd1f7f,simple_metrics.csv + traces.csv + logs.csv (logs dropped),author_rcaeval:5fd1f7f,$CONDA_ENVS/simplerca/bin/python,2026-09-27T12:15:34.537573+00:00,90,90/90,0.833333,,,,diagnostic,converter=rcabench_platform==0.3.27 sources/rcaeval.py (verbatim); exact-match scoring (platform rule),a58b81f2d0d1,123848
runs/simplerca_author/simplerca_author_nologs_re3_ob.json,merged_runs,simplerca-author:simplerca,rcaeval_re3_ob,author_rcaeval:5fd1f7f,simple_metrics.csv + traces.csv + logs.csv (logs dropped),author_rcaeval:5fd1f7f,$CONDA_ENVS/simplerca/bin/python,2026-09-27T12:16:53.405611+00:00,30,30/30,0.0,,,,diagnostic,converter=rcabench_platform==0.3.27 sources/rcaeval.py (verbatim); exact-match scoring (platform rule),e83fe0f954d8,37822
runs/simplerca_author/simplerca_author_nologs_re3_ss.json,merged_runs,simplerca-author:simplerca,rcaeval_re3_ss,author_rcaeval:5fd1f7f,simple_metrics.csv + traces.csv + logs.csv (logs dropped),author_rcaeval:5fd1f7f,$CONDA_ENVS/simplerca/bin/python,2026-09-27T12:17:05.457612+00:00,30,30/30,0.2,,,,diagnostic,converter=rcabench_platform==0.3.27 sources/rcaeval.py (verbatim); exact-match scoring (platform rule),b8916192c923,35657
runs/simplerca_author/simplerca_author_nologs_re3_tt.json,merged_runs,simplerca-author:simplerca,rcaeval_re3_tt,author_rcaeval:5fd1f7f,simple_metrics.csv + traces.csv + logs.csv (logs dropped),author_rcaeval:5fd1f7f,$CONDA_ENVS/simplerca/bin/python,2026-09-27T12:17:28.882000+00:00,30,30/30,0.566667,,,,diagnostic,converter=rcabench_platform==0.3.27 sources/rcaeval.py (verbatim); exact-match scoring (platform rule),9533a0ad5c88,40637
runs/simplerca_author/simplerca_author_re1_ob_win20.json,merged_runs,simplerca-author,rcaeval_re1_ob,author_rcaeval:5fd1f7f,data.csv (window=20),author_rcaeval:5fd1f7f,$CONDA_ENVS/simplerca/bin/python,2026-09-27T12:19:17.095329+00:00,125,125/125,0.784,,,,valid,converter=rcabench_platform==0.3.27 sources/rcaeval.py (verbatim); exact-match scoring (platform rule),68d670c23963,151511
runs/simplerca_author/simplerca_author_re1_ob_winfull.json,merged_runs,simplerca-author,rcaeval_re1_ob,author_rcaeval:5fd1f7f,data.csv (window=full),author_rcaeval:5fd1f7f,$CONDA_ENVS/simplerca/bin/python,2026-09-27T12:19:24.840276+00:00,125,125/125,0.728,,,,diagnostic,converter=rcabench_platform==0.3.27 sources/rcaeval.py (verbatim); exact-match scoring (platform rule),2633ab057e6c,151519
runs/simplerca_author/simplerca_author_re1_ss_win20.json,merged_runs,simplerca-author,rcaeval_re1_ss,author_rcaeval:5fd1f7f,simple_data.csv (window=20),author_rcaeval:5fd1f7f,$CONDA_ENVS/simplerca/bin/python,2026-09-27T12:19:33.486375+00:00,125,125/125,0.368,,,,valid,converter=rcabench_platform==0.3.27 sources/rcaeval.py (verbatim); exact-match scoring (platform rule),a8999a192e70,140072
runs/simplerca_author/simplerca_author_re1_ss_winfull.json,merged_runs,simplerca-author,rcaeval_re1_ss,author_rcaeval:5fd1f7f,simple_data.csv (window=full),author_rcaeval:5fd1f7f,$CONDA_ENVS/simplerca/bin/python,2026-09-27T12:19:40.533924+00:00,125,125/125,0.368,,,,diagnostic,converter=rcabench_platform==0.3.27 sources/rcaeval.py (verbatim); exact-match scoring (platform rule),c26572026526,140090
runs/simplerca_author/simplerca_author_re1_tt_win20.json,merged_runs,simplerca-author,rcaeval_re1_tt,author_rcaeval:5fd1f7f,simple_data.csv (window=20),author_rcaeval:5fd1f7f,$CONDA_ENVS/simplerca/bin/python,2026-09-27T12:19:47.712421+00:00,125,125/125,0.568,,,,valid,converter=rcabench_platform==0.3.27 sources/rcaeval.py (verbatim); exact-match scoring (platform rule),6079dcab246e,158523
runs/simplerca_author/simplerca_author_re1_tt_winfull.json,merged_runs,simplerca-author,rcaeval_re1_tt,author_rcaeval:5fd1f7f,simple_data.csv (window=full),author_rcaeval:5fd1f7f,$CONDA_ENVS/simplerca/bin/python,2026-09-27T12:20:09.297345+00:00,125,125/125,0.568,,,,diagnostic,converter=rcabench_platform==0.3.27 sources/rcaeval.py (verbatim); exact-match scoring (platform rule),6b67cfa9e9b6,158540
runs/simplerca_author/simplerca_author_re2_ob.json,merged_runs,simplerca-author:simplerca,rcaeval_re2_ob,author_rcaeval:5fd1f7f,simple_metrics.csv + traces.csv + logs.csv,author_rcaeval:5fd1f7f,$CONDA_ENVS/simplerca/bin/python,2026-09-27T12:12:10.759270+00:00,90,90/90,0.466667,,,,valid,converter=rcabench_platform==0.3.27 sources/rcaeval.py (verbatim); exact-match scoring (platform rule),2a37d3c75689,114771
runs/simplerca_author/simplerca_author_re2_ss.json,merged_runs,simplerca-author:simplerca,rcaeval_re2_ss,author_rcaeval:5fd1f7f,simple_metrics.csv + traces.csv + logs.csv,author_rcaeval:5fd1f7f,$CONDA_ENVS/simplerca/bin/python,2026-09-27T12:12:57.409923+00:00,90,90/90,0.244444,,,,valid,converter=rcabench_platform==0.3.27 sources/rcaeval.py (verbatim); exact-match scoring (platform rule),a6da4e68d993,105128
runs/simplerca_author/simplerca_author_re2_tt.json,merged_runs,simplerca-author:simplerca,rcaeval_re2_tt,author_rcaeval:5fd1f7f,simple_metrics.csv + traces.csv + logs.csv,author_rcaeval:5fd1f7f,$CONDA_ENVS/simplerca/bin/python,2026-09-27T12:14:14.911814+00:00,90,90/90,0.8,,,,valid,converter=rcabench_platform==0.3.27 sources/rcaeval.py (verbatim); exact-match scoring (platform rule),84dc1d2459c8,129231
runs/simplerca_author/simplerca_author_re3_ob.json,merged_runs,simplerca-author:simplerca,rcaeval_re3_ob,author_rcaeval:5fd1f7f,simple_metrics.csv + traces.csv + logs.csv,author_rcaeval:5fd1f7f,$CONDA_ENVS/simplerca/bin/python,2026-09-27T12:16:48.306668+00:00,30,30/30,0.3,,,,valid,converter=rcabench_platform==0.3.27 sources/rcaeval.py (verbatim); exact-match scoring (platform rule),39706c25fcfa,39159
runs/simplerca_author/simplerca_author_re3_ss.json,merged_runs,simplerca-author:simplerca,rcaeval_re3_ss,author_rcaeval:5fd1f7f,simple_metrics.csv + traces.csv + logs.csv,author_rcaeval:5fd1f7f,$CONDA_ENVS/simplerca/bin/python,2026-09-27T12:17:02.236028+00:00,30,30/30,0.333333,,,,diagnostic,converter=rcabench_platform==0.3.27 sources/rcaeval.py (verbatim); exact-match scoring (platform rule),15e6145f04e8,36859
runs/simplerca_author/simplerca_author_re3_tt.json,merged_runs,simplerca-author:simplerca,rcaeval_re3_tt,author_rcaeval:5fd1f7f,simple_metrics.csv + traces.csv + logs.csv,author_rcaeval:5fd1f7f,$CONDA_ENVS/simplerca/bin/python,2026-09-27T12:17:16.799547+00:00,30,30/30,0.833333,,,,valid,converter=rcabench_platform==0.3.27 sources/rcaeval.py (verbatim); exact-match scoring (platform rule),2185cc322ebe,43886
runs/simplerca_rewrite/simplerca_rewrite_re1-ob.json,merged_runs,simplerca_rewrite,re1-ob,len20,data.csv,earlier-b snapshot/pre-merge-2026-09-27 (B paper),$CONDA_ENVS/ts/bin/python,2026-09-27T16:09:34.976586+00:00,125,125/125,0.672,,,,valid,length_min=20; mm_dataset_name=None; RCAEval -db fold scoring,7fb9803523a2,53118
runs/simplerca_rewrite/simplerca_rewrite_re1-ss.json,merged_runs,simplerca_rewrite,re1-ss,len20,simple_data.csv,earlier-b snapshot/pre-merge-2026-09-27 (B paper),$CONDA_ENVS/ts/bin/python,2026-09-27T16:09:34.977008+00:00,125,125/125,0.728,,,,valid,length_min=20; mm_dataset_name=None; RCAEval -db fold scoring,fad549aebaf0,44595
runs/simplerca_rewrite/simplerca_rewrite_re1-tt.json,merged_runs,simplerca_rewrite,re1-tt,len20,simple_data.csv,earlier-b snapshot/pre-merge-2026-09-27 (B paper),$CONDA_ENVS/ts/bin/python,2026-09-27T16:09:34.977712+00:00,125,125/125,0.512,,,,valid,length_min=20; mm_dataset_name=None; RCAEval -db fold scoring,a082d4cf8fea,60349
